customer_id,customer_name,email,country,signup_date,customer_segment,lifetime_value
1,Brenda Levy,zcoffey@example.net,MM,2022-10-16,Basic,12390.52
2,James Baker,gibsonemily@example.net,IN,2021-11-11,Basic,16783.56
3,Samantha Bentley,leonardthomas@example.net,TJ,2023-11-19,Standard,17407.71
4,Leonard Holland,tblankenship@example.net,NE,2022-07-31,Premium,7497.21
5,Andrew Johnson,pwilson@example.net,CR,2020-01-24,Basic,11837.97
6,Jacob Avery,umatthews@example.org,NI,2020-07-12,Standard,21438.53
7,Sandra Gilbert,antonio53@example.com,PA,2019-08-15,Standard,22868.53
8,Savannah Garcia,amy50@example.com,IS,2024-04-22,Standard,24194.65
9,Bryan Charles,ndavis@example.net,DZ,2024-04-01,Basic,3352.32
10,Alison Buchanan,vanessabuchanan@example.org,BJ,2020-09-21,Standard,5083.42
11,Kristen Willis,markhernandez@example.net,AD,2018-11-20,Standard,21178.33
12,William Huerta,lauren10@example.org,AL,2019-01-14,Basic,18114.62
13,Richard Chapman,thompsonbrian@example.net,NL,2020-02-20,Premium,6711.54
14,Nichole Alvarez,william17@example.net,GN,2024-10-13,Basic,988.69
15,Amanda Logan,stephen00@example.com,MZ,2018-10-26,Premium,20116.27
16,Brian Joseph,fjones@example.com,UZ,2024-08-03,Basic,16786.26
17,Cameron Weber,oscar98@example.com,PH,2020-06-07,Standard,5222.23
18,Jessica Mcguire,farrelldebra@example.net,WS,2021-09-25,Standard,23925.49
19,Jessica Beasley,dmorgan@example.com,NI,2018-03-04,Premium,23428.99
20,Emily Edwards,nicholas27@example.org,BW,2019-04-26,Basic,24989.30
21,Anna Davis,lisa80@example.net,TJ,2023-05-16,Premium,17390.66
22,Meagan Jenkins,uparrish@example.org,JO,2020-04-17,Standard,22878.16
23,Heather Lane,ericolson@example.org,MG,2024-03-11,Standard,19387.85
24,Holly Farmer,lindsaybruce@example.net,VE,2022-04-09,Standard,13341.25
25,Kristin Lynch,anthony44@example.com,MG,2022-01-11,Standard,6539.04
26,Sergio Knight,vjones@example.net,AT,2023-10-02,Standard,11650.10
27,Joseph Bennett,xpeterson@example.com,WS,2023-04-08,Standard,22858.26
28,Todd Carlson,moorekaren@example.org,GQ,2022-02-27,Standard,10348.25
29,Jeremy Coleman,nperry@example.net,CI,2024-04-23,Premium,18531.31
30,Brian Gregory,trose@example.org,GN,2018-03-08,Standard,13832.79
31,Kyle Smith,sierra24@example.com,LR,2024-07-20,Basic,18000.30
32,Jonathan Jordan,omarpadilla@example.net,TJ,2021-04-24,Premium,4904.79
33,Renee Jones,grahamsteve@example.org,KW,2020-07-31,Standard,14244.74
34,Laura Mckinney,zroberts@example.org,LR,2020-10-03,Standard,13766.06
35,Travis Stevens,christopher13@example.com,TZ,2021-10-14,Standard,19084.02
36,Blake Harrell,jeffrey21@example.net,ZW,2023-06-25,Basic,16042.36
37,Jordan Bullock,michael23@example.org,CY,2023-07-03,Standard,4205.84
38,Christopher Hernandez,thompsonkendra@example.com,PL,2021-12-13,Premium,3498.96
39,Olivia Cole,michelle52@example.com,BJ,2024-02-17,Standard,4601.19
40,Mark Hogan,bellcharles@example.com,PG,2024-01-30,Basic,23930.92
41,Jacob Mitchell,gilbertwilliam@example.com,TT,2023-11-17,Premium,20976.71
42,Rebecca Huang,kstout@example.net,ET,2018-11-01,Basic,1212.86
43,John Hernandez,hayeslisa@example.com,LC,2018-01-27,Standard,3437.29
44,Matthew Williams,hritter@example.net,VA,2020-08-05,Premium,17679.24
45,Jake Campbell,rschroeder@example.net,BF,2018-02-07,Premium,12643.32
46,Maria Jones,grantpaul@example.com,RS,2022-03-09,Premium,15445.88
47,Tracey Morrison,mathewaguilar@example.org,MG,2024-11-30,Standard,16482.11
48,Matthew Bates,brookehurley@example.com,TJ,2018-03-06,Premium,13305.31
49,Rickey Li,lucasrodney@example.com,AM,2022-08-12,Premium,418.15
50,Christopher Lewis,ilee@example.org,BO,2021-01-30,Basic,24436.98
51,Richard Romero,stanleynancy@example.net,CO,2018-03-12,Basic,20328.93
52,Brittany White,jenniferwilliams@example.com,GD,2022-10-30,Premium,2675.41
53,Tracy Bishop,pyoung@example.com,PW,2019-01-30,Basic,3722.44
54,Cheyenne Gregory,smurray@example.com,SC,2020-02-26,Basic,13161.40
55,Tracy Montoya,moniquewilliams@example.com,MR,2021-12-22,Standard,19873.41
56,Ashley Singleton,mitchellkathryn@example.com,PG,2018-11-20,Standard,23982.44
57,Brittany Kim,lisawilkerson@example.org,NI,2023-02-24,Basic,6080.20
58,Jonathan Young,brooksanthony@example.org,LC,2020-07-14,Standard,17101.04
59,Raven Taylor,samantha72@example.net,PW,2018-11-27,Basic,24791.87
60,Aaron Miller,jason28@example.net,UZ,2018-05-10,Premium,10131.96
61,Ashley Roberts,david36@example.net,VU,2022-03-25,Basic,11900.13
62,Brian Stein,chenbailey@example.net,CV,2018-02-08,Basic,4284.59
63,Aaron Gomez,qlopez@example.org,SL,2023-08-10,Standard,16122.68
64,Andrea Fox,myerstheodore@example.net,MW,2021-09-18,Basic,24433.23
65,Mrs. Alexis Kramer,john19@example.net,TW,2019-01-26,Basic,22978.81
66,Andrew Payne,mariacohen@example.net,QA,2020-07-30,Premium,22531.82
67,Robin Brown,mjohnson@example.org,FR,2024-05-10,Standard,6777.38
68,Emily Collins,ihays@example.com,ID,2018-11-01,Basic,23139.62
69,Matthew Mitchell,glennmartin@example.org,MN,2024-02-03,Basic,16452.73
70,James Gonzales,lmorgan@example.com,MD,2020-01-05,Standard,391.45
71,Tim Stone PhD,mmiller@example.org,ST,2020-04-28,Basic,3604.79
72,Brian Murphy,kirk96@example.org,FM,2022-06-20,Premium,7481.92
73,Jeremy Acosta,christina64@example.net,BG,2024-04-28,Premium,14167.40
74,Mark Cox,stephaniethomas@example.net,GD,2022-05-13,Basic,22413.14
75,Amanda Jones,michael90@example.net,DE,2021-09-20,Standard,18890.23
76,Tiffany Watson,berryalyssa@example.com,KW,2019-07-28,Basic,18104.09
77,Danielle Wilson,victorhughes@example.net,CL,2023-08-14,Basic,24358.08
78,David Griffin,heather73@example.org,CR,2018-08-08,Premium,10927.21
79,Jodi Roach,zosborn@example.net,LB,2018-11-08,Standard,15129.22
80,Michelle Pierce,patricia22@example.com,SE,2024-11-19,Basic,9917.58
81,William Conner,kristyjohnson@example.net,TO,2021-08-29,Premium,15853.07
82,Robert Arnold,jonesraymond@example.net,WS,2023-01-20,Standard,5703.46
83,Jason Ortiz,martinezlogan@example.org,PG,2024-03-15,Standard,10796.20
84,Joseph Anderson,katrinaanderson@example.net,BG,2024-07-27,Basic,9501.82
85,Kelly Torres,marcusfletcher@example.com,SI,2024-12-08,Standard,19951.38
86,Sarah King,david49@example.net,BW,2018-10-29,Premium,6699.30
87,Caroline David,georgeweber@example.net,LU,2022-04-06,Basic,19597.26
88,Kristy Bryan,millerstacy@example.net,IN,2019-09-24,Basic,9740.55
89,Pamela Butler,jimenezcourtney@example.com,BA,2022-01-17,Premium,2288.01
90,Karen Ballard,eevans@example.net,BH,2021-06-16,Standard,8997.94
91,Jason Marshall,catherine55@example.net,LY,2021-01-09,Premium,3312.68
92,Bianca Wood,floressteven@example.com,PG,2020-02-07,Standard,11221.09
93,Brent Roberts,alin@example.org,DJ,2024-03-22,Basic,10201.10
94,Taylor Griffith,kathrynjimenez@example.net,PT,2018-04-18,Premium,8847.86
95,Mr. Alexander Landry MD,jasongomez@example.org,JM,2019-01-17,Basic,14951.09
96,Stephen Pena MD,booneryan@example.com,ZA,2021-08-21,Standard,308.52
97,Jamie Williams,hudsonjames@example.net,JO,2022-08-22,Standard,19479.23
98,Jonathan Duran,marcia99@example.org,CN,2024-04-10,Premium,14299.01
99,Jennifer Norton,angela52@example.org,UY,2019-11-26,Basic,9518.30
100,Kathryn Williams,jenniferbrock@example.net,PH,2019-07-23,Standard,7528.28
101,Steven Taylor,francisco94@example.net,LU,2023-07-13,Premium,1581.68
102,Katrina Burns,thomas05@example.com,GQ,2022-11-16,Standard,10527.56
103,Jason Parker,carlsonjoseph@example.net,TT,2023-06-07,Premium,9028.12
104,Mikayla Silva,alexandriagriffith@example.com,CY,2020-10-07,Basic,15625.84
105,Dana Armstrong,leescott@example.com,CZ,2024-08-29,Basic,4888.71
106,Damon Shaw,vsalas@example.net,BH,2019-03-15,Premium,7616.45
107,Kelly Hoffman,ufox@example.org,PK,2022-06-09,Standard,21040.33
108,Gloria Gomez,chelsea33@example.com,TH,2022-04-06,Standard,11005.57
109,Todd Hendrix,janet75@example.com,MG,2022-10-30,Basic,24355.63
110,Taylor Griffith,david86@example.com,LY,2019-07-12,Standard,8016.63
111,Regina Roberts,stephanie15@example.com,TD,2020-04-02,Standard,7854.58
112,John Harris,sarah42@example.org,VE,2022-06-20,Standard,7286.20
113,Cynthia Williams,danawilliams@example.com,LS,2023-07-05,Basic,19549.36
114,Ashlee Townsend,oconnelltiffany@example.org,NE,2021-08-27,Standard,7007.50
115,Shirley Alvarez,katelynmitchell@example.com,KH,2022-05-29,Standard,2847.20
116,Randy Pearson,amandasharp@example.org,EC,2024-04-28,Premium,14805.68
117,Ryan Peck,osbornrandy@example.com,ER,2024-02-13,Premium,17042.82
118,Tonya Howe,smithashley@example.org,LT,2024-03-03,Premium,23825.12
119,William Daniels,ismall@example.net,PT,2023-03-06,Basic,5241.21
120,Robert Rivera,twong@example.org,AL,2021-04-08,Basic,1728.97
121,Rachel Bradley,gregorychase@example.com,NP,2022-08-03,Basic,12482.58
122,Angie Caldwell,tinawoods@example.org,AF,2021-05-25,Premium,6317.04
123,David Molina,kevin90@example.com,TD,2019-09-24,Basic,10578.20
124,David Contreras,zparker@example.net,SC,2022-03-25,Premium,11226.67
125,Stacy Carrillo,fowlershelia@example.com,VE,2024-09-15,Standard,14556.10
126,Tyler Mendoza,madkins@example.com,NI,2023-12-29,Basic,23087.39
127,Susan Todd,kathleenbecker@example.net,BR,2022-09-10,Basic,919.13
128,Kelsey Cox,brownamy@example.net,FR,2022-01-12,Basic,22387.54
129,Brittany Murphy,nwilson@example.net,TV,2024-01-09,Basic,15954.51
130,Steven Griffin Jr.,williambryant@example.org,TJ,2018-12-15,Premium,19223.85
131,Robert Cummings,ascott@example.net,GM,2021-12-25,Premium,16175.00
132,Amber Cooper,weaverbrian@example.org,PW,2018-07-01,Basic,24590.21
133,Jason Mack,ybrooks@example.com,MT,2022-06-25,Standard,24142.92
134,Michael Stanley,desireebailey@example.org,SO,2022-10-30,Premium,263.69
135,Cameron Irwin,avilatiffany@example.com,GQ,2020-11-25,Premium,12766.91
136,Jessica Gray,johnreed@example.com,ET,2023-10-26,Basic,14512.96
137,Molly Rodriguez,bmendez@example.org,GA,2024-06-14,Premium,11144.46
138,Kirk Griffin,sanchezbradley@example.com,HT,2022-05-22,Standard,19308.56
139,Nicole Parsons,williamroberts@example.net,TR,2024-08-07,Basic,12511.64
140,Kyle Chambers,joel28@example.org,NG,2021-11-13,Premium,12069.28
141,Antonio Fry,conniesimmons@example.com,BE,2021-04-25,Standard,23013.69
142,Teresa Powers,heather62@example.com,MT,2018-12-18,Premium,20782.94
143,Joshua Allen,kevinzimmerman@example.com,BG,2019-08-04,Standard,7797.26
144,Tracy Grant,paulscott@example.com,KH,2023-02-09,Premium,13027.87
145,Jerry Watson,brettbennett@example.net,UY,2021-11-27,Standard,2440.58
146,Benjamin Ballard,timothybooth@example.com,KI,2023-01-28,Standard,1679.36
147,Alexis Giles,burgesskaren@example.org,MC,2018-07-03,Basic,2877.13
148,Christine Herman,kimberly67@example.net,CF,2021-11-06,Basic,2734.07
149,Dennis Hunt,zowens@example.net,PW,2019-11-05,Basic,6097.82
150,Erica Harris,robert93@example.net,CY,2019-12-16,Basic,4003.39
151,Juan Silva,mphillips@example.com,GT,2024-04-12,Standard,23961.57
152,Roy Porter,jonathan77@example.com,DO,2020-08-07,Standard,15744.01
153,Heather Taylor,iwhite@example.net,BH,2020-02-03,Basic,16432.70
154,Sara Jones,duranrobert@example.net,HT,2022-06-09,Premium,18434.71
155,Chris Robinson,nbrooks@example.net,TL,2020-03-19,Standard,14805.08
156,Susan Hopkins,smithandrea@example.org,AM,2022-05-12,Premium,17618.39
157,Denise Madden,shawheidi@example.com,EE,2020-04-22,Standard,18808.14
158,Brent Hernandez,christineking@example.com,IQ,2018-09-14,Basic,2543.80
159,Angela Chung,scunningham@example.org,KG,2024-01-09,Premium,9144.83
160,Sarah Valdez,davisnicholas@example.net,PY,2020-03-18,Standard,2848.87
161,Adam Jackson,pbruce@example.com,TM,2023-06-28,Basic,24147.91
162,Valerie Jacobson,hallrachel@example.net,TN,2021-07-07,Basic,9715.98
163,Anthony Jones,rachel90@example.org,KW,2022-05-27,Basic,2855.80
164,Daniel Thomas,thickman@example.org,TM,2021-12-12,Standard,15434.07
165,Ruben Price,patrick21@example.net,CH,2021-05-03,Basic,14754.21
166,Amy Kim,petersonkayla@example.net,MY,2019-07-03,Standard,2946.54
167,Erin Walters,whenry@example.net,MT,2021-06-04,Premium,4576.11
168,Michael Guerrero,bartonkenneth@example.org,LC,2019-08-03,Basic,9711.58
169,Derrick James,jodistewart@example.org,BW,2024-09-08,Premium,14370.15
170,Eric Ward,curtis12@example.com,PE,2022-09-29,Premium,12166.76
171,Kayla Garcia,gomezchristopher@example.net,LR,2024-01-11,Basic,22979.02
172,Alexandria Gutierrez,hardyanita@example.org,TO,2019-12-11,Basic,4171.64
173,Melissa Jackson,kevin72@example.org,DM,2021-03-29,Premium,4677.46
174,Jason Washington,wardsheryl@example.net,YE,2023-01-22,Basic,1340.28
175,Luis Ellis Jr.,rushmartin@example.net,MU,2022-01-10,Premium,12115.22
176,Erin Cook,kevinmorrison@example.net,FR,2020-03-10,Standard,24095.73
177,Christopher Sanders,kelly79@example.org,LR,2023-09-02,Basic,12374.25
178,Robert Long,frederickjames@example.net,EG,2023-07-08,Standard,17753.56
179,Krista Benton,nhahn@example.com,JP,2022-12-24,Standard,4181.34
180,Andrea Abbott,ichambers@example.net,KI,2024-05-04,Premium,19897.02
181,Matthew Espinoza,mjones@example.com,TV,2020-06-22,Standard,817.38
182,Jonathon Knapp,ystephens@example.com,ME,2020-07-09,Basic,7216.76
183,Kimberly Little,rodriguezjohn@example.net,MH,2023-02-17,Basic,18562.96
184,Lonnie Hart,vrasmussen@example.com,CD,2023-07-22,Basic,12770.15
185,David Dixon,seanmyers@example.net,TZ,2024-06-03,Premium,6697.22
186,Brittany Cuevas,agarcia@example.org,CI,2024-02-03,Standard,13551.08
187,Monica Bailey,stanley38@example.com,MG,2018-06-20,Basic,11034.16
188,Jeffrey Horton,carlos01@example.org,LV,2020-06-14,Standard,2560.41
189,Megan Martin,zacharyarnold@example.com,TJ,2020-10-10,Standard,21870.25
190,Joel Salinas,jacobsandoval@example.com,AT,2018-05-13,Standard,6570.38
191,Sonya Cole,tprice@example.org,GA,2018-12-23,Standard,21632.26
192,Michael Flynn,lloydamanda@example.com,LR,2019-04-26,Premium,5246.95
193,Brian Lambert,orose@example.com,UG,2024-08-05,Basic,8765.77
194,James Wilson,megan92@example.net,MA,2024-11-04,Basic,10704.18
195,Tamara Lawrence,lawrenceallen@example.org,EG,2024-11-28,Premium,19621.23
196,Charles Price,baileyhenderson@example.com,ZW,2020-04-27,Premium,14251.86
197,Tamara Arias,angelaburns@example.org,ER,2023-12-21,Standard,14921.44
198,Jerry Brown,stephanie72@example.org,MV,2019-11-21,Standard,24475.00
199,Kathy Simpson,cperry@example.com,DM,2021-04-13,Standard,14318.39
200,Andre Juarez,antonio38@example.com,DO,2023-10-09,Basic,20379.52
201,Krystal Barton,hdunn@example.net,CI,2019-07-10,Standard,22969.22
202,Joshua Ritter,wolfscott@example.org,NO,2021-02-09,Basic,3172.20
203,Ronald Potter,nancy07@example.com,MG,2019-06-28,Premium,3656.09
204,Angie Grimes,rowejoel@example.net,TZ,2021-08-12,Premium,19036.84
205,Shannon Bishop,imartin@example.org,GA,2022-05-28,Standard,3554.29
206,Laura Patel,mariopadilla@example.com,TO,2021-01-05,Basic,10355.63
207,Scott Duke,taylorkaren@example.com,BH,2023-01-26,Premium,15840.69
208,Sharon Martinez DVM,dustinmorris@example.org,PS,2019-01-17,Standard,12890.34
209,Jenna Thomas,courtney67@example.org,ZW,2021-02-13,Basic,23408.40
210,Patricia Powell,heather57@example.com,LR,2022-02-20,Standard,23756.35
211,Sheila Boone,simonstephen@example.net,MC,2021-09-02,Basic,61.83
212,Arthur Ferguson,tammysummers@example.com,IQ,2019-01-17,Basic,24303.76
213,Drew Kelley,ashleewashington@example.com,KZ,2022-01-07,Premium,19891.95
214,Amber Sims,ksmith@example.com,PH,2022-06-18,Premium,24203.21
215,Tyler Harris,nicoleturner@example.com,BW,2020-05-17,Standard,6713.42
216,Danielle Watson,brettgarrett@example.net,ME,2021-03-07,Standard,13682.76
217,Jessica Davis,smiththomas@example.org,UA,2019-06-19,Basic,21310.56
218,Michael Smith,lisa62@example.com,BN,2021-11-08,Basic,19056.35
219,Brandon Shaffer,edwardsnicole@example.org,MU,2018-07-08,Premium,15654.49
220,Nicole Anderson,caseyelliott@example.net,CF,2023-02-26,Premium,3105.93
221,Gregory Lewis,samanthajensen@example.com,GM,2019-10-10,Standard,11412.95
222,Brian Goodwin,bbell@example.com,CU,2022-10-19,Premium,24892.35
223,Matthew Wright,kimberly04@example.org,SI,2019-06-25,Basic,7546.64
224,Chelsea Myers,bowerslaura@example.org,SA,2021-01-27,Premium,16364.70
225,David Little,ricetiffany@example.com,LB,2020-10-22,Premium,9296.09
226,Scott Carroll,amy27@example.org,AM,2019-11-09,Premium,9908.54
227,Alexis Lewis,fryraymond@example.com,YE,2021-06-05,Basic,17486.03
228,Pamela Henderson,imiller@example.net,VE,2020-08-17,Standard,16387.13
229,Bradley Miller,terrimoore@example.com,MX,2019-01-25,Premium,5335.53
230,Pamela Santos,collinssamuel@example.org,BG,2018-11-16,Premium,14841.99
231,Tim Wilson,parkerjudith@example.net,EC,2023-10-29,Basic,11126.67
232,Michael Miles,tylerreed@example.net,WS,2018-02-03,Basic,8589.35
233,Jacob Brady,jessica10@example.com,NP,2019-05-09,Standard,17350.78
234,Austin Joseph,crawfordwilliam@example.org,SB,2023-05-11,Premium,5723.67
235,Carol Moore,shannonemily@example.org,GT,2019-01-01,Basic,20148.92
236,April Trevino,sanchezthomas@example.com,CZ,2019-02-27,Standard,9189.04
237,Tyler Johnson,pwalker@example.com,WS,2021-05-10,Premium,9568.03
238,Roger Duncan,shawrachel@example.org,GR,2019-06-30,Basic,24823.50
239,Vicki Finley,wileymichelle@example.com,LR,2019-08-09,Premium,13262.71
240,Jesus Wood,anne49@example.org,PL,2018-02-04,Basic,16250.51
241,Wesley Cuevas,jessicapayne@example.org,CZ,2022-12-08,Standard,18060.80
242,Jason Hall,cynthia05@example.org,PS,2019-09-13,Standard,15401.90
243,Sarah Acosta,harristonya@example.com,RW,2022-12-18,Premium,2167.20
244,Valerie Thomas,christopher38@example.com,ME,2019-02-16,Premium,18811.14
245,Judy Adkins,wagnerdana@example.com,BO,2024-08-11,Basic,9600.80
246,Amy Bates,joelgreen@example.com,MX,2022-10-25,Standard,19776.92
247,Nancy Stewart,jesus32@example.net,CD,2020-10-11,Standard,16115.51
248,Christopher Owens,wmartinez@example.org,PG,2020-10-13,Basic,15024.98
249,Derek Wilson,lindseytorres@example.net,MC,2024-10-24,Standard,19474.24
250,Cindy Gates,christopherwright@example.com,MY,2018-04-20,Basic,21895.68
251,Megan Green,anthonysullivan@example.com,TH,2020-04-21,Basic,15173.17
252,Danielle Murray,davidbrown@example.org,CO,2020-02-12,Basic,9793.78
253,James Parks,aguilarjonathan@example.org,AO,2018-08-12,Premium,12372.19
254,Christina Brewer PhD,steinmaria@example.com,CM,2019-04-07,Premium,12489.56
255,Joel Jackson,zunderwood@example.com,AT,2024-08-29,Premium,13207.16
256,Jeffery Gomez,joshuagriffin@example.org,AU,2018-02-19,Standard,23348.11
257,Lisa Holland,jjenkins@example.com,BH,2019-06-25,Standard,21520.35
258,James Barnes,crystalpham@example.org,MU,2024-05-17,Standard,9135.31
259,Heather Stephens,kcooper@example.net,LI,2019-12-09,Standard,23861.32
260,Christopher Flores,anthonycochran@example.com,BG,2018-10-26,Premium,14684.09
261,Kaitlyn Howard,terrigarcia@example.net,GY,2018-02-26,Standard,5393.57
262,Robert Stark,gallagherstacie@example.net,MW,2018-09-05,Standard,12665.27
263,Ryan Bruce,joelstewart@example.net,MC,2023-08-15,Standard,10589.38
264,Kevin Warner,stacey92@example.net,ET,2022-07-06,Premium,16013.43
265,Rita Waller,gregory01@example.org,HT,2024-01-12,Basic,3817.01
266,Alicia Woods,samantha32@example.com,VC,2018-12-09,Standard,1975.54
267,Robert Oneill,johnsonbrenda@example.org,CG,2020-04-12,Premium,13409.75
268,Shannon Yu,janet69@example.org,LU,2022-05-20,Basic,15857.36
269,Chad Moore,fconner@example.net,LB,2018-09-28,Standard,17466.90
270,Wayne Steele,jeffrey92@example.com,KP,2020-09-04,Premium,6111.99
271,Elizabeth Thompson,rushstacy@example.com,TN,2022-11-15,Premium,11334.30
272,Lance Mccall,daniellegarcia@example.com,CV,2024-10-29,Premium,7732.25
273,Blake Reed,gary15@example.com,AG,2019-12-21,Premium,316.62
274,David Jones,kristin00@example.com,OM,2019-07-17,Basic,283.77
275,Tracy Wilkerson,wmacias@example.net,MT,2023-07-27,Standard,13075.13
276,John Shields,franciscojones@example.org,KE,2020-11-27,Premium,9296.74
277,Dean Garcia,george62@example.net,BO,2021-01-05,Basic,22160.37
278,Stephanie Davis,bbush@example.net,DM,2018-05-01,Standard,20177.70
279,Jessica Brown,jamie36@example.net,TG,2021-01-19,Basic,1596.80
280,Monica Baker,kenneth10@example.com,TO,2024-06-19,Basic,1926.75
281,Katherine Brown,pattersonkelly@example.net,YE,2023-02-08,Basic,9003.10
282,Christina Johnson,daniellerowland@example.com,CI,2023-08-09,Basic,4172.03
283,James Burns,christopher86@example.org,MN,2019-10-07,Standard,19333.22
284,Jaclyn Griffin,scott43@example.com,TM,2024-06-08,Basic,18069.46
285,Paul Contreras,barnettlindsey@example.com,TW,2020-07-24,Basic,12720.62
286,Kristen Randall,rsheppard@example.com,TO,2018-06-30,Premium,6113.79
287,Karen Miller,shawrachel@example.net,GD,2023-04-17,Standard,9574.49
288,Mrs. Tiffany Cole,teresastokes@example.org,BB,2019-09-07,Premium,23279.00
289,William Graham,maryscott@example.net,BJ,2018-05-25,Basic,20077.89
290,Justin Arnold,april09@example.net,SK,2022-09-14,Premium,8045.05
291,Ashley Hernandez,buckleyanna@example.org,JO,2022-09-01,Basic,7998.38
292,Sheryl Humphrey,patrick79@example.net,PY,2018-11-16,Basic,9320.20
293,Donald Thomas,vwilliams@example.net,GW,2023-08-19,Basic,22548.53
294,John Adams,andrew44@example.com,RW,2020-01-05,Premium,20108.45
295,Melinda Compton,dennismccann@example.com,LI,2018-07-08,Standard,1723.16
296,Jason Brewer,scottmcintyre@example.com,SZ,2023-03-21,Standard,19338.19
297,Mr. James Brown,cameronmckinney@example.com,CR,2021-06-26,Standard,2159.64
298,Kelly Carroll,jameswhitaker@example.org,HU,2023-02-14,Premium,9222.98
299,Anthony Ward,joshuacolon@example.net,MY,2021-04-09,Basic,19612.68
300,Becky Johnson,tracy72@example.com,TZ,2024-12-25,Premium,11598.17
301,Hailey Monroe,kaitlyn14@example.org,MV,2024-08-20,Standard,24944.68
302,Scott Chan,mercedesholland@example.net,GA,2020-03-11,Basic,22511.08
303,Jason Smith,wellsdavid@example.org,US,2020-10-01,Premium,159.45
304,Courtney Franklin,jennifer46@example.com,MG,2022-08-07,Premium,5824.94
305,Daniel Turner,asilva@example.net,HR,2021-11-19,Basic,20989.35
306,Sara Hoffman,kenneth17@example.org,LU,2018-02-09,Standard,36.55
307,Margaret Hensley MD,jacob83@example.org,US,2022-03-22,Basic,18180.38
308,Francisco Taylor,rioswhitney@example.com,NL,2019-03-02,Premium,13245.36
309,Norman Aguilar,matthewreeves@example.net,SN,2020-09-02,Standard,12300.72
310,Karen Shepard,william28@example.org,KE,2018-09-03,Premium,17791.31
311,Carl Green,staceylam@example.net,BT,2019-01-17,Premium,23031.86
312,Daniel Savage,vfrench@example.com,IL,2023-10-30,Standard,17521.17
313,Julie Wilson,delacruzbrandy@example.net,BN,2022-03-06,Standard,24363.87
314,Cory Wilson,amoreno@example.org,CZ,2018-12-14,Basic,2389.43
315,Curtis Ortiz,tthomas@example.org,BR,2019-07-01,Basic,20499.07
316,Mr. Christopher Walters,hayesjason@example.org,TR,2018-11-03,Basic,14195.52
317,Katherine Gallagher,andersonryan@example.com,NA,2022-11-17,Basic,24105.46
318,John Smith,jessicadodson@example.com,TW,2020-08-27,Standard,6524.77
319,Cheryl Rhodes,jeremywiley@example.com,CO,2021-07-14,Standard,17518.14
320,Jonathan Torres,colonkenneth@example.com,PH,2021-08-29,Standard,11318.95
321,Linda Morgan,matthewvalenzuela@example.com,GB,2020-08-14,Premium,23588.87
322,Travis Hull,osmith@example.net,CO,2019-07-12,Basic,2724.32
323,Alex Wagner,richardsondebra@example.org,MT,2019-03-09,Premium,11239.17
324,Dawn Nichols,wheelerbrandon@example.org,TD,2021-07-10,Standard,3018.42
325,Amber Wilson,jjames@example.com,PY,2022-01-07,Premium,11297.93
326,Christine Jennings,turnerdorothy@example.net,SK,2023-03-13,Standard,21312.05
327,Larry Taylor,huntchristine@example.com,CI,2019-01-06,Premium,20189.92
328,Kathleen Lynch,marie35@example.net,NE,2021-05-31,Basic,17421.95
329,Andrew Crawford,haleycastillo@example.org,AD,2018-06-15,Premium,20898.12
330,Brandon Rodriguez,fhernandez@example.net,BO,2021-09-04,Premium,2280.32
331,Ashley Scott,stephenmadden@example.com,PL,2020-10-13,Standard,9906.11
332,Robert Sawyer,michael56@example.net,CI,2018-07-20,Basic,7471.02
333,Peter Williams,elizabethjackson@example.com,OM,2019-12-14,Premium,23802.42
334,Debra Quinn,lisa21@example.com,MZ,2023-01-27,Basic,18701.96
335,Denise Cruz,pmarsh@example.org,CG,2020-10-20,Premium,11551.08
336,Nicholas Jarvis,dalepruitt@example.com,TN,2019-07-27,Premium,298.92
337,Catherine James,cheryl27@example.com,CG,2020-06-29,Premium,4953.33
338,Jessica Brown,alexander89@example.net,TM,2022-06-29,Standard,17157.13
339,Tyler Marks,reynoldsjessica@example.com,LY,2018-12-11,Basic,14652.97
340,Margaret Hernandez,smithsarah@example.net,PW,2018-11-04,Premium,24929.04
341,Sheila Jones,vflores@example.com,BE,2020-03-20,Basic,11085.78
342,Krista Gray,christianwallace@example.net,PE,2019-06-12,Premium,22626.95
343,Jonathan Stewart,bmcgee@example.org,NA,2021-09-20,Premium,1067.41
344,Justin Smith,connersylvia@example.net,KI,2023-03-04,Premium,4199.73
345,Kristina Pena,xclements@example.org,GR,2024-06-08,Standard,20542.14
346,Evelyn Saunders,xmoran@example.net,PG,2022-06-06,Standard,737.06
347,Peter Walker,michael48@example.net,MR,2022-10-14,Premium,8848.58
348,Amber Martin,lydianewton@example.com,CD,2020-02-06,Standard,6996.36
349,Craig Martinez,ylewis@example.org,VC,2019-09-01,Premium,15352.66
350,Peter Williams,bartonshannon@example.net,TZ,2024-12-02,Premium,16181.96
351,Brandy Porter,tranryan@example.net,RO,2023-08-06,Standard,22069.46
352,Priscilla Kent,jessicaanderson@example.com,KM,2023-05-17,Premium,2193.04
353,Sonya Gordon,mbarnes@example.net,HU,2022-04-18,Premium,10480.87
354,Victor Waller,iballard@example.com,UY,2023-11-24,Premium,15768.86
355,Nicole Evans,jennifer83@example.org,GE,2024-02-05,Premium,24735.09
356,Donna Reed,tinasantos@example.org,SC,2022-01-10,Standard,13612.95
357,Mallory Page,anna99@example.net,KN,2023-06-09,Standard,22816.93
358,Paul Skinner,natalie60@example.net,CD,2023-08-20,Standard,9709.53
359,Charles Santiago,josephfloyd@example.com,KZ,2020-01-07,Premium,7971.94
360,Ryan Vaughn,james80@example.com,PG,2020-06-16,Premium,22394.12
361,Sean Stevenson,juliahoffman@example.org,SE,2021-02-24,Premium,20216.35
362,Rebecca Roberts,housepaul@example.net,KW,2023-04-17,Basic,8935.82
363,Amy Manning,christinenorman@example.com,GR,2024-07-20,Premium,24349.50
364,Michele Holland,kimberlybrandt@example.com,PE,2019-02-15,Premium,16421.61
365,Michael Lopez,jillwilson@example.org,NP,2020-12-27,Basic,20407.13
366,Dennis Martin,adam72@example.org,DE,2018-08-18,Premium,14392.30
367,Linda Ayala,tracy98@example.com,BN,2022-05-10,Standard,23380.15
368,Emily Robinson,abigailhartman@example.org,NI,2019-12-13,Premium,5913.78
369,Jennifer Bailey,elizabethrivera@example.com,GM,2021-07-26,Basic,17440.66
370,Lisa Wells,wilsonmichael@example.org,BA,2024-08-20,Premium,17586.32
371,Lisa Haley,patrick16@example.com,SR,2021-12-11,Basic,14090.16
372,Allison Black,willie87@example.com,BD,2024-04-25,Premium,20917.42
373,Matthew Flores,vaughangary@example.net,SN,2023-07-10,Basic,7726.33
374,Austin Santiago,michellecoleman@example.org,GA,2023-07-02,Premium,2256.43
375,Michele Cherry,elucas@example.net,LA,2020-08-10,Basic,5470.22
376,Joe Rivera,jonesgregory@example.com,TH,2023-11-27,Standard,17.09
377,Roberto Bartlett,ohughes@example.com,NR,2024-11-20,Premium,20161.14
378,James Wilson,,TV,2021-10-27,Basic,4436.50
379,Ryan Howard,robertsgina@example.net,BT,2021-08-18,Premium,547.82
380,Timothy James,wellsamanda@example.org,AE,2024-07-30,Basic,22930.60
381,Robert Gardner,kennetheaton@example.net,KH,2019-03-31,Basic,21516.74
382,Travis Spencer,davidsmith@example.net,MX,2018-10-25,Standard,17613.45
383,Theresa Torres,jason82@example.org,ER,2022-06-09,Basic,2525.80
384,Ruben Lee,emilybradley@example.org,GB,2021-05-21,Standard,3411.29
385,Wendy Murray,robertscarlos@example.org,FJ,2019-10-08,Basic,23717.34
386,Katelyn Rivera,emilyyoung@example.com,VN,2023-06-19,Basic,7932.08
387,Corey Tucker,christina49@example.org,TM,2024-04-20,Basic,22240.01
388,Rhonda Benjamin,adamsanchez@example.org,LC,2024-11-18,Standard,5580.93
389,Jessica Larsen,erinrivera@example.com,PL,2024-08-09,Premium,9459.60
390,Raymond Tucker,thompsoncatherine@example.com,CU,2021-04-21,Premium,4442.71
391,Christina Gross,lunapatricia@example.net,ZM,2018-01-08,Basic,23717.45
392,Kevin Sullivan,rebeccaarnold@example.net,SR,2022-05-23,Basic,809.57
393,Reginald Diaz,patricialawrence@example.com,CR,2024-10-03,Standard,23025.96
394,Jordan Sanders,batesmelanie@example.net,LA,2024-11-09,Premium,15991.17
395,Jose Griffin,ashleyknight@example.org,LK,2019-03-03,Standard,3516.08
396,Teresa Williams,qhall@example.com,HT,2018-11-15,Premium,8670.25
397,Daniel Velez,paul70@example.org,CF,2021-08-01,Premium,15904.67
398,Michael Boyd,mary49@example.net,TN,2018-12-30,Basic,16750.61
399,Matthew Diaz,blacknicholas@example.org,SI,2021-10-07,Standard,284.89
400,Robert Reed,aeaton@example.net,CU,2020-05-08,Premium,17329.40
401,David Robertson,jason22@example.com,UY,2021-12-06,Standard,19675.50
402,Bailey Hall,jennifer77@example.com,GE,2018-01-06,Premium,9648.43
403,Maria Jenkins,bradleyberry@example.org,CR,2022-09-15,Premium,22113.80
404,Amanda Armstrong,jacksonsandra@example.net,NA,2023-07-13,Standard,8780.78
405,Kristy Smith,stacey37@example.net,PW,2022-03-18,Premium,20720.17
406,Carolyn Greer,laurahoover@example.org,VU,2024-06-25,Basic,18956.09
407,Deborah Ramsey,,GT,2020-07-12,Premium,11282.19
408,Carlos Smith,mserrano@example.org,EE,2018-05-17,Standard,501.95
409,Lucas Williams,davisdonna@example.net,SR,2020-12-05,Premium,1855.01
410,Stephanie Hampton,xboyd@example.org,MC,2019-11-28,Standard,4022.61
411,Crystal Lang,zbell@example.net,PS,2018-11-04,Basic,23545.85
412,Laura Coleman,thomas31@example.com,US,2019-01-17,Standard,14850.76
413,Jennifer Lopez,lanedavid@example.org,MT,2024-11-18,Standard,17612.62
414,Melissa Stewart,daniel69@example.com,IL,2022-11-02,Basic,4124.93
415,Jessica Diaz,victoria63@example.com,TG,2022-11-14,Premium,1338.89
416,Karen Wood,tking@example.net,LY,2021-09-18,Premium,24359.96
417,Jennifer Taylor,adkinssean@example.net,DK,2022-08-04,Basic,13852.81
418,Jordan Hartman,martintamara@example.org,BW,2024-01-22,Standard,16514.95
419,Kaitlyn Burke,brownjeffrey@example.org,UZ,2021-05-03,Premium,2397.90
420,James Joyce,jennifer90@example.org,DZ,2022-05-29,Basic,13741.57
421,Adam Jefferson DVM,james98@example.net,MC,2023-07-04,Premium,1362.62
422,Christopher Johnson,dianacantrell@example.org,IS,2018-01-16,Standard,2190.71
423,Heather Foster,aprilmclaughlin@example.org,BW,2024-09-24,Standard,4991.87
424,Molly Hansen,michael43@example.net,FI,2018-04-16,Premium,4270.80
425,Jared Smith,richardrodriguez@example.org,SC,2021-04-10,Premium,11839.27
426,Travis Pratt,nancy94@example.net,PA,2019-04-19,Standard,19621.91
427,Kristine Carrillo,susan77@example.net,AT,2023-04-13,Standard,22371.94
428,Mr. James Kramer,,NG,2020-12-21,Premium,16046.66
429,Kelli Smith,john16@example.net,AE,2022-05-07,Premium,9275.51
430,Angela Velazquez,nedwards@example.net,IQ,2022-04-12,Standard,4664.57
431,Paul Conrad,victorgonzalez@example.net,GY,2018-07-02,Standard,10993.51
432,Christine Harris,marykelly@example.org,CL,2020-12-14,Premium,20926.97
433,Megan Alvarado,duranamber@example.org,RO,2024-04-30,Premium,3778.27
434,Ethan Villanueva,travis84@example.com,GN,2019-02-01,Premium,16703.53
435,Bethany Fox,imendoza@example.org,SC,2024-01-27,Standard,24267.64
436,Scott Parsons,sbray@example.net,PK,2024-08-12,Premium,13840.05
437,Adam Craig,ucarpenter@example.com,VA,2022-05-05,Basic,10465.80
438,Chelsea Baker,thomas95@example.com,ER,2024-01-03,Basic,21672.35
439,Mr. Michael Watson PhD,shannon92@example.net,LA,2023-04-29,Basic,22041.35
440,Brett Nelson,angelachase@example.org,CY,2023-05-05,Standard,1973.88
441,Nancy Kennedy,thompsonvictor@example.net,SI,2018-05-23,Basic,14280.50
442,Emily Tucker,anna90@example.com,BZ,2023-10-18,Basic,16938.37
443,Amy Cervantes,gcombs@example.com,CH,2024-12-15,Premium,3007.05
444,Isaac Castro,maurice61@example.com,GD,2023-01-14,Premium,23726.54
445,Christina Johnston,tiffanymitchell@example.com,GQ,2019-11-16,Premium,20211.52
446,Patricia Griffin,jamesjustin@example.net,CY,2019-06-01,Premium,10584.37
447,Margaret Mcfarland,kwelch@example.com,BN,2022-11-19,Premium,24931.73
448,Greg Edwards,jennifer96@example.com,PA,2019-08-29,Basic,6447.16
449,Teresa Adkins,lgutierrez@example.org,CN,2018-10-02,Premium,9702.48
450,Mary Shepard,clarkrandy@example.org,BI,2022-06-16,Basic,8153.17
451,Kara Brown,fwarren@example.org,IN,2021-02-05,Basic,11453.93
452,Angela Huynh,pparker@example.net,JM,2018-02-20,Basic,15576.45
453,Cameron Rose,anthonyalvarado@example.com,PY,2023-11-11,Standard,2812.97
454,Seth Donovan,staylor@example.net,EE,2019-09-05,Premium,14164.85
455,Joyce Curry,omills@example.net,KR,2024-07-14,Premium,23123.20
456,Karen Perez,ramosmichael@example.com,DE,2024-04-23,Premium,19643.64
457,Aaron Ochoa,mauriceharrison@example.org,FM,2024-01-03,Standard,21947.34
458,Theresa Woods,cannonlauren@example.net,HT,2020-12-17,Standard,16369.69
459,Kimberly Lopez,kfoster@example.net,LK,2024-06-01,Basic,11826.17
460,Sandra Walker,hendersonjohn@example.net,MD,2019-12-07,Standard,10074.35
461,Dominique Paul,robert12@example.org,JP,2024-12-07,Basic,17020.32
462,Jesse Chavez,blopez@example.org,BE,2022-07-04,Premium,9894.82
463,Alison Compton,joseph70@example.org,BW,2021-09-19,Basic,5939.48
464,Johnny Peterson,kristi75@example.com,MC,2023-05-01,Standard,22425.78
465,Erin Bridges,brianrowe@example.org,ST,2018-03-24,Standard,20434.65
466,Corey Skinner,hclayton@example.net,HU,2021-05-26,Standard,7008.67
467,William Wright,gonzalezjill@example.org,SK,2023-07-07,Basic,17121.30
468,Christine Price,sharon20@example.net,SY,2020-07-22,Premium,7512.01
469,Dawn Little,michaelwilliams@example.net,GM,2022-12-20,Standard,6735.50
470,Cynthia Hamilton,jacksonjoshua@example.org,MY,2022-09-04,Basic,16138.87
471,Alexa Williams,jbarker@example.com,BT,2020-02-09,Standard,5284.76
472,Jonathan Parks,sarah00@example.com,KH,2022-07-26,Basic,12111.51
473,Joshua Rodriguez,jhall@example.net,TW,2023-10-17,Standard,20525.43
474,Steven Quinn,norrismichael@example.org,ID,2023-10-12,Premium,1640.42
475,Karina Kim,amy73@example.net,ER,2023-09-07,Standard,3391.25
476,Erica Mcdonald,caseymoore@example.com,IN,2023-11-18,Basic,723.70
477,Jordan Parsons,bgross@example.net,MM,2020-02-29,Premium,20924.42
478,Cynthia Le,rlee@example.com,TG,2020-10-18,Premium,11411.22
479,Douglas Ortiz,daniel81@example.org,CO,2022-01-16,Basic,4977.74
480,Andre Rodriguez,coreyduncan@example.com,KM,2022-02-17,Standard,12628.16
481,Marcus Garza Jr.,catherinejones@example.org,TD,2019-05-23,Basic,764.08
482,Steve Miller PhD,wardjulia@example.com,MN,2022-03-06,Standard,14851.09
483,Amy Jensen,navarromary@example.org,GM,2019-12-29,Standard,14672.01
484,Anne Hardy,hlopez@example.net,HU,2021-12-03,Standard,4087.84
485,Theresa Hansen,xreese@example.net,TR,2020-11-25,Basic,20771.76
486,Jimmy Ortega,jacksonhenry@example.com,SD,2019-01-06,Standard,686.26
487,Christopher Murillo,umahoney@example.net,LR,2018-07-23,Premium,21345.53
488,Jennifer Schultz,charlene98@example.org,MT,2020-05-27,Premium,16184.50
489,Tammy King,zwest@example.org,RS,2020-04-26,Standard,16289.68
490,Duane Smith,victoriaturner@example.com,GN,2023-10-04,Premium,21615.75
491,Ethan Ingram,samantha88@example.net,TO,2018-02-06,Standard,22787.89
492,Andrew Kelly,josephpreston@example.org,HT,2019-12-11,Basic,20021.62
493,Eric Duncan,jessicacummings@example.com,EC,2020-07-05,Standard,15208.60
494,Steven Warner PhD,larsonkevin@example.net,TR,2021-06-05,Basic,24175.61
495,Richard Weeks,michael66@example.org,GT,2021-02-01,Standard,22387.07
496,Sarah Mcfarland,hbrown@example.org,LB,2021-11-29,Standard,6299.97
497,Brittany Shaw,ericnunez@example.com,PE,2023-03-27,Standard,16929.90
498,Laura Davis,matthewalvarez@example.net,BE,2024-12-29,Standard,14612.18
499,Deborah Ross,iayala@example.org,RO,2018-01-31,Basic,24985.73
500,Katherine Pearson,annshea@example.net,HU,2022-03-13,Basic,16183.55
501,Derek Jordan,rodriguezrobert@example.com,MG,2024-10-30,Standard,7461.90
502,Gregory Rios,gary59@example.com,VU,2019-03-19,Standard,1595.93
503,Andrew Meyers,ginamoore@example.net,BS,2021-02-06,Basic,8128.43
504,Anthony Rush,mistywilkins@example.org,LV,2021-02-08,Standard,16402.99
505,Ashley Cole,riverajody@example.org,GA,2021-05-08,Premium,3748.23
506,Nicole Dunn,heatherbarnett@example.com,TV,2020-09-11,Premium,20135.75
507,Kelsey Scott,campbellkristina@example.net,IR,2024-09-23,Standard,16513.26
508,Matthew Smith,qguerrero@example.net,ML,2019-07-28,Basic,636.38
509,Alicia Dillon,yhall@example.net,KN,2023-07-31,Standard,6485.66
510,Ethan Delacruz,lopezvincent@example.com,TJ,2022-09-11,Standard,9706.87
511,Alison Wright,matthew62@example.org,LY,2018-05-25,Basic,17701.72
512,Heather Turner,lisa46@example.org,TH,2024-06-01,Premium,8579.18
513,Courtney Peterson,fsandoval@example.net,MU,2020-06-29,Basic,13365.88
514,Megan Salas,robertberry@example.com,KR,2023-05-03,Basic,8962.43
515,Erin Daniels,denisecarpenter@example.net,FR,2021-05-14,Premium,21015.97
516,Ellen Thornton,russellstout@example.org,TD,2024-04-05,Premium,7344.60
517,Sylvia Stewart,whitemary@example.org,ZA,2023-04-13,Premium,18522.97
518,Fernando Dudley,vturner@example.net,SZ,2024-04-08,Premium,23673.08
519,Richard Rodriguez,anthonyodom@example.net,IQ,2021-10-06,Basic,2232.50
520,Lisa Carlson,gracehoward@example.net,QA,2021-12-26,Premium,18605.25
521,Ryan Harrison,jack67@example.com,CU,2021-06-11,Standard,19702.26
522,Darrell Ortiz,schaeferstephanie@example.org,CH,2021-09-19,Standard,6513.98
523,Christina Harris,saraduke@example.net,RW,2021-04-19,Standard,21280.35
524,Sharon Clay,csullivan@example.net,LK,2023-04-12,Premium,21659.83
525,Michelle Long,meyershannon@example.org,HN,2024-07-18,Basic,23607.52
526,Jennifer Moss,oblack@example.org,ET,2018-10-19,Standard,22235.65
527,James Torres,steven64@example.net,BF,2023-08-12,Premium,21687.44
528,Stephanie Ford,gdavis@example.org,EG,2022-04-13,Basic,7458.89
529,Teresa Horton,phillipmorris@example.org,EE,2018-08-10,Premium,3434.13
530,Steven Huang,udavis@example.net,CF,2020-03-31,Standard,10229.80
531,Rebecca Higgins,davisjasmin@example.net,ML,2024-05-21,Standard,3580.60
532,Michael Acosta,nicholasjames@example.org,LT,2020-01-09,Premium,12189.52
533,Mary Hernandez,haroldjoseph@example.com,KP,2019-12-26,Standard,15862.47
534,Randy Griffin,davidanderson@example.org,AD,2018-01-20,Standard,6838.20
535,Dawn Ellis,astephens@example.net,SA,2019-11-22,Basic,19112.09
536,Kevin Alvarez,mramos@example.net,AF,2023-06-29,Premium,3235.15
537,Joshua Harvey,brandonhernandez@example.net,MG,2022-11-12,Basic,10735.24
538,Scott Estrada,mark10@example.org,NI,2022-10-24,Standard,9582.91
539,Candace Mitchell DDS,tammycurry@example.com,AZ,2018-06-04,Basic,4985.36
540,Edwin Richardson,wwilkins@example.com,SY,2022-03-09,Premium,22300.16
541,John Martinez,mark68@example.org,MC,2023-12-16,Premium,447.90
542,Anthony Duncan,webbhaley@example.net,JO,2018-01-17,Basic,18340.08
543,Ryan Green,sara99@example.com,SK,2020-07-15,Basic,21924.63
544,Kathleen Morton,jeanettekrause@example.org,CL,2021-07-02,Premium,2567.71
545,Mario Wilson,laurenduarte@example.com,BD,2023-08-24,Basic,7652.88
546,Justin Walsh,davidsonhannah@example.com,BJ,2018-09-25,Premium,7455.06
547,Jonathon Nguyen,wilsonmathew@example.com,RS,2021-04-06,Standard,18195.80
548,Toni Collier,markmorgan@example.net,QA,2024-09-08,Basic,8445.88
549,Rebecca Brewer,dmoore@example.net,LT,2019-07-03,Standard,24903.47
550,Robert Reilly,conleykevin@example.net,GD,2023-07-01,Standard,18752.89
551,Joshua Clark,lauren51@example.org,IT,2019-11-07,Standard,478.12
552,Gina Brooks,ashleyprice@example.net,CI,2020-07-07,Basic,24621.99
553,Nicole Thornton,jennifer46@example.org,SB,2020-05-15,Basic,547.83
554,Jacqueline Gallegos,javier42@example.org,MR,2023-08-29,Premium,3079.05
555,Paula Gentry,zhunter@example.com,SC,2018-06-03,Standard,21913.60
556,Gerald Webb,kimberly21@example.net,GD,2020-11-13,Basic,15578.37
557,Christine Johnson MD,cookpamela@example.org,SK,2024-08-29,Premium,16549.25
558,Nichole Johnson,danielle35@example.org,FI,2018-03-22,Premium,17243.74
559,Joseph Mejia,nelsoneric@example.org,AL,2022-09-04,Standard,9506.34
560,Kristin Garcia,andrea42@example.net,JM,2024-02-20,Standard,11859.91
561,Carolyn Collins,amber02@example.org,PW,2019-09-20,Premium,17379.80
562,Amber Reyes,simmonsharold@example.net,UA,2018-02-08,Standard,10521.79
563,Melissa Griffin,larry38@example.org,TW,2019-02-18,Basic,13007.73
564,Laura Davis,tdavis@example.net,BA,2024-12-25,Basic,17518.16
565,Julie Hall,douglashuang@example.com,MM,2022-09-12,Premium,12789.62
566,Michael Ortega,shawn01@example.com,CG,2024-12-05,Premium,7067.67
567,Joel Jackson,cassandra28@example.org,NA,2019-03-12,Standard,4966.17
568,Rebecca Nguyen,sparksamanda@example.com,UA,2020-03-29,Standard,20787.47
569,Marc Kelley,vreyes@example.org,MD,2020-04-06,Standard,17585.92
570,Rachel Graham,amy32@example.net,SV,2021-04-24,Premium,985.14
571,Timothy Andrews,mwilson@example.com,LR,2023-07-27,Premium,17205.10
572,Samantha Thompson,gjones@example.net,UG,2023-05-23,Standard,5862.63
573,Jamie Snyder,davislisa@example.net,TW,2018-02-22,Basic,2225.07
574,April Thomas,shawncarter@example.net,TR,2019-03-29,Basic,16725.55
575,Daniel Rich,ashley46@example.net,LY,2019-09-03,Premium,19488.16
576,Lauren Carr DDS,melissabrown@example.net,BF,2018-11-04,Basic,18089.41
577,Justin Irwin,callahanmichelle@example.org,NR,2020-11-14,Basic,5779.01
578,Jennifer Flores,bsullivan@example.net,GH,2021-04-27,Standard,11606.93
579,Karen Lopez,xbridges@example.com,DE,2019-02-13,Premium,21853.51
580,Shane Martinez,jonesalfred@example.net,RU,2021-04-05,Standard,20039.90
581,Vanessa Taylor,dawnperry@example.com,MC,2021-07-04,Standard,18463.50
582,Jessica White,carnold@example.com,MH,2019-01-25,Premium,241.81
583,Jeff Smith,pbradford@example.net,SC,2019-07-21,Basic,16179.97
584,Timothy Johnston,goodashley@example.net,MN,2021-09-08,Standard,22363.19
585,John Vaughn,jessicafox@example.com,PT,2024-12-21,Standard,21961.89
586,Kelly Bishop,thomasharmon@example.net,BO,2019-01-16,Standard,20374.11
587,Kimberly Riley,bergeramanda@example.org,PW,2020-01-20,Premium,10019.44
588,Taylor Berry,robert44@example.org,AZ,2023-02-13,Standard,20892.71
589,Linda Torres,bryan79@example.org,TO,2023-05-13,Standard,16221.16
590,William Lamb,mitchellchristopher@example.net,BO,2019-11-15,Premium,3312.79
591,Diana Anderson,joshua40@example.net,CG,2018-08-29,Premium,2592.83
592,Susan Stevenson,lwood@example.com,ME,2024-08-16,Standard,20056.62
593,Christopher Rose,cooperchristopher@example.org,UG,2022-11-30,Premium,15283.08
594,Brittany Crawford,ptownsend@example.net,OM,2022-01-08,Basic,720.41
595,Carol Lane,brian41@example.org,DM,2019-06-20,Standard,23009.95
596,John Alvarez,noahthornton@example.com,IN,2019-04-08,Standard,11017.20
597,Seth Smith,ureyes@example.net,KZ,2018-09-17,Standard,16374.34
598,Anne Schmidt,stephanie69@example.net,IR,2018-02-20,Basic,21708.31
599,Derek Garcia,rmurray@example.net,GY,2023-11-20,Basic,14416.23
600,Leah Lee,erica25@example.net,AG,2024-05-03,Premium,24447.39
601,Sandra Smith,foxgina@example.com,GN,2021-10-17,Basic,13077.58
602,Darlene Johnson,brownbrooke@example.org,US,2024-12-07,Premium,10821.20
603,Michelle Wilson,nicholasgallagher@example.net,TM,2020-10-15,Standard,8643.74
604,Cathy Rodriguez,jonowens@example.org,DZ,2022-04-26,Premium,20975.83
605,Zachary Hammond,jonathan14@example.org,MU,2024-04-05,Basic,1364.15
606,Zachary Scott,gregory17@example.org,VA,2019-10-05,Basic,21221.14
607,Matthew Rodriguez,probinson@example.org,PA,2023-07-24,Premium,1871.63
608,Ashley Jones,kimberly07@example.org,TD,2023-07-07,Standard,6022.30
609,Tasha Ortega,edward56@example.net,AD,2021-02-13,Premium,12673.23
610,Teresa Henry,upowell@example.org,SR,2024-03-04,Basic,9465.94
611,James Norris,imartinez@example.com,LT,2020-08-20,Premium,11477.36
612,Jennifer Chen,diazmelissa@example.com,BR,2024-06-05,Standard,2200.50
613,Paige Roberts,gregorywilliams@example.com,HR,2023-08-04,Standard,7901.54
614,Michael Mosley,tom73@example.org,AZ,2023-07-31,Basic,16334.33
615,Nathan Watkins,yprice@example.net,BA,2019-02-25,Standard,10308.46
616,Joseph Flowers,blevy@example.org,LU,2024-04-01,Basic,4.24
617,Richard Williams,lewisdesiree@example.net,PK,2019-01-08,Basic,24079.28
618,Sheila Herrera,sandyjohnson@example.org,RW,2021-06-01,Basic,14058.31
619,Kaitlin Hardin,sanchezdeborah@example.org,EC,2023-02-12,Standard,9083.56
620,Summer Hoover,bryantgeorge@example.net,BI,2018-08-11,Premium,21107.94
621,Ashley Crawford,bryanharris@example.com,LK,2021-09-21,Basic,19185.41
622,Erika Daugherty,marcoconnell@example.org,BD,2024-09-23,Standard,17916.45
623,Gabriela Martinez,katherinejackson@example.com,TG,2022-01-28,Basic,11313.31
624,David Perkins,craigboone@example.net,MT,2019-02-04,Basic,5543.68
625,Alexis Tucker,smithsara@example.net,CF,2021-10-30,Standard,20747.10
626,Diane Steele,nschwartz@example.org,DZ,2021-04-10,Basic,13049.63
627,Jerry Allen,cheryljohnson@example.org,VC,2019-03-12,Premium,22421.93
628,Dr. Mark Patton MD,grantjames@example.net,BY,2023-07-10,Premium,20545.97
629,Shari Hatfield,stevensims@example.org,IS,2022-08-04,Premium,6357.23
630,Brian Hernandez,kjimenez@example.net,BD,2020-03-13,Premium,3018.65
631,Jackson Clark,matthew70@example.org,SZ,2022-05-29,Premium,11426.15
632,Joshua Moore,washingtondarren@example.org,WS,2020-02-20,Basic,8448.34
633,Kevin Barnes,jerry15@example.org,BZ,2022-08-25,Premium,23165.66
634,Jason Gonzalez,charlesrichards@example.org,NZ,2024-08-08,Premium,19303.63
635,Timothy Gibson,dbrooks@example.net,FI,2023-01-20,Standard,16461.42
636,Vanessa Harris,antoniocarroll@example.com,CR,2023-08-28,Premium,24096.37
637,John Barnes,jeffrey49@example.org,DZ,2018-01-18,Basic,18405.35
638,Susan Lane,christophervincent@example.com,GM,2024-03-16,Standard,20970.40
639,Sara Ramirez,pfitzgerald@example.org,LR,2023-06-02,Basic,19527.04
640,Daniel Pennington,robinvillanueva@example.com,BD,2019-12-27,Basic,14463.86
641,John Mack,simmonsphillip@example.net,BZ,2019-06-10,Premium,9685.14
642,David Hansen,steelerichard@example.org,CO,2024-09-25,Basic,22067.40
643,David Duarte,castillokevin@example.net,PK,2023-08-27,Standard,10466.62
644,Nicole Johnson,iford@example.net,NA,2024-10-30,Basic,19059.37
645,Seth Sims,daltonchad@example.net,LT,2021-01-25,Standard,24089.84
646,Elizabeth Mullins,kristinmiller@example.com,LK,2021-04-19,Standard,20119.92
647,Kayla Kent,pamela16@example.com,PT,2019-07-20,Standard,15063.11
648,Holly Thompson,castrokim@example.org,LT,2023-09-30,Standard,21076.86
649,Brian Mendoza,karenhodges@example.com,MH,2024-02-22,Standard,17796.86
650,Kathy Henderson,brownmichael@example.com,SC,2024-03-17,Basic,5433.56
651,Barbara Mckinney,shannon51@example.org,PK,2020-05-08,Basic,17859.61
652,James White,rodriguezjoshua@example.net,CY,2021-11-15,Basic,3316.79
653,Shaun Meyer DDS,robert82@example.com,LY,2019-12-30,Basic,13562.29
654,Oscar Smith,bryanwiggins@example.org,SK,2021-08-13,Basic,2885.13
655,Jennifer Cooper,todd88@example.com,PK,2021-12-13,Basic,12009.25
656,Carlos Clarke,kristinaperez@example.com,JO,2024-05-26,Basic,17753.09
657,Amber Gomez,nhuber@example.org,LC,2023-12-27,Standard,21936.93
658,Catherine Thompson,evanwilson@example.com,TR,2022-09-27,Premium,13068.25
659,David Lopez,wadetiffany@example.org,MR,2018-04-14,Standard,3633.17
660,William Ferguson,knapprichard@example.com,CY,2018-08-20,Premium,6674.46
661,Tanya Moore,deborah47@example.com,TW,2019-10-22,Standard,17084.76
662,Ms. Bridget Cunningham,hmorgan@example.net,QA,2019-08-23,Premium,17264.87
663,Brenda Pierce,angel93@example.com,MK,2021-04-23,Premium,18839.85
664,Anthony Davidson,kimberlywang@example.org,AO,2018-05-13,Standard,20350.66
665,Samuel Rhodes,daughertypreston@example.com,LB,2019-02-24,Basic,21700.88
666,Kayla Brown,raymond65@example.com,MR,2024-04-20,Premium,18560.32
667,Gregory Parker,fsawyer@example.org,ZA,2024-04-17,Standard,5939.89
668,Natalie Perry,zroberts@example.net,NO,2021-03-24,Basic,16612.34
669,Jennifer Houston,thomaskevin@example.net,LT,2022-04-12,Standard,10414.16
670,Tyler Avila,smithdanielle@example.com,NI,2021-07-04,Basic,1345.05
671,Joel Bradley,jamescollier@example.com,TG,2020-10-26,Premium,15514.04
672,Rodney Turner MD,dhansen@example.org,AR,2022-12-20,Premium,22787.16
673,Brittany Evans,qmartinez@example.com,NI,2022-02-15,Basic,13665.38
674,Terry Newman,wilsonjoshua@example.org,US,2024-10-07,Premium,19403.67
675,Lauren Cunningham,courtney71@example.com,SG,2020-03-03,Standard,11220.37
676,Alicia Green,thomassteven@example.net,CR,2018-11-02,Premium,24061.88
677,Anthony Ward,brandon48@example.net,BO,2023-10-06,Premium,9429.96
678,Pamela White,georgegary@example.com,KW,2022-10-22,Standard,13914.97
679,Melinda Turner,cody95@example.org,AL,2019-06-17,Premium,14599.65
680,Douglas Maxwell,kpeterson@example.org,GM,2020-11-10,Premium,8264.07
681,Daniel Lopez,butlersabrina@example.org,CO,2019-09-27,Premium,3842.58
682,Karen Collins,don79@example.net,LV,2021-08-14,Basic,1271.39
683,Eric Garner,walkermelissa@example.org,FM,2024-11-26,Basic,7528.87
684,Calvin Anderson,colemankathryn@example.org,BO,2024-06-03,Basic,8952.14
685,John Reynolds,danielmcguire@example.net,UA,2021-07-25,Basic,5499.05
686,Bryan King,turneralex@example.org,CM,2020-01-24,Basic,1704.41
687,Christine Santana,ellenjohnson@example.org,AE,2023-09-01,Premium,10398.28
688,Tiffany Bailey,melissanorman@example.net,GY,2024-01-09,Standard,2298.64
689,Andrea Weiss,ricejennifer@example.com,DO,2020-06-25,Premium,16583.36
690,Kimberly Beltran,glasssamantha@example.net,PY,2021-09-18,Standard,7339.36
691,Kevin Gonzales,whitemichael@example.com,NO,2024-12-07,Basic,11871.43
692,Darren Rodriguez,david18@example.org,SA,2024-04-18,Basic,220.09
693,Michele Hawkins,millertristan@example.com,JM,2021-11-18,Standard,6008.70
694,Noah Mcdaniel,aperez@example.com,NP,2024-11-18,Basic,6095.68
695,Benjamin Randall,xcrosby@example.org,AL,2018-06-13,Basic,22141.50
696,Mrs. Ashley Kim DDS,wilsonralph@example.net,UA,2022-04-12,Premium,9646.90
697,Natalie Stafford,calvinhester@example.com,FR,2024-01-22,Basic,7070.72
698,Wanda Martinez,rhardy@example.net,TT,2023-10-19,Standard,12857.73
699,Nicole Owen,qkelly@example.net,NA,2023-09-15,Standard,12170.12
700,Ms. Brittany Gibson,kingtyler@example.net,CR,2021-04-29,Basic,4812.81
701,Oscar Greer,lgregory@example.com,UY,2023-10-06,Premium,23705.30
702,Brittany Howell,wolfdonna@example.net,SA,2019-11-17,Basic,13330.15
703,Christina Bates,iwagner@example.com,SR,2018-09-26,Premium,16758.38
704,Tiffany Johnson,hbeard@example.com,PG,2020-05-23,Basic,10605.24
705,James Stevens,thompsondonna@example.com,MA,2019-03-02,Premium,13443.86
706,Jeffrey Edwards,hfreeman@example.net,GQ,2022-11-18,Basic,20418.86
707,Juan Ryan MD,williammyers@example.com,UA,2018-10-23,Basic,17151.09
708,Lisa Gomez,luke09@example.org,CN,2018-04-08,Standard,17921.71
709,Hannah Harmon,hubbardcolleen@example.com,BY,2018-06-05,Premium,1831.20
710,William Jenkins,stanleyjohn@example.net,KR,2019-12-31,Standard,13952.11
711,Susan Jones,danny20@example.net,LR,2024-06-13,Premium,22774.66
712,Matthew Henderson,sadams@example.com,TZ,2022-07-28,Standard,11278.14
713,Eugene Hudson,ashley71@example.net,GQ,2022-07-15,Standard,7910.11
714,Jonathan Cain,garrett45@example.com,FR,2022-05-15,Basic,2957.64
715,Ryan Cobb PhD,karlwilliams@example.net,MZ,2018-01-25,Basic,18007.14
716,Lori Rubio,vargasjoshua@example.net,SM,2018-09-17,Basic,14640.20
717,Daniel Flynn,william46@example.net,SR,2018-10-25,Standard,23201.19
718,Jason King,jpowers@example.org,AM,2019-03-11,Standard,19672.30
719,Kelli Lopez,vlewis@example.com,IQ,2021-05-19,Basic,2162.63
720,Kim Mendez,umichael@example.net,BH,2022-11-28,Standard,9877.83
721,Helen Hernandez,juliecannon@example.com,NG,2018-05-07,Standard,3908.09
722,Ronald Brown,meghanadams@example.com,KH,2020-06-19,Premium,18668.85
723,Michael Young,daniellee@example.org,KR,2024-02-14,Standard,24003.36
724,Justin Graham,harrisjoseph@example.org,IL,2019-08-14,Standard,16932.23
725,Diana Pierce,stuarttodd@example.org,BG,2022-03-09,Premium,13838.10
726,Angela Guzman,lesterrichard@example.com,SV,2024-03-23,Premium,3080.88
727,Ann Hahn,joelduncan@example.net,CL,2018-01-21,Basic,14916.37
728,Sandra Herring,tyler13@example.net,CM,2024-01-10,Basic,23674.48
729,Emily Collier,vshaffer@example.org,NO,2021-06-02,Premium,18707.41
730,Brian Lewis,scott49@example.org,RW,2021-11-09,Premium,10316.36
731,Melissa Rodriguez,pwells@example.com,CY,2023-10-01,Premium,4023.86
732,Mike Underwood,brewerrebecca@example.org,SZ,2020-06-23,Basic,20868.71
733,Teresa Vazquez,johnnycruz@example.net,ME,2020-03-06,Premium,4533.95
734,Robert Martinez,miaprice@example.com,IE,2024-05-12,Premium,21284.69
735,Timothy Sherman,jason27@example.net,LB,2024-02-27,Standard,16116.86
736,Pamela Sullivan,hillchristopher@example.com,PW,2018-10-27,Standard,16792.13
737,Tammy Cook,gmcdowell@example.org,MC,2020-10-23,Premium,4935.44
738,Austin Fisher,shawn00@example.net,BA,2024-07-06,Standard,23788.50
739,Jeremy Davidson,moralescourtney@example.com,TR,2022-01-02,Premium,16782.39
740,Christopher Black,melaniejennings@example.com,PG,2020-08-18,Premium,7128.43
741,Nicholas Green,lauren31@example.com,MN,2018-10-13,Premium,7944.65
742,Shawn Duffy,andrewjohnson@example.net,KH,2023-01-20,Standard,15408.56
743,Crystal Davis,sgonzalez@example.org,BE,2021-06-06,Basic,14604.25
744,Jeffrey Green,rubiogeorge@example.net,CL,2024-05-05,Basic,9112.34
745,Joseph Ayala,fwilcox@example.org,GR,2021-07-19,Standard,4215.99
746,Cheryl Atkins,keith76@example.org,NR,2021-07-06,Premium,19641.50
747,Lindsay Carney,jessica36@example.org,NE,2022-11-22,Standard,21002.75
748,Alyssa Cherry,christinesolomon@example.com,TV,2019-07-05,Basic,18324.32
749,Judith Smith,monicamccann@example.com,LA,2023-05-20,Standard,11133.95
750,James Henderson,charles80@example.org,LT,2021-06-05,Standard,13791.80
751,Kaitlin Gomez,smithwilliam@example.com,KI,2019-12-21,Basic,15165.69
752,Megan Anderson,carpenterjorge@example.net,SA,2021-02-23,Premium,22282.43
753,Sherry Anderson,jennifer62@example.com,CI,2020-03-15,Standard,18338.62
754,William Porter,julie64@example.com,VA,2018-11-10,Basic,1885.00
755,Tammy Black,ustafford@example.net,RW,2018-03-18,Basic,15790.66
756,Brittany Farrell,jbrown@example.org,GT,2024-07-11,Basic,10128.36
757,John Martin,fgraham@example.org,PA,2024-08-13,Premium,22657.59
758,Michael Washington,urodriguez@example.org,CM,2024-03-09,Standard,13586.73
759,Dalton Mitchell,karencarson@example.net,HR,2024-01-20,Standard,16347.70
760,Lauren Bonilla,robertjones@example.com,GD,2019-09-01,Standard,9812.46
761,Gary Mitchell,longbrittany@example.org,LI,2024-08-12,Basic,21429.10
762,Brad Rivas,rgibson@example.net,KM,2019-07-03,Standard,12528.08
763,Wayne Douglas,unguyen@example.net,TN,2019-01-06,Standard,9096.64
764,Scott Solis,marcus01@example.net,UY,2018-02-13,Basic,5972.02
765,James Thompson,,MW,2024-11-20,Basic,4146.09
766,Dominique Goodwin,davidhenry@example.com,LK,2023-10-07,Premium,11155.51
767,Emily Cohen,michaeldavis@example.com,SG,2020-01-04,Basic,23717.80
768,Jeremy Hughes,anna61@example.com,MN,2019-08-22,Basic,18300.11
769,Jessica Simmons,palmerteresa@example.net,GR,2022-01-09,Premium,5470.48
770,Michelle Arias,robertssamuel@example.com,KG,2023-06-21,Premium,1571.53
771,Carl Leach,alexandraphillips@example.org,TG,2022-02-22,Premium,1070.21
772,Andrew Rodriguez,dgutierrez@example.net,WS,2020-04-26,Basic,22693.15
773,Dawn Scott,mackallen@example.net,HR,2022-01-19,Standard,11741.86
774,Richard Cameron,millernancy@example.com,KW,2023-02-06,Premium,997.62
775,Jordan Santiago,matthew23@example.org,BR,2021-08-20,Premium,17593.41
776,Lindsey Savage,hamiltonandrew@example.com,CI,2023-11-06,Basic,20741.18
777,Matthew Stevens,vmelton@example.net,RS,2020-12-14,Basic,13608.75
778,Mr. William Ward,fballard@example.org,CR,2019-12-14,Standard,16341.88
779,Brian Smith,micheleclark@example.net,CY,2022-02-05,Basic,16333.41
780,Jessica Garrett,christophercarrillo@example.org,PY,2018-11-15,Basic,6289.66
781,Bruce Barrera,emaynard@example.org,PG,2020-07-01,Basic,10146.06
782,Christina Hudson,awilliams@example.org,ZM,2021-11-14,Standard,19816.44
783,Jessica Perry,mmclaughlin@example.net,TG,2024-10-10,Premium,12545.92
784,Mrs. Jennifer Palmer DDS,dhall@example.net,AM,2019-07-24,Standard,4140.15
785,Ethan Brown,hsmall@example.com,VU,2018-11-12,Basic,16086.93
786,Hannah Terry,martinjessica@example.com,LY,2020-05-16,Premium,4672.64
787,Jordan Matthews,sandra72@example.com,RS,2022-01-23,Basic,17932.57
788,Toni Whitaker,laura29@example.org,JM,2019-04-30,Basic,5758.66
789,Angelica Webb,jamesobrien@example.org,NI,2021-09-14,Basic,2833.47
790,Katherine Young,kiddmichael@example.com,MK,2023-05-16,Standard,5267.60
791,Carrie Villarreal,romanmatthew@example.org,VN,2019-10-23,Basic,20834.12
792,Justin Tucker,kristen08@example.com,CZ,2018-04-02,Premium,1078.61
793,Shelly Munoz,mccarthysara@example.com,PK,2024-06-07,Basic,4028.23
794,Nicole Villegas,colonbobby@example.org,DM,2023-10-01,Premium,22269.94
795,Shelby Bartlett,jessicaerickson@example.net,SB,2019-08-25,Premium,4158.53
796,Annette Holland,lori13@example.com,NI,2020-01-08,Basic,23955.96
797,Adriana Davenport,gpeterson@example.org,BS,2024-09-20,Basic,15940.57
798,Mike Perry,edwardmolina@example.com,GT,2021-03-07,Premium,5414.84
799,Jeffrey Hardin,hcrane@example.net,ML,2024-10-20,Standard,21682.56
800,Jessica Carrillo,millerleroy@example.org,NZ,2019-11-30,Premium,20759.09
801,Peter Keller,rachelbrown@example.net,LC,2024-09-27,Premium,19865.40
802,Sheri Kaufman,rmorales@example.net,TG,2020-01-15,Basic,16491.22
803,Mikayla Edwards,alan48@example.net,CY,2020-12-19,Premium,18104.67
804,Jill Harris,zterry@example.net,NA,2021-11-04,Standard,14913.33
805,Shirley Miller,peter28@example.net,JM,2018-10-09,Premium,9455.28
806,Jorge Collins,katherine20@example.org,SR,2019-06-26,Premium,414.07
807,Daisy Schroeder,hbenitez@example.net,BH,2023-11-12,Basic,17109.20
808,Debbie Romero,williamsdebra@example.org,PE,2019-09-05,Basic,2407.46
809,Norman Chavez,lindazhang@example.net,LC,2023-05-04,Basic,14995.34
810,Lori Ferguson,michaelmitchell@example.net,TO,2023-12-17,Basic,18809.58
811,Michelle Stone,danielblack@example.org,ML,2019-01-17,Standard,16484.82
812,Charles Simmons,dmiller@example.com,CO,2024-10-07,Basic,20688.04
813,Jeremy Wood,hchapman@example.com,IN,2022-11-03,Basic,10517.10
814,Mallory Barajas,adennis@example.org,CV,2018-06-27,Basic,13245.41
815,Kari Ellis,bensonstanley@example.org,AE,2020-07-28,Standard,19738.89
816,Justin Dorsey,guzmanricky@example.org,MN,2022-04-11,Standard,14726.20
817,Amanda Hernandez,kevin54@example.com,RU,2024-06-17,Premium,10637.23
818,Charles Bowers,twilliams@example.com,GM,2020-11-08,Standard,19146.47
819,Patrick Smith,carlos06@example.com,TO,2018-12-10,Standard,14957.31
820,Jesse Morgan,ualvarez@example.net,CO,2024-02-06,Standard,6445.12
821,Kathy Murray,jcontreras@example.net,LR,2018-01-23,Basic,18591.14
822,Mario Hanson,zhall@example.com,SR,2018-01-30,Basic,13063.52
823,Michael Ramos,debbie20@example.net,ZM,2023-10-30,Premium,9375.75
824,Michelle Hoffman,schneiderchristopher@example.net,SR,2020-04-21,Basic,20107.18
825,Amy Hudson,karenshaw@example.org,CL,2022-08-02,Standard,2664.58
826,Kim Rivers,kristin39@example.com,BS,2022-10-12,Basic,14634.25
827,Lisa Morales,henrysarah@example.com,NZ,2020-12-06,Basic,10589.04
828,Alexander Rice,hscott@example.org,SR,2022-02-06,Basic,6889.01
829,Charles Scott,moorestephanie@example.net,DO,2022-06-16,Premium,10330.70
830,Tyrone White,evanscorey@example.org,NG,2024-04-02,Standard,4467.99
831,Deanna David,williamsjohn@example.net,TZ,2024-04-09,Basic,12094.00
832,Jordan Gordon,adamslucas@example.net,NE,2021-06-10,Basic,8608.91
833,Allen Schultz,adamstabitha@example.net,BZ,2022-06-19,Basic,3451.71
834,Justin Glover,kristathomas@example.net,DO,2019-05-03,Basic,5744.28
835,Kimberly Henderson,dwilliams@example.net,JP,2019-10-25,Premium,5361.45
836,Carol Brown,qnelson@example.net,MU,2022-06-29,Standard,20021.34
837,Dr. Christy Pittman MD,jocelynhart@example.com,BT,2024-11-20,Basic,17114.11
838,Bryce Taylor,natalie39@example.net,LB,2018-08-02,Premium,9727.59
839,Theresa Reid,qnelson@example.com,LV,2018-01-22,Premium,20581.39
840,Tyler Murphy,deborahsmith@example.com,AF,2023-04-16,Basic,10884.44
841,Megan Gutierrez,ifarmer@example.org,CF,2018-09-20,Standard,5544.26
842,Kimberly Stafford,wchambers@example.com,US,2018-11-24,Basic,943.88
843,Christopher Tate,martinezmitchell@example.org,PA,2022-04-24,Standard,15349.14
844,Patrick Chang,james94@example.net,GN,2023-11-05,Standard,17790.15
845,Johnny Cox,trevor93@example.org,FJ,2024-09-13,Premium,23642.90
846,Miss Ashley Ramirez,mjackson@example.net,SZ,2019-12-19,Basic,12359.21
847,Melanie Cunningham,chapmanjulie@example.org,IL,2018-02-13,Premium,21264.19
848,Savannah Ibarra,james08@example.net,ID,2023-10-24,Standard,4868.66
849,Sonya Smith,pdavidson@example.org,LI,2024-09-21,Basic,12895.34
850,Zachary Hill,hsimpson@example.org,WS,2020-08-06,Basic,4237.07
851,Donald Fisher,zstewart@example.org,LT,2018-05-28,Standard,5981.42
852,Kenneth Johnson,tiffanycoleman@example.org,HU,2018-01-02,Premium,2171.07
853,Gary Brown,johnsonryan@example.org,UA,2021-02-04,Standard,8828.19
854,Taylor Pittman,danielallen@example.com,BF,2022-06-07,Standard,14652.00
855,Kelly Young,parsonschristine@example.org,YE,2023-10-22,Premium,18423.14
856,Calvin Villegas,bennettpamela@example.net,BI,2018-10-09,Premium,13739.82
857,Amy Lang,turnerconnie@example.org,CA,2024-04-09,Basic,8702.38
858,Kristin Phillips,nmorales@example.com,HT,2021-02-06,Premium,15159.09
859,Rachel Hanson,yreyes@example.com,VN,2020-03-07,Standard,23242.85
860,Gina Pace,gibsonmark@example.org,CD,2024-06-12,Premium,6527.69
861,Kurt Jones,rebeccamartinez@example.net,IE,2022-07-26,Basic,2661.62
862,John Oliver,johnrobles@example.org,CN,2018-10-24,Basic,7356.30
863,Jeffrey Moyer,larry82@example.org,PW,2019-04-25,Basic,23917.73
864,Grant Wood,holmesdiane@example.org,BG,2024-01-13,Basic,6253.54
865,Robert Hansen,hendersonjames@example.org,DZ,2022-12-19,Standard,14079.22
866,Rachel Peterson,dneal@example.net,MD,2020-09-23,Standard,24030.97
867,Kenneth Mccarty,robert21@example.com,BB,2023-02-23,Basic,11518.01
868,Thomas Fowler DDS,phanson@example.com,LK,2024-07-31,Premium,12049.25
869,Robin Aguirre,lharris@example.org,ML,2020-11-22,Premium,9566.83
870,Hunter Spencer,kellylee@example.net,ML,2020-06-21,Basic,17529.40
871,Allen Gonzalez,jefferygreen@example.org,LU,2021-07-17,Standard,23886.14
872,Danielle Gonzalez,meganlozano@example.org,GD,2023-10-17,Basic,243.08
873,Matthew Dyer,sharon47@example.org,MN,2020-12-14,Premium,7182.24
874,Mary Pugh,ejohns@example.org,CV,2022-06-23,Basic,18719.70
875,Bianca Lopez,ubenson@example.net,NP,2021-11-01,Premium,13863.79
876,Dana Williams,melissaphillips@example.org,LR,2020-01-02,Standard,7846.82
877,Mark Ramirez,melissaschmitt@example.com,GE,2020-06-14,Basic,6726.89
878,Rachel Gibbs,jacksonpaul@example.net,GB,2020-02-18,Standard,18427.81
879,Kathleen Marshall,jennifer87@example.net,SA,2020-08-19,Basic,6051.41
880,Kevin Little,clarkpatricia@example.com,GW,2020-12-23,Premium,5730.19
881,Eric Oneal,selenabrooks@example.net,BS,2020-10-19,Basic,8900.68
882,Bradley Wallace,jerry07@example.net,VU,2019-03-13,Premium,23004.70
883,Jerry Reynolds,linda54@example.com,AR,2023-07-11,Basic,165.59
884,David Brewer,rachel48@example.net,ST,2024-01-27,Premium,21200.26
885,Rachel House,wilsonmichael@example.net,FR,2022-03-01,Basic,7885.42
886,Michael Wright,james92@example.net,SZ,2024-06-11,Standard,12270.13
887,Debbie Carrillo,lynn66@example.net,TW,2023-09-25,Standard,9946.99
888,Kaitlyn Hunt,michelleperez@example.net,AE,2024-06-20,Premium,1353.70
889,David Matthews,dsharp@example.com,BS,2022-09-30,Standard,23491.36
890,Cole Carrillo,cclark@example.net,AT,2018-05-14,Basic,8682.22
891,Kenneth Anderson,porterdonna@example.com,LU,2019-12-17,Standard,24412.68
892,Jeffery Goodwin,mark09@example.org,CU,2023-10-24,Standard,7891.28
893,Troy Rivera,nbaird@example.com,BI,2018-02-04,Premium,16852.58
894,Chelsea Rodriguez,tfowler@example.org,DO,2022-04-04,Basic,2518.70
895,Juan Johnson,ocampbell@example.com,KM,2022-01-21,Basic,21546.05
896,Jordan Wood,jacksonmichele@example.com,MX,2020-02-06,Basic,6571.23
897,Brian Herrera,ypaul@example.org,CO,2021-01-08,Standard,23963.17
898,Emily Meyers,kmoore@example.com,TZ,2021-11-06,Standard,4597.84
899,Mitchell Stevens,adrianthomas@example.org,MZ,2022-10-03,Premium,10477.32
900,Danielle Murphy,kstevens@example.org,LK,2022-03-05,Standard,21358.15
901,Matthew Ellison,,EC,2021-02-19,Standard,4497.23
902,Christopher Williamson,qellis@example.org,MC,2019-06-22,Basic,17150.30
903,Jennifer Bautista,nicolemoore@example.net,SO,2019-02-14,Basic,6748.73
904,Thomas Wolfe,reginajenkins@example.net,CM,2020-08-23,Basic,10805.47
905,Angela Garcia PhD,robert24@example.org,SD,2022-04-10,Premium,3646.09
906,Alexander Fowler,vjames@example.com,FI,2019-09-05,Standard,20141.71
907,Adam Wilson,markgoodman@example.com,PL,2019-12-25,Standard,12489.95
908,Joshua Allen,rtaylor@example.org,DO,2023-10-19,Basic,18014.01
909,Lisa Thompson,nicholspeter@example.org,SV,2023-06-17,Standard,6274.35
910,Megan Hernandez,gregory08@example.org,PA,2024-05-14,Premium,9960.05
911,Sara Cain,myerskyle@example.org,US,2019-11-01,Premium,5386.68
912,Raymond Wang,nicholasallen@example.org,AM,2020-11-07,Standard,20974.29
913,William Rogers,erinbrown@example.org,TL,2019-01-30,Standard,18614.83
914,Christopher Perry,ochoamarcus@example.net,ET,2020-11-30,Standard,9007.66
915,Taylor Foster,nmartinez@example.org,MK,2024-04-02,Standard,8603.51
916,Adrian Valdez,pricestephen@example.org,KM,2022-08-14,Premium,8777.26
917,Marie Wood,mcclurerobert@example.net,SB,2024-10-16,Premium,14421.34
918,Mrs. Kimberly Mooney,johnathandavis@example.com,ZM,2024-01-15,Premium,24484.33
919,Megan Compton,martinreid@example.net,LB,2021-03-11,Standard,8127.26
920,Mary Jones,franklinbrenda@example.com,SE,2023-09-22,Standard,19368.61
921,Crystal Matthews,hallchristina@example.org,KR,2023-01-05,Premium,9526.77
922,Jeffrey Sanchez,brownnicholas@example.com,FR,2021-03-19,Standard,15792.80
923,Dan Johnson,vstevenson@example.org,IT,2019-08-17,Premium,16014.52
924,Richard Williams,swong@example.org,GT,2021-10-13,Standard,15781.84
925,Erin Allen,knoxelizabeth@example.org,LA,2024-05-30,Standard,21222.52
926,Courtney Salas,isaiah01@example.com,BJ,2018-10-20,Premium,4049.99
927,Amy Braun,davidthompson@example.net,GA,2020-07-23,Standard,7921.96
928,Blake Hardy,frank33@example.com,EE,2021-04-08,Basic,6686.81
929,Elizabeth Ray,josephharrington@example.org,ML,2022-06-08,Standard,22192.30
930,Christopher Alexander,ywolf@example.com,AO,2022-01-27,Basic,14672.99
931,Jessica Miller,brooke28@example.net,EC,2023-01-19,Standard,4182.95
932,John Chavez,ehart@example.org,LT,2018-04-05,Premium,18194.31
933,John Moore,adamhensley@example.net,RS,2020-10-27,Basic,17517.42
934,Jared Perry,xwaller@example.com,RW,2018-11-24,Premium,4172.76
935,William Jones,riddledavid@example.net,DK,2019-02-26,Premium,1594.81
936,Jeffrey Scott,william75@example.net,BG,2023-04-23,Basic,1345.64
937,Tammy Fitzgerald,timdorsey@example.com,ZM,2022-06-15,Basic,19124.91
938,Alyssa Wade,josegibson@example.net,CY,2018-12-07,Premium,6561.31
939,Lance Lynn,alexanderwise@example.net,LC,2019-09-29,Premium,16370.82
940,Jennifer Willis,stonejacob@example.com,DM,2022-05-16,Standard,5733.90
941,Dawn Turner,uwillis@example.com,GB,2021-03-09,Standard,15662.02
942,Monica Davis,lisa43@example.net,MY,2019-06-22,Basic,20962.94
943,Abigail Jackson,esmith@example.net,NI,2018-04-28,Premium,16588.73
944,Mary Quinn,gregorylopez@example.org,FJ,2021-08-25,Standard,11679.84
945,Mr. Brian Bradley,jacobbrown@example.org,PS,2024-01-24,Standard,13713.63
946,William Savage,nsims@example.org,ZW,2019-07-08,Basic,13482.19
947,Edward Gray,caleb09@example.org,QA,2024-08-17,Basic,11413.59
948,Dr. Adam Adams,ortegakristina@example.org,BY,2024-04-29,Standard,13086.50
949,Ricky Bennett,sarah75@example.net,NP,2023-12-27,Standard,22723.08
950,Michael Cooper,lisa56@example.com,VA,2023-05-27,Basic,5678.21
951,Henry Rivera,smithmonica@example.com,RS,2019-01-02,Standard,7696.70
952,Tammy Johnson,meltonjoshua@example.net,GB,2022-08-16,Standard,3892.94
953,Isabella Montgomery,qrobertson@example.org,AD,2018-02-13,Premium,13082.91
954,Dr. Robin Smith,morgan57@example.org,UZ,2019-07-13,Standard,7169.06
955,Dr. Robert Bailey,shatfield@example.org,ES,2024-01-01,Premium,17194.25
956,Lawrence Joseph,andersonlaura@example.com,GQ,2023-07-08,Standard,7490.26
957,Victoria Owens DVM,olsonamber@example.org,GH,2022-10-30,Standard,14925.09
958,Tony Graves,grahamjennifer@example.org,LR,2018-01-30,Basic,9341.10
959,Pamela Robinson,elizabeth12@example.net,ZW,2022-08-14,Basic,10927.66
960,Ann Holt,sarahmiranda@example.net,BI,2020-10-20,Premium,17873.45
961,Jamie Love,yvaldez@example.net,NZ,2022-05-16,Standard,5514.81
962,Courtney Wilson,rodriguezmatthew@example.net,ET,2018-11-21,Standard,15633.08
963,Audrey Richardson,stephanie90@example.com,BH,2023-10-18,Basic,20189.37
964,Cheryl Price,xflores@example.net,CN,2021-01-18,Standard,16211.43
965,Lindsay Walker,dsmith@example.com,CY,2023-12-19,Standard,10322.60
966,Elizabeth Robinson,shernandez@example.org,AE,2018-10-08,Premium,3415.60
967,Rebecca Warner,kyle14@example.net,TO,2019-03-29,Basic,11383.58
968,Ronald Simpson,zbrown@example.com,DE,2023-01-29,Standard,17511.81
969,Christine Oconnor,isabellawilliams@example.org,RU,2023-07-09,Premium,8016.09
970,Elizabeth Briggs,vickiekelley@example.com,NO,2019-09-16,Premium,24242.91
971,Wanda Todd,ujones@example.com,JM,2018-04-01,Premium,24308.32
972,Chloe Chase,hornjenna@example.com,TD,2021-03-01,Standard,3125.98
973,Chad Dominguez,phyllis33@example.net,FJ,2022-12-01,Basic,205.10
974,Alexa Barber,gregoryvanessa@example.org,MT,2019-01-05,Premium,368.12
975,Jessica Skinner,davisterri@example.org,BF,2020-06-08,Standard,10506.08
976,Jose Morgan,obooker@example.net,NA,2023-08-04,Standard,11592.11
977,Bryan Sanders,hailey26@example.net,SV,2018-05-10,Standard,2005.58
978,Paula Hancock,phill@example.com,MN,2019-08-22,Premium,6662.59
979,Bruce Martinez,andrewberry@example.net,QA,2022-05-27,Premium,13579.80
980,Patrick Bauer,patrickcooke@example.net,NZ,2020-01-14,Premium,22392.47
981,Calvin Nguyen,richardhaynes@example.com,TH,2020-10-21,Standard,20706.30
982,Rachel Moreno,stonebrenda@example.net,CF,2019-05-15,Basic,6224.06
983,Paul Sheppard,whitecarol@example.org,AF,2022-12-20,Premium,18440.48
984,Rebecca Martinez,baileydelgado@example.org,TJ,2018-05-18,Premium,11520.87
985,Paul Miller,huntermichael@example.net,DO,2019-01-20,Basic,16650.20
986,Tony Smith,brandon84@example.net,SN,2020-05-03,Standard,9728.07
987,Kenneth Neal,catherine83@example.net,BZ,2021-07-02,Standard,3965.29
988,Amanda Johnson,kevinwall@example.org,UY,2018-06-22,Basic,23435.52
989,Leslie Ramirez,qjones@example.com,MU,2023-11-04,Premium,6332.82
990,Carla Bryant,erica28@example.org,BN,2021-05-08,Premium,9010.67
991,Debra Schultz,jenniferelliott@example.net,SE,2018-08-02,Basic,5444.71
992,Jennifer Hernandez,mgray@example.org,BO,2019-04-08,Premium,15822.72
993,Joseph Sutton,ojones@example.org,ML,2021-08-22,Premium,4184.01
994,Paula Thomas,joshuagarcia@example.org,MT,2021-02-04,Basic,2991.24
995,Rachel Martinez,brianna71@example.net,MG,2020-09-22,Premium,24220.87
996,Sharon Arnold,mosleygeorge@example.com,EG,2024-07-08,Basic,11881.77
997,Patrick Faulkner,iwoods@example.com,AG,2024-09-08,Premium,9284.97
998,Michelle Sandoval,nicholasmoss@example.org,RS,2019-01-02,Premium,3942.46
999,Jacqueline Waters,lmann@example.com,MH,2019-01-10,Basic,15466.12
1000,Kathryn Hill,tmeyer@example.org,KP,2018-09-03,Premium,8887.94
1001,Angie Torres,megan11@example.net,GY,2019-09-23,Basic,13408.83
1002,Carmen Brown,angela70@example.com,GD,2019-03-16,Premium,12196.07
1003,Monica Castillo,sullivanchristina@example.net,AF,2021-07-21,Basic,19714.05
1004,Michele Brady,virginiaguerrero@example.net,LA,2021-11-23,Standard,18329.72
1005,Lisa Oconnell,gregoryrichardson@example.org,SG,2018-03-29,Basic,9444.22
1006,Anthony Simpson,nathanielwilson@example.net,HU,2019-07-06,Standard,22466.58
1007,Sarah Hodge,kevin44@example.org,AD,2023-06-11,Basic,10937.50
1008,Laura Robinson,sarah80@example.com,VN,2021-04-22,Basic,17425.94
1009,Amy Smith,wmurphy@example.org,AF,2020-02-17,Basic,4665.67
1010,Nathan Morales,garciatravis@example.org,SM,2021-11-25,Standard,18310.06
1011,Brittany Martinez,xsmith@example.net,ID,2021-02-01,Basic,22861.85
1012,James Evans,imcclain@example.com,CD,2024-03-21,Premium,1721.91
1013,Mary Gonzales MD,tsmith@example.org,CG,2019-09-27,Standard,7391.82
1014,Andrew Foster,rachel23@example.com,TL,2020-12-14,Basic,9177.82
1015,Mrs. Katherine Simpson,markduran@example.com,SC,2018-01-03,Basic,12648.94
1016,Natalie Petersen,danielrodriguez@example.org,CN,2020-01-30,Premium,15493.37
1017,Jonathan Saunders,brettgallegos@example.com,UG,2022-01-31,Basic,5969.66
1018,Jessica Roberts,bmiller@example.org,VN,2018-09-17,Basic,24179.08
1019,Jorge Wright,linvirginia@example.org,TL,2022-05-07,Premium,13101.74
1020,Christina Mccarthy,hayneswayne@example.org,ET,2023-07-31,Basic,3853.29
1021,Leslie Walters MD,richardhill@example.org,CY,2021-03-05,Standard,10245.11
1022,Luis Davis,jamesalicia@example.net,ZW,2021-08-12,Premium,2406.41
1023,Courtney Simmons,hicksdawn@example.com,CG,2018-10-01,Premium,20879.83
1024,Douglas Bell,dwright@example.org,BB,2019-06-16,Premium,21837.32
1025,Matthew Morris,thomas91@example.com,ER,2020-04-07,Premium,12134.26
1026,John Cook,davisalexander@example.net,CO,2019-02-09,Premium,14275.30
1027,Patrick Ward,john43@example.net,MV,2022-05-11,Basic,12247.74
1028,Brian Soto,williamstanya@example.net,ET,2024-12-30,Basic,14757.52
1029,Jeremy Garcia,kevin73@example.net,WS,2018-07-21,Standard,5518.07
1030,Carl Barnes,patricia85@example.com,PE,2018-10-18,Premium,23255.28
1031,Autumn Graham,gbarnes@example.org,DM,2020-05-04,Basic,12285.14
1032,Melissa Anderson,sosabruce@example.net,ET,2018-11-24,Standard,20025.50
1033,Jennifer Cohen,martinkaren@example.com,TJ,2018-09-06,Standard,13950.50
1034,Jennifer Nelson,adamarmstrong@example.net,MC,2022-08-31,Standard,19856.24
1035,Timothy Hunt,kevin34@example.net,IQ,2018-08-27,Basic,6645.39
1036,Carolyn Williams,kellybowman@example.com,CR,2018-06-16,Basic,1759.70
1037,Richard Day,veronicaclark@example.org,AD,2021-05-29,Premium,23615.09
1038,Mackenzie Compton,christopher84@example.net,CR,2023-10-29,Premium,2530.63
1039,Logan Nguyen,garrettalex@example.com,GN,2020-08-04,Basic,9633.28
1040,Diana Scott,medinatiffany@example.net,CD,2020-03-02,Basic,16421.91
1041,Melissa Bautista,molly98@example.org,PA,2024-05-23,Basic,23687.58
1042,Derrick Perkins,omoore@example.net,RS,2024-04-06,Basic,13953.54
1043,Charles Mendoza,lwhite@example.org,ET,2019-03-09,Basic,14414.09
1044,Terri White,andrew22@example.com,LA,2023-02-22,Basic,16631.06
1045,Andrea Jones,spencerbrewer@example.com,BZ,2019-03-03,Premium,19811.54
1046,Breanna Christensen,morrisonnicholas@example.org,CG,2024-03-02,Standard,12617.32
1047,Pamela Newman,andersonkayla@example.com,CV,2019-10-10,Basic,24960.84
1048,Linda Sparks,rosariodaniel@example.net,LU,2022-12-20,Standard,22562.12
1049,Angela Taylor,tochoa@example.com,QA,2024-03-03,Standard,21121.35
1050,Anthony Holt,smithbradley@example.net,KE,2022-08-16,Basic,10764.70
1051,Stephen Perry,barrandrew@example.com,MV,2021-08-17,Basic,6018.06
1052,Matthew Perez,tmcdaniel@example.org,RW,2024-02-13,Premium,9376.58
1053,Brian Garcia,michael95@example.org,ML,2024-03-03,Basic,6352.23
1054,Tamara Huang,gregorymoreno@example.net,EG,2023-01-28,Standard,23995.61
1055,Brittany Contreras,colleen45@example.org,IR,2018-01-01,Basic,866.57
1056,Mary Cantu,mccormickmichelle@example.org,TD,2021-03-11,Basic,407.56
1057,Charles Griffin,hbriggs@example.net,NP,2019-07-08,Standard,164.22
1058,Diana Davis,huntercruz@example.com,SA,2020-06-27,Premium,21393.01
1059,Michael Gutierrez,devon36@example.com,SY,2018-03-30,Basic,20558.44
1060,Joseph Patel PhD,tmiller@example.com,SL,2024-03-17,Basic,13908.08
1061,Melissa Goodman,youngaaron@example.org,ML,2024-05-30,Premium,2357.18
1062,Tina Mccall,pruittmichael@example.org,KE,2023-03-01,Standard,3902.68
1063,Russell Arnold,osanchez@example.org,AE,2020-12-21,Standard,22240.63
1064,Victor Padilla,squinn@example.com,MR,2020-10-20,Premium,6406.10
1065,Brian Perkins,kmonroe@example.org,CY,2021-05-15,Premium,14262.18
1066,Bob Jones,,CH,2024-05-19,Premium,18356.65
1067,Joseph Rush,vjenkins@example.com,KH,2021-08-22,Standard,4322.56
1068,Donna Moore,munozglenn@example.org,AG,2024-06-18,Premium,14880.78
1069,Jeff Vaughan,qspencer@example.net,SC,2021-05-15,Premium,18269.73
1070,Darren Huynh,teresa86@example.org,CH,2024-06-18,Standard,1961.93
1071,Manuel Robinson,lynndaugherty@example.net,BO,2018-08-18,Standard,8698.26
1072,Julie Edwards,kwilcox@example.org,MR,2022-11-14,Standard,23256.15
1073,Chloe Rodriguez,coxkimberly@example.com,AT,2019-05-09,Premium,18691.97
1074,Christopher Rodriguez,carlaavila@example.com,ET,2024-10-03,Premium,15847.18
1075,Margaret Johnson,christopher99@example.org,TM,2022-04-16,Premium,7619.58
1076,Mrs. Amber Davis,alan54@example.com,SC,2018-06-18,Standard,13498.24
1077,Paul Swanson,jacquelinedavis@example.com,SZ,2019-09-05,Standard,12560.04
1078,Kathryn Hampton,matthewspatrick@example.net,AZ,2020-06-23,Premium,1263.00
1079,Christian Ford,cisnerosjesse@example.org,KZ,2022-05-29,Standard,18821.01
1080,Patricia Martin,seth25@example.com,ML,2024-06-14,Basic,2252.07
1081,Teresa Williams,nallen@example.net,BO,2022-11-05,Standard,19659.21
1082,Latasha Gamble,ballarddouglas@example.com,SY,2019-08-30,Premium,8404.20
1083,Rebecca Jacobson,udavis@example.org,KE,2023-05-04,Basic,18632.88
1084,Douglas Cox,jonesjennifer@example.com,IL,2024-02-24,Standard,6563.95
1085,Dr. Pamela Ramos,shelbybonilla@example.com,BB,2022-06-21,Basic,10862.28
1086,Dustin Ortiz,scotthunt@example.net,KW,2019-06-19,Premium,12023.06
1087,Michael Hunter,natalie09@example.net,BG,2020-03-22,Standard,9882.97
1088,Danielle Nicholson,mooredaniel@example.com,DJ,2024-05-29,Premium,14029.19
1089,Sarah Walker,wcaldwell@example.com,PT,2023-11-18,Premium,6057.88
1090,Stephanie Marshall,whitedaniel@example.com,NR,2020-12-26,Standard,8085.29
1091,Gary Stewart,ramirezbenjamin@example.org,PW,2024-06-17,Premium,2813.25
1092,Daniel Carroll,nirwin@example.org,GH,2022-08-22,Standard,9131.69
1093,Tiffany Sutton,johnny21@example.org,BJ,2020-02-20,Standard,8613.12
1094,Brad Russo,hsavage@example.org,SV,2018-04-10,Standard,4231.38
1095,Cathy Brown,wpeterson@example.com,DM,2021-12-03,Basic,20539.60
1096,Tom Olson,tammykim@example.net,TO,2022-12-17,Basic,3645.46
1097,Adam Logan,christiancontreras@example.net,CY,2018-07-03,Premium,4992.13
1098,William Mcmillan,alexis72@example.com,LB,2022-03-12,Premium,18943.34
1099,Wayne Russell,mcneilsherry@example.org,ZW,2018-12-18,Premium,18489.54
1100,Wayne Davis,julielopez@example.net,ST,2020-09-22,Basic,23168.24
1101,Lindsay Robinson,stephaniebonilla@example.net,AL,2021-03-24,Premium,8581.78
1102,Jack Turner,wayne17@example.net,PH,2019-04-01,Standard,11251.54
1103,Guy Clayton,wmills@example.com,CI,2018-04-04,Standard,5225.24
1104,Judy Brooks,amyjames@example.net,FM,2024-01-13,Premium,5095.03
1105,Madison Park,cowanlinda@example.org,BT,2023-11-14,Standard,13720.00
1106,Lisa Jenkins,nbrady@example.net,BZ,2024-12-26,Basic,24807.55
1107,Kathy Shaffer,melissa33@example.com,TG,2018-03-17,Standard,14575.12
1108,Craig Harrison,belllaura@example.com,NG,2023-11-28,Premium,6386.41
1109,Maria Mueller,xsmith@example.org,SD,2018-09-04,Standard,5017.40
1110,Shawn Baker,anunez@example.com,AU,2024-12-06,Standard,1327.13
1111,Christian Brooks,matthew96@example.org,TH,2018-02-04,Premium,9716.13
1112,Cheryl Newman,solisbecky@example.org,ZW,2021-01-16,Basic,21302.07
1113,Nicholas Powell,zachary63@example.org,KN,2022-01-15,Premium,476.96
1114,Kathy Welch,ocameron@example.com,TG,2022-05-03,Premium,24494.82
1115,Frank Davis,kimcristina@example.net,DE,2023-09-14,Basic,2490.09
1116,Michael Knapp,armstronganthony@example.net,CO,2021-07-16,Standard,21669.32
1117,Miss Paula Lopez,kennethnichols@example.org,RS,2023-12-18,Premium,4660.43
1118,Rachel Townsend,hillsavannah@example.net,AO,2023-08-13,Standard,14017.19
1119,Lauren Garcia,hho@example.org,CV,2018-03-30,Premium,6184.80
1120,Steven Davis,nkirk@example.com,BZ,2023-12-09,Standard,8339.24
1121,Alex Jones DVM,clarkrobert@example.com,ZW,2022-05-31,Basic,3925.13
1122,Rhonda White,bergerdonna@example.net,UZ,2021-11-21,Basic,8797.83
1123,Autumn Cooper,timothy99@example.net,AF,2021-05-23,Premium,24899.86
1124,Patrick House,catherineherrera@example.net,SG,2023-08-16,Standard,20297.32
1125,Cindy Diaz,anthonytaylor@example.org,ZA,2020-11-21,Standard,22260.05
1126,Beth Hill,stephaniebailey@example.net,CF,2018-05-01,Basic,23727.91
1127,Patrick Simpson,qnielsen@example.org,FJ,2020-07-12,Premium,8544.65
1128,Stacy Campbell,ygarcia@example.net,KR,2022-05-29,Basic,3431.52
1129,Daniel Bowen,bandrade@example.net,AE,2022-04-15,Basic,24015.14
1130,Fernando Rodriguez,kpatterson@example.com,MR,2024-11-13,Basic,17163.08
1131,Sabrina Cole,rubiojohnny@example.com,KE,2022-09-06,Premium,14322.46
1132,Sherry Clements,raymond12@example.com,NP,2022-10-13,Standard,22743.38
1133,Heather Jones,nathan51@example.org,LB,2021-09-10,Standard,13555.84
1134,Michelle Lewis,rachel81@example.com,JM,2020-04-26,Basic,3464.41
1135,Kelsey Garcia,jennifer19@example.net,NL,2024-01-27,Basic,20002.63
1136,Jessica Li,jameslang@example.com,BD,2019-07-20,Standard,17213.30
1137,Jennifer Martinez MD,brittany39@example.org,JM,2023-11-16,Premium,10751.61
1138,Richard Johnston,buckjustin@example.com,AZ,2019-08-18,Basic,23325.75
1139,Tamara Williams,jonescody@example.com,RS,2019-10-10,Standard,1695.35
1140,Evan Reed,hawkinslawrence@example.net,BE,2023-12-24,Basic,2959.68
1141,Michael Gibson,cameronsharon@example.org,AT,2021-07-24,Premium,18176.99
1142,Roger Taylor,michelle63@example.org,BT,2021-07-29,Standard,24029.90
1143,Steven Wood,villamiranda@example.com,BD,2021-05-27,Standard,18640.24
1144,Travis Jones,hailey64@example.net,DO,2021-01-26,Premium,19477.70
1145,Lauren Wilson,michelle96@example.net,PE,2019-03-14,Premium,4618.66
1146,Kelly Allen,rstanley@example.com,ES,2024-11-11,Basic,6671.57
1147,Mr. Ralph Dawson,angelica33@example.net,BO,2024-05-11,Basic,5772.78
1148,Johnny Lewis,taylorcruz@example.com,CA,2020-08-09,Premium,17184.45
1149,Robert Gill,kathleen47@example.net,DE,2022-01-11,Premium,17203.53
1150,Ashley Anderson,paul79@example.net,FR,2023-05-07,Premium,12558.11
1151,Chelsea Ramirez,ginalynn@example.net,KH,2024-10-12,Standard,17800.48
1152,Joel Rodriguez,allenpatricia@example.org,IQ,2022-03-12,Premium,21303.24
1153,Matthew Chavez,david81@example.com,NR,2023-07-06,Standard,3437.82
1154,James Jordan,brian45@example.org,BE,2020-03-02,Premium,805.74
1155,Monique Henderson,jaime29@example.com,SM,2018-03-03,Standard,23754.95
1156,Kelly Rodriguez,lucassusan@example.org,CI,2020-06-30,Basic,16783.48
1157,Andrew Adams,pateljoshua@example.net,ME,2020-04-10,Premium,1653.41
1158,Jenna Garcia,tyler23@example.com,DZ,2022-12-05,Basic,12248.57
1159,Kyle Gross,lopezrebecca@example.net,QA,2021-08-23,Standard,22189.67
1160,Sarah Watts,lesliejones@example.org,LT,2022-10-18,Standard,19405.37
1161,Brenda Smith,bpatterson@example.org,IN,2024-10-26,Basic,20608.21
1162,Carolyn Wolf,wheelertara@example.net,AD,2021-07-05,Standard,15287.62
1163,David Rodriguez PhD,mary88@example.org,TW,2024-05-31,Basic,13403.98
1164,Brandon Torres,shaun58@example.com,HR,2018-06-07,Basic,2732.91
1165,Mr. Adam Gomez,patricia97@example.org,IR,2023-02-15,Premium,21944.50
1166,Monica Smith,qchase@example.org,MK,2020-10-03,Basic,13446.73
1167,Mr. Patrick Mcpherson MD,leestephanie@example.net,CD,2018-06-10,Basic,9684.95
1168,Sherry Shelton,harcher@example.org,IN,2018-07-21,Premium,7279.48
1169,Hannah Rivera,rlandry@example.com,ET,2022-06-19,Standard,19341.93
1170,Joseph Cooper,hamiltonspencer@example.com,JO,2021-03-17,Standard,4162.17
1171,Adam Ho,stevenhernandez@example.com,VU,2021-04-20,Basic,22975.82
1172,Carla Tucker,marshalexis@example.org,GM,2023-10-19,Premium,11589.47
1173,Kevin Brown,adam50@example.org,ID,2023-01-25,Premium,18066.17
1174,Shawn Glover,stephaniereeves@example.org,ES,2019-04-09,Premium,19468.28
1175,Kevin Miller,antoniofitzpatrick@example.org,GD,2024-02-17,Premium,9826.67
1176,Jenny Rasmussen,orozcosamantha@example.net,KR,2021-08-17,Standard,622.80
1177,Jeffrey Liu,feliciagonzalez@example.org,NI,2023-02-02,Basic,22415.44
1178,Elizabeth Miller,ygardner@example.com,BY,2020-04-07,Standard,2254.49
1179,Jeremy Edwards,taylor67@example.com,NG,2021-08-20,Basic,16214.41
1180,Thomas Johnson,idavis@example.net,KI,2019-11-03,Basic,18331.56
1181,Lauren Watson,brian62@example.com,SV,2019-01-09,Premium,17655.67
1182,Robert Golden,fcombs@example.org,IR,2022-01-26,Premium,13095.43
1183,Marie Cook,shortariana@example.net,LS,2022-04-23,Basic,19776.66
1184,Barbara Richards,mileszachary@example.net,SZ,2023-09-27,Basic,23743.85
1185,Brandy Jacobson,kevincollins@example.org,RU,2022-04-01,Basic,9515.18
1186,Christina Jones,cassandramartinez@example.org,HU,2019-12-01,Standard,14137.29
1187,John Wall,hmyers@example.com,NA,2019-09-07,Premium,21720.46
1188,Mr. David Abbott,lorraine79@example.org,NR,2020-01-03,Basic,1282.76
1189,Alex Thomas,georgeharmon@example.net,FR,2021-06-15,Standard,18254.04
1190,Dylan Contreras,rrichardson@example.com,MV,2023-01-02,Standard,15661.32
1191,Ashley Butler,shernandez@example.com,CL,2019-04-27,Premium,24010.85
1192,Alexandra Turner,wwilliams@example.org,PT,2018-01-15,Basic,19134.90
1193,Judy Smith,michaelfoley@example.net,GE,2018-02-20,Standard,12440.69
1194,Michael Myers,thompsonedward@example.net,WS,2023-08-05,Basic,20186.36
1195,Julia Trevino,joshuafarmer@example.com,MX,2024-10-26,Standard,5946.96
1196,Ryan Webb,lobrien@example.net,KN,2024-08-08,Basic,11892.80
1197,Patricia Fox,heidichapman@example.net,MG,2022-08-07,Standard,1985.12
1198,Sandra Jones,christianerik@example.org,TL,2024-09-24,Premium,6117.83
1199,Timothy Alvarez,tinastokes@example.net,GW,2024-02-20,Standard,15494.15
1200,Spencer Chandler,acampos@example.org,BH,2024-04-02,Premium,1222.97
1201,Ashley Bradford,alexandernicholas@example.net,AT,2019-08-31,Premium,16331.92
1202,Erica Hale,oanderson@example.net,TH,2018-05-31,Premium,21345.73
1203,David Kim,jeremiah26@example.net,FI,2024-06-25,Basic,7461.04
1204,Alexander Moyer,harrislisa@example.org,ML,2018-12-26,Premium,2722.19
1205,Laura Lin,jacob87@example.org,GE,2020-01-01,Premium,16802.26
1206,Kara Bell,lauriegonzales@example.net,MT,2024-11-08,Basic,17287.84
1207,Laura Martinez,craig73@example.org,US,2024-09-02,Basic,19682.69
1208,Alison Nicholson,sandra46@example.net,MK,2019-12-28,Standard,18733.37
1209,Seth Donaldson,fergusonjohn@example.net,VA,2022-01-15,Premium,2328.16
1210,Jennifer Brown,aguilarsharon@example.com,TD,2021-05-10,Standard,9214.24
1211,George Green,pamela02@example.org,SY,2022-04-02,Premium,18961.05
1212,Erin Todd,youngcharles@example.net,VA,2024-03-04,Premium,7320.82
1213,Pamela Johnson,dodsoncarly@example.net,BR,2019-07-06,Premium,17365.49
1214,Karen Anderson,garciatyler@example.org,CF,2021-01-29,Standard,13176.32
1215,John Harrington,andrewbrown@example.org,SN,2023-11-19,Premium,17395.74
1216,Jamie Sutton,tranbrett@example.com,MC,2024-11-11,Premium,2732.56
1217,Michael Dunn,kimpenny@example.com,MH,2023-12-07,Premium,12091.57
1218,Jeffrey Brown,christophersmith@example.com,AE,2024-10-13,Basic,7179.68
1219,Rhonda Herrera,ritteralexis@example.net,HU,2024-10-29,Standard,6491.50
1220,Angela Martinez,justinedwards@example.net,TD,2024-06-13,Basic,8846.33
1221,Yolanda Anderson,hmendoza@example.net,BO,2019-06-16,Basic,14065.86
1222,Todd Harris,priscilla37@example.net,KI,2023-10-30,Basic,15796.44
1223,Penny Carter,alisonadams@example.net,SR,2023-07-11,Premium,22091.59
1224,Amy Mccullough,nramirez@example.org,SK,2020-08-11,Basic,7262.20
1225,Patrick Clark,jenny20@example.org,MC,2020-03-03,Premium,2955.18
1226,Phillip Benton,porterarthur@example.com,TZ,2023-03-20,Basic,19918.31
1227,Ronald Miller,melissa67@example.org,MU,2020-04-29,Basic,24974.68
1228,Andrew Harris,donnapatel@example.net,KP,2022-08-23,Premium,8344.81
1229,Phillip Pineda,sandra49@example.org,TW,2024-04-14,Basic,5308.45
1230,Nicholas Howell,vpatton@example.org,CD,2020-04-04,Basic,7040.67
1231,Tiffany Randolph,michele87@example.com,TO,2018-10-05,Standard,7507.10
1232,Patricia Green,pmcdonald@example.org,AL,2024-03-02,Standard,19175.82
1233,Michael Hill,kelseyphillips@example.net,MY,2019-04-12,Basic,8332.07
1234,Donald Adams,kimberly90@example.org,KP,2022-06-11,Basic,14223.04
1235,Erica Baker,scottsmith@example.org,PT,2018-04-30,Premium,4850.39
1236,Ian Little,rickyriley@example.org,IS,2021-10-16,Basic,11977.71
1237,Kristen Ashley,xwhite@example.com,IL,2023-04-28,Premium,16141.31
1238,Bethany Mccoy,monicadouglas@example.org,CI,2023-05-27,Premium,15680.01
1239,Cathy Hunter,criley@example.net,VC,2024-01-09,Standard,11561.75
1240,Trevor Braun,allen58@example.net,BD,2022-08-23,Basic,1400.56
1241,Hannah Jones,ewilson@example.org,GA,2023-11-05,Standard,14123.57
1242,Jacob Carson,bjones@example.com,CV,2021-07-16,Basic,13397.14
1243,Lawrence Ward,xmerritt@example.com,KE,2020-05-03,Basic,17137.33
1244,Caitlin Williams,rhondajohnson@example.net,GH,2021-12-19,Premium,24240.33
1245,Kayla Norman,shelby69@example.org,KM,2021-02-22,Premium,8478.81
1246,Jane Cuevas,friedmansusan@example.org,TM,2022-03-17,Basic,13356.83
1247,Laura Kelley,hryan@example.net,BF,2019-11-11,Basic,15142.23
1248,Mary Meyer,joseph94@example.org,LS,2020-02-07,Basic,2921.12
1249,Randall Cox,hedwards@example.net,GY,2021-06-16,Basic,21445.49
1250,Tyler Ortiz,bellwilliam@example.com,TD,2018-05-10,Standard,10346.74
1251,Mr. Richard Hall,sarasanchez@example.com,GQ,2023-07-29,Premium,9289.59
1252,Brenda Green,matthew11@example.com,NL,2021-05-24,Premium,13127.51
1253,Brittany Snyder,rachelwalter@example.org,DM,2019-12-18,Premium,9355.39
1254,Dennis Spencer,inewton@example.org,NR,2018-06-03,Premium,22833.85
1255,Christopher Jones,wstrong@example.org,MZ,2022-12-23,Basic,623.37
1256,Dana Carter,phyllis59@example.net,VE,2023-05-31,Basic,3851.94
1257,Nathan Jones,stephanie67@example.net,NZ,2021-10-25,Standard,18311.03
1258,John Taylor,jenniferlawrence@example.net,BS,2023-11-15,Standard,19388.33
1259,Adam Watkins,cgray@example.org,SE,2019-08-10,Premium,20553.46
1260,Diana Mejia,kennethpeterson@example.net,SI,2023-10-16,Basic,24818.01
1261,Lauren Anthony,ymitchell@example.com,TW,2020-04-20,Basic,913.81
1262,Charles Cervantes,russellramirez@example.net,KW,2022-05-07,Basic,21620.26
1263,Dustin Wilson,tommy32@example.com,IL,2019-04-20,Premium,7774.53
1264,Nicole Middleton DDS,codyarnold@example.net,TW,2018-06-30,Basic,21203.10
1265,Kyle Williams,adamwall@example.org,MN,2018-12-23,Standard,11671.90
1266,Tom Duncan,dmeyer@example.com,CG,2018-07-08,Premium,13014.44
1267,Tamara Wilson,fsnyder@example.org,IT,2021-07-03,Premium,14439.00
1268,Audrey Gomez,garnerjeffrey@example.org,LR,2021-07-02,Basic,22303.39
1269,George Chavez,mannleroy@example.org,NR,2021-08-07,Premium,4813.64
1270,Michael Boyd,mckenzieguerrero@example.net,AZ,2021-02-07,Basic,7978.74
1271,Lori Sanchez,owiggins@example.net,FJ,2022-12-12,Basic,2941.27
1272,Christian Cervantes,mcampbell@example.net,BT,2019-09-04,Premium,6840.92
1273,Shannon Curry,hamiltontravis@example.net,GE,2018-03-04,Basic,13990.64
1274,Amanda Watts,pwelch@example.net,MG,2019-02-24,Premium,13563.22
1275,Mr. Christopher Evans,nancycontreras@example.com,ZM,2024-02-29,Standard,6776.30
1276,Howard Castillo,robinsonsydney@example.com,NL,2021-03-06,Basic,6120.63
1277,Erika Bates,thompsonstephanie@example.net,CI,2018-10-19,Standard,15331.57
1278,James Anderson,flarsen@example.net,NG,2021-10-19,Basic,11091.19
1279,Alyssa Adams,pamelapatton@example.org,TJ,2019-06-17,Premium,11768.39
1280,Deborah Stewart,blamb@example.com,IL,2018-07-26,Premium,9589.99
1281,Debra Chandler,daisy04@example.com,NE,2018-12-19,Standard,9797.92
1282,Shawn Herrera,gouldchristina@example.com,CO,2024-09-07,Basic,15736.77
1283,Alicia Bowen,tdavis@example.com,MH,2023-01-01,Basic,8890.61
1284,Kristen Pena,michaelgonzalez@example.org,SO,2021-09-23,Premium,17822.47
1285,Mitchell Roberts,reneerivera@example.org,TG,2023-12-26,Premium,24342.05
1286,Teresa Johnson,fischeralisha@example.net,MY,2023-03-23,Basic,3294.88
1287,Amanda Campbell,hallkelsey@example.org,AU,2023-04-03,Premium,11389.60
1288,Caleb Bowers,vanderson@example.com,BS,2023-03-22,Standard,5792.36
1289,Jonathan Warner,vsmith@example.net,UY,2020-07-05,Premium,21527.41
1290,Anna Chapman,mlee@example.com,LI,2024-12-01,Standard,22821.54
1291,Patrick Turner,qharris@example.net,TR,2022-05-25,Premium,17490.37
1292,Eddie Davis,ehoffman@example.com,ME,2021-09-15,Standard,11332.08
1293,Dana Smith,xluna@example.net,LC,2018-05-04,Premium,11883.36
1294,Danny Hester,cwise@example.com,QA,2021-12-10,Standard,11531.04
1295,Maria Cook,davisgary@example.com,UA,2019-12-01,Standard,19198.54
1296,Charles Jensen,kmills@example.org,BH,2024-10-11,Basic,3184.85
1297,Darlene Collins,mary05@example.net,TM,2019-02-26,Standard,20438.82
1298,Shelby Adams,karinorton@example.net,SB,2019-03-15,Standard,13903.75
1299,Matthew Morris,vrobertson@example.net,BR,2018-10-18,Standard,13318.64
1300,Jessica Jones,katherinemartin@example.net,CM,2022-06-30,Basic,10336.05
1301,Jeffrey Stanton,mccluretyler@example.net,SL,2024-12-18,Premium,13698.73
1302,Dr. Joshua Ross,david44@example.net,LI,2023-05-30,Standard,1651.50
1303,Jacqueline Santos,kellycohen@example.net,LC,2020-05-02,Basic,14774.25
1304,Larry Kennedy,sharonho@example.net,CR,2022-11-19,Basic,19683.17
1305,Mike Wells,robert27@example.org,AF,2024-02-09,Basic,5903.86
1306,Cody Benson,drivera@example.net,PT,2018-11-16,Basic,23271.58
1307,Andrea Fields,michaelsmith@example.org,IS,2024-06-09,Standard,2858.07
1308,Thomas Simmons,michael64@example.net,SR,2024-09-07,Standard,8134.45
1309,Christina Watkins,crossjoshua@example.com,TM,2019-02-04,Standard,4404.35
1310,Robert Matthews,xrivera@example.net,UY,2022-07-21,Premium,14956.48
1311,Robert Savage,aclark@example.org,GM,2024-09-08,Standard,8185.21
1312,Robert Thomas,thomassmith@example.org,BF,2018-09-09,Premium,5440.29
1313,Robert Coleman,gmurphy@example.org,GY,2019-07-24,Basic,22581.40
1314,Jamie Cruz,hkelly@example.com,SM,2018-01-01,Premium,16522.03
1315,Larry Lewis,soniabass@example.net,CV,2023-01-30,Basic,7287.58
1316,Kristina Henry,gina86@example.net,MG,2024-11-26,Basic,11178.99
1317,Sean Wyatt,jessica39@example.net,ET,2020-04-22,Basic,21935.63
1318,Christopher Adkins,gonzalezmichael@example.org,AF,2021-05-12,Basic,19858.67
1319,Erin Bartlett,wesley09@example.com,AU,2021-06-01,Standard,17944.78
1320,Maria Sanders,joshua09@example.org,VC,2021-11-11,Premium,14568.17
1321,Yolanda Chen,vthompson@example.net,GB,2024-11-09,Basic,10104.94
1322,Ashley Wood,janicethompson@example.org,BS,2019-06-07,Standard,1560.26
1323,Ryan Brown,edwardsmichaela@example.com,FI,2024-02-27,Premium,21.08
1324,Nancy Cook,rachael29@example.net,MM,2024-04-12,Standard,2742.46
1325,Teresa Powell,brownmandy@example.net,CY,2021-03-01,Premium,5881.03
1326,Angela Ramos,charlotte86@example.org,ZW,2024-08-14,Standard,15630.36
1327,Sara Smith,ann15@example.com,TN,2022-04-17,Standard,9539.13
1328,Angelica Conrad,wilsonchristopher@example.net,BT,2024-02-11,Premium,16562.19
1329,Kevin Sheppard,kristinarobinson@example.com,PK,2023-04-30,Premium,4705.67
1330,Nathaniel Wright,julierojas@example.com,BF,2022-04-25,Standard,20999.07
1331,Dustin Ramirez,robert34@example.org,EE,2019-09-24,Standard,24936.40
1332,Deanna Gonzales,burnsbeth@example.com,BA,2019-05-30,Premium,290.07
1333,Sandra Mcdaniel,benjamindavenport@example.com,DE,2018-03-06,Premium,18033.48
1334,Christine Park,debbie43@example.com,ME,2023-06-17,Basic,10918.38
1335,Kristen Paul,christopher34@example.org,PT,2019-07-11,Premium,3430.51
1336,Thomas Holmes,thomasmcdonald@example.com,MR,2022-08-31,Standard,22339.56
1337,Mary Valenzuela,jacqueline50@example.org,NL,2024-10-11,Standard,15581.21
1338,George Leach,robintorres@example.com,ST,2023-02-05,Basic,10603.12
1339,Alex Lamb,swatkins@example.com,ES,2023-01-18,Standard,8882.68
1340,Roy King,carolyn76@example.com,BB,2020-02-01,Standard,15114.33
1341,Sherry Hines,fisherkim@example.net,MZ,2024-06-25,Standard,21170.10
1342,Carly Jackson,olivia83@example.net,GB,2020-08-27,Basic,12543.22
1343,Matthew Kramer,wallerkyle@example.org,LY,2022-08-10,Basic,14408.81
1344,Christopher Smith,jamesjackson@example.com,BR,2018-05-18,Premium,14203.74
1345,Scott Kim,ericpeters@example.com,AF,2022-02-18,Premium,14506.72
1346,Gregory Ruiz,ehale@example.net,MT,2018-11-24,Premium,18254.64
1347,Michelle Hines,hugheslucas@example.org,MZ,2023-11-27,Standard,11623.41
1348,Stephanie Weiss,icarlson@example.org,LY,2018-11-17,Basic,22247.89
1349,Patrick Willis II,katrinawood@example.com,SC,2018-12-29,Premium,11811.29
1350,Lisa Walton,brewerdevin@example.org,BD,2018-11-16,Basic,15842.19
1351,Jeffrey Morgan,ronaldmitchell@example.com,GQ,2024-07-02,Standard,15325.98
1352,Amanda Mullen,zwhite@example.net,SI,2021-11-08,Basic,19463.18
1353,Julie Miller,riosrichard@example.org,DK,2023-04-05,Standard,12816.58
1354,Kenneth Cruz,psmith@example.net,MZ,2023-04-06,Basic,18345.36
1355,Anthony Coleman,munozleah@example.com,SC,2022-09-21,Standard,24014.53
1356,John Rogers,daniel26@example.net,PS,2021-04-21,Standard,4187.70
1357,Michael Hernandez,stacy94@example.org,SG,2024-09-13,Basic,7601.77
1358,Monica Gibson,marshallbill@example.com,PK,2024-04-27,Standard,1535.44
1359,Stephen Parks,ronald40@example.net,IQ,2023-04-23,Basic,4226.98
1360,Howard Smith,kenneth09@example.org,MK,2018-07-31,Basic,24759.12
1361,Kim Foster,christopherdavis@example.net,CY,2018-04-22,Standard,12119.00
1362,Jessica Hill,pbarker@example.net,SL,2019-06-04,Basic,1921.56
1363,Amanda Nguyen,thomastiffany@example.net,BZ,2021-02-12,Standard,3313.47
1364,William Miller,roberto02@example.net,IE,2021-02-24,Standard,21446.46
1365,Natalie Miller,ysanford@example.org,TO,2018-02-28,Basic,2788.74
1366,Eric Palmer,heatherwilliams@example.net,PY,2019-12-17,Basic,18474.18
1367,Timothy Hill,joshuapowers@example.net,MZ,2023-01-04,Standard,20196.02
1368,Megan Nelson,yclark@example.com,KM,2020-12-06,Basic,5904.90
1369,Derek George,colton30@example.net,LR,2020-01-11,Basic,21550.36
1370,Logan Chandler,omatthews@example.net,LS,2021-11-05,Premium,24183.64
1371,Karen Grant,matthew57@example.org,PL,2024-09-05,Premium,20940.36
1372,Kathryn Patel,emilyscott@example.org,HR,2022-08-19,Standard,5948.69
1373,Tracy Welch,christopher85@example.com,JP,2022-12-08,Basic,15939.37
1374,Jocelyn Mcdonald,colleenjackson@example.com,TM,2020-05-13,Basic,18359.03
1375,Zachary Johnson,angela73@example.com,SO,2021-11-14,Premium,16056.53
1376,Lawrence Atkinson,fosterjason@example.org,TO,2019-04-21,Premium,4190.01
1377,Sean Wang,wpierce@example.org,NL,2022-06-22,Standard,7534.18
1378,Diana Townsend,beckgloria@example.net,ZW,2023-12-22,Premium,9495.02
1379,Joseph Myers,dsimpson@example.com,PG,2022-05-17,Standard,6565.63
1380,Shane Ross,patelmatthew@example.com,TD,2023-12-13,Standard,296.58
1381,Terry Reyes,amccann@example.org,ZW,2023-01-13,Standard,16962.34
1382,Danny Lynch,greenejessica@example.org,LR,2023-12-12,Basic,23896.77
1383,Carol Garrett,craneandrew@example.net,TD,2019-02-03,Basic,15935.60
1384,Jorge Lee,stephensharp@example.org,EC,2022-11-04,Basic,22951.05
1385,Micheal Gonzalez,kellykline@example.org,TR,2021-01-21,Standard,6758.15
1386,David Morrison,laurakaufman@example.net,BA,2019-02-07,Standard,16358.58
1387,Larry Rivera,johnbowen@example.org,AF,2022-05-22,Standard,19328.78
1388,Melanie Russell,eatkins@example.com,IL,2020-09-17,Basic,16797.25
1389,Kimberly Baldwin,gonzalesmaria@example.org,JP,2020-03-09,Basic,8435.17
1390,Sandra Hardy,coxjennifer@example.net,ZM,2020-01-07,Standard,13690.31
1391,Jessica Martinez,melaniechang@example.net,GB,2018-02-04,Premium,299.04
1392,Miranda Richardson,donald37@example.org,IN,2019-02-05,Basic,2597.68
1393,Martin Jones,wgoodwin@example.com,LV,2023-01-01,Standard,5485.41
1394,Jeremy Cobb,ashley90@example.org,CY,2021-03-06,Standard,4826.99
1395,Allison Beard,jennifer42@example.net,ZW,2018-04-08,Basic,2298.53
1396,Micheal Nunez,julianeal@example.org,UZ,2024-08-30,Basic,22349.17
1397,James Walsh,rosalesbrandy@example.org,TV,2020-06-07,Basic,15952.07
1398,Jackson Romero,kwoods@example.com,BA,2019-05-07,Premium,21411.02
1399,Samuel Edwards,nicholas72@example.net,RO,2019-06-17,Standard,16409.87
1400,Steven Smith,petersonkyle@example.org,CZ,2024-05-07,Premium,22400.04
1401,Richard Mccormick,michaelstevens@example.net,AL,2020-01-25,Standard,7364.22
1402,Sarah Logan,judithcox@example.org,MZ,2018-11-07,Basic,11336.09
1403,Tiffany Romero,angela88@example.org,BG,2021-02-06,Standard,17305.54
1404,Joseph Sanchez,hannahcurtis@example.org,GT,2021-08-17,Standard,4049.15
1405,Joy Williams,andrea13@example.net,BI,2018-10-31,Standard,19427.65
1406,Brandi Turner,jeremywillis@example.net,QA,2022-04-17,Standard,8316.37
1407,Joshua Harrington,kristy13@example.com,CI,2018-09-04,Standard,23890.14
1408,John Garcia,carmenevans@example.org,TT,2020-12-20,Premium,11014.37
1409,Taylor Cortez,mwaters@example.net,ZW,2023-07-08,Premium,15257.55
1410,Joy Smith,fguzman@example.net,EE,2020-01-01,Basic,12301.43
1411,John Campbell,joseph83@example.com,IS,2019-08-13,Basic,19217.68
1412,Kathryn Garrett,rowlandsonya@example.com,AF,2020-06-13,Basic,16083.45
1413,William Ruiz,haroldhodges@example.net,KI,2022-12-14,Basic,6474.91
1414,Scott Peterson,jamesrodriguez@example.org,GH,2018-05-23,Premium,1760.31
1415,Eric Miranda,tgarcia@example.net,GE,2020-10-23,Standard,469.12
1416,Brittney Moore,kfloyd@example.net,HR,2023-08-01,Premium,16321.63
1417,Tyler Zavala,rchan@example.org,IN,2018-01-04,Premium,16615.15
1418,Scott Torres,kevinacosta@example.net,KW,2020-12-27,Premium,17501.38
1419,Jeffery Long,zsmith@example.org,NE,2022-05-22,Basic,92.59
1420,Robert Proctor,andrew33@example.net,VC,2023-07-03,Standard,10901.44
1421,Ronnie Johnson,ugibbs@example.net,TJ,2018-10-15,Basic,5646.17
1422,Rebecca Williamson,ggates@example.org,HN,2022-04-24,Basic,20449.42
1423,Nathan David,ccrane@example.net,MW,2023-05-29,Premium,14181.10
1424,Susan Tucker,valerie96@example.org,BZ,2022-01-10,Standard,17045.89
1425,Grant Medina,hmclean@example.com,CR,2022-06-29,Premium,15806.81
1426,Angela Rowland,jholloway@example.net,KG,2019-01-07,Standard,13365.66
1427,Kristina Gonzales,ashley48@example.net,JP,2021-10-24,Premium,21029.54
1428,Brenda Carrillo,susan57@example.net,GH,2021-04-02,Basic,5078.01
1429,John Murray,james44@example.net,AE,2024-03-21,Premium,24187.82
1430,Brenda May,ffoster@example.org,SM,2020-02-22,Standard,17397.06
1431,William Brooks,gforbes@example.com,SO,2019-03-14,Basic,17221.06
1432,Kenneth Walters DDS,mccannkimberly@example.net,DJ,2023-06-16,Premium,22130.35
1433,Sarah Miller,mbishop@example.org,LA,2022-11-29,Basic,4736.61
1434,Donald Hayes,debrajones@example.net,TR,2018-05-27,Premium,634.12
1435,Joseph Schwartz,zpreston@example.net,KE,2024-08-25,Premium,12230.81
1436,Ronald Smith,marcushernandez@example.org,TV,2018-09-16,Basic,16085.19
1437,Erin Ellis,kaylaandrews@example.com,VC,2023-08-09,Basic,24123.85
1438,Brittany Mejia,kylegarcia@example.net,UY,2023-01-15,Premium,926.07
1439,Amanda Anderson,stephanie55@example.org,KM,2018-08-18,Standard,19694.46
1440,Eric Coleman,jesse35@example.org,CU,2018-06-25,Standard,2954.68
1441,Terry Martinez,vjohnson@example.net,GE,2023-11-13,Standard,23502.24
1442,Jeremy Ross,kellilawrence@example.org,BW,2024-01-07,Premium,18526.29
1443,Katie Lane,martinjason@example.com,SZ,2020-08-12,Premium,921.94
1444,Nicole Stewart,jasondavis@example.net,ML,2019-08-03,Standard,16345.79
1445,Jordan Duffy,smithlinda@example.com,BZ,2023-04-15,Basic,1145.04
1446,Tracy Copeland,pbautista@example.com,GT,2019-06-19,Premium,4306.23
1447,Mrs. Maria Price DDS,jessica50@example.org,HU,2018-07-24,Standard,20518.48
1448,Adam Stone,heatherfarmer@example.org,UG,2019-02-03,Standard,15280.65
1449,Sharon Guerrero,christina26@example.org,EC,2024-08-17,Premium,20445.00
1450,Traci Harmon,michaelbuckley@example.org,AT,2019-03-12,Premium,12428.59
1451,Mr. Mario Stout III,anthony05@example.org,PW,2024-11-26,Premium,1577.75
1452,Shane Mcintyre,ryankathryn@example.net,SL,2020-04-10,Standard,8433.58
1453,Brett Bailey,christophermcneil@example.org,PY,2022-07-05,Standard,3020.06
1454,Jason Villanueva,mtaylor@example.net,AD,2024-06-17,Basic,3433.24
1455,John Leach,marcusfernandez@example.net,SV,2020-05-23,Premium,14827.13
1456,Karen Goodman,davidrobertson@example.org,GR,2021-10-06,Premium,3018.64
1457,Natalie Love,olivia13@example.org,ID,2019-08-02,Standard,4201.27
1458,Matthew Murphy,hbarnett@example.net,TR,2022-02-24,Basic,4125.15
1459,Debra Lam MD,donna90@example.net,MV,2020-09-24,Basic,1017.47
1460,Rebecca Petty,thomasaustin@example.org,DK,2019-02-14,Basic,15311.04
1461,Adam Castillo,jacob96@example.com,GH,2019-10-09,Premium,21990.67
1462,Dennis Gonzales,diana85@example.com,ER,2018-11-27,Premium,180.60
1463,Robert Freeman,qalvarado@example.com,SI,2019-01-01,Basic,16293.89
1464,Richard Simmons,oconnelldavid@example.org,PK,2021-03-08,Standard,17337.59
1465,Barbara Marquez,morganparker@example.com,TG,2023-05-04,Basic,3172.31
1466,Mrs. Sharon Wagner,gwilkins@example.org,CV,2019-08-10,Basic,6773.74
1467,Courtney Smith,alicia29@example.net,SL,2023-01-19,Standard,5981.34
1468,Joseph Ryan,nicholasgarcia@example.org,ZW,2019-12-16,Basic,17291.84
1469,Lisa Bridges,amberfriedman@example.com,FR,2024-09-08,Premium,17929.97
1470,Tyler Rush,peter86@example.com,PT,2024-11-11,Premium,15679.79
1471,Nathan Evans,kingangela@example.com,GE,2021-05-18,Standard,10469.65
1472,Lisa Chung,fischerdonald@example.com,DK,2024-04-03,Premium,4797.57
1473,Renee Tapia,petermoore@example.com,MX,2023-12-12,Premium,15473.02
1474,Danielle Bell,tabithahill@example.com,CM,2024-01-20,Basic,5481.90
1475,Laurie Chambers,scottchambers@example.com,AG,2020-05-02,Standard,1326.73
1476,Kelly Warren,chall@example.com,CM,2019-04-07,Premium,17131.09
1477,Lisa Hernandez,nancy06@example.com,CG,2023-04-28,Standard,4408.10
1478,Jessica Jackson,oblake@example.net,CA,2018-06-26,Premium,16121.52
1479,Nicholas Moyer,john76@example.com,BG,2021-03-13,Premium,10866.79
1480,Sharon Ramirez,rebecca85@example.com,TL,2021-10-01,Basic,20128.84
1481,Victoria Miller,marqueztodd@example.net,SA,2023-01-31,Premium,2610.53
1482,Jeffrey Baker,kcastro@example.com,UZ,2018-08-03,Basic,4397.19
1483,Tammy Reyes,garzalaura@example.org,TR,2018-04-30,Standard,12872.59
1484,Vincent Allen,tochoa@example.net,BB,2018-10-18,Premium,18035.08
1485,Richard Phelps,bentleylisa@example.net,CH,2024-08-24,Basic,8149.31
1486,Maureen Johnson,andrewbautista@example.org,JP,2020-03-25,Basic,16921.31
1487,Rebecca Daniel,michael55@example.org,IS,2021-08-27,Premium,19474.38
1488,Anthony Ellis,kayla23@example.net,SY,2021-08-28,Premium,2451.60
1489,Natalie Mullins,megangates@example.com,MH,2022-08-17,Premium,9388.31
1490,Natalie Huff,leslietorres@example.net,BW,2020-06-22,Premium,11774.76
1491,Emily Crawford,katherineharris@example.net,RU,2023-06-08,Premium,22262.22
1492,Robert Huang,susanmorris@example.org,ET,2019-08-17,Premium,23197.18
1493,Susan Graves,katherine82@example.com,VN,2023-02-07,Premium,9683.26
1494,Christina Davis,jphelps@example.net,LV,2019-07-13,Standard,17995.53
1495,Jennifer Morse,kirkjill@example.com,VE,2022-01-08,Standard,5055.27
1496,Angela Key,pmckenzie@example.net,DE,2019-06-06,Premium,17305.26
1497,Denise Simpson,johnperez@example.net,GM,2018-09-02,Standard,3412.54
1498,Edward Oconnell,amassey@example.net,TG,2023-03-22,Standard,10455.60
1499,Mrs. Charlotte Stone MD,tfrancis@example.com,IN,2021-11-08,Premium,22160.22
1500,Jacob Schaefer,lukekelly@example.net,CR,2024-10-08,Premium,19738.67
1501,Ronald Park,colinlowery@example.net,KN,2024-11-09,Premium,14453.04
1502,Erik Aguirre,jenniferrobbins@example.net,TG,2024-03-14,Premium,2161.86
1503,Courtney Adams,stevenssamuel@example.net,NZ,2023-11-08,Standard,21554.98
1504,Zachary Johnson,dhansen@example.com,QA,2020-06-05,Basic,11837.22
1505,Brittany Fleming,blevinsjoshua@example.com,ZA,2023-03-11,Standard,362.60
1506,Kyle Jordan,valerielewis@example.com,KR,2022-10-20,Basic,21814.96
1507,Megan Rivera,ithomas@example.net,TZ,2020-10-12,Standard,10856.22
1508,Adam Lynch,briana19@example.org,SM,2020-06-29,Basic,23656.31
1509,Christopher Lee,maryjohnson@example.com,ZA,2024-06-07,Premium,10444.30
1510,Brandon Shah,yballard@example.net,PY,2018-07-01,Premium,24781.84
1511,Greg Davis,gregory64@example.com,BW,2023-08-28,Premium,10642.44
1512,James Perez,morgankaren@example.net,IE,2022-06-04,Standard,20242.91
1513,Larry Hendrix,flemingcody@example.org,SM,2019-02-06,Standard,12382.13
1514,Gabriel Torres,michele23@example.net,VN,2018-12-07,Basic,18826.97
1515,Mr. William Davis DDS,carolberry@example.com,MA,2022-07-24,Premium,3317.80
1516,Patricia Romero,cjohnson@example.net,CL,2021-04-26,Premium,16191.00
1517,Emily Carter,felicia98@example.org,BZ,2019-01-07,Premium,11994.57
1518,Mr. Zachary Mora DVM,hbowers@example.net,TG,2021-06-02,Premium,17582.61
1519,David Thomas,zlopez@example.org,MK,2024-05-25,Basic,14591.50
1520,William Castillo,abbottchristopher@example.net,LI,2023-02-07,Standard,19295.88
1521,Kristine Park,psherman@example.org,JM,2022-07-19,Premium,19746.47
1522,Jerome Gonzalez,ypowell@example.org,RW,2022-02-26,Basic,11607.39
1523,Brian Hoffman,ytorres@example.com,LA,2018-01-06,Basic,1767.46
1524,Kelsey Williams,parkerbriana@example.net,SR,2021-09-25,Basic,817.85
1525,Erik Williams,williamskevin@example.org,MH,2022-10-11,Standard,17451.37
1526,Amy Bryan,hrodgers@example.org,SE,2024-11-13,Basic,14380.73
1527,Michael Lozano,bryantjacob@example.org,LC,2020-04-28,Basic,2023.98
1528,Miguel Simpson,williamspatrick@example.net,CI,2021-10-07,Basic,23306.08
1529,Abigail Allen,tracey63@example.com,MZ,2023-10-10,Basic,9099.76
1530,Charles Sanchez,nicole69@example.net,YE,2018-07-31,Premium,9573.87
1531,Todd Valdez,robert06@example.com,MT,2023-03-22,Basic,1021.86
1532,Steven Montoya,aking@example.net,MD,2022-02-09,Premium,16204.32
1533,Michael Cole,chadwilson@example.org,RW,2018-10-02,Basic,17733.43
1534,Joshua Jackson,stephanie64@example.net,JO,2020-04-18,Premium,24531.29
1535,Kelly Rodriguez,fosternicole@example.org,BT,2020-09-04,Basic,2838.94
1536,Kathleen Martinez,harrisondaniel@example.org,AZ,2023-05-14,Basic,23478.70
1537,Cathy Farmer,allenchristina@example.com,SZ,2024-07-04,Basic,5244.85
1538,Kyle Williams,kaylahardy@example.org,TN,2020-07-12,Standard,8817.79
1539,Christian Villarreal,sandra57@example.org,BA,2020-12-31,Basic,17005.67
1540,James Arroyo,perezcourtney@example.com,KM,2021-02-09,Premium,1584.23
1541,Allison Alexander,carolynroberts@example.org,CV,2021-11-15,Standard,12155.67
1542,Emily Rodriguez,ortizamanda@example.net,WS,2023-11-28,Premium,11754.10
1543,Timothy Wood,rachelsutton@example.org,MU,2023-12-19,Basic,20634.48
1544,Anthony Hughes,vincentkathleen@example.org,TM,2021-04-12,Standard,15523.78
1545,Alicia Holloway,ppineda@example.com,JM,2018-09-26,Premium,22297.58
1546,Jasmine Kent,feliciasalazar@example.com,ZW,2023-02-19,Premium,2004.26
1547,Thomas Hernandez,jeffrey42@example.com,IE,2020-01-03,Standard,23956.41
1548,Isabel Smith,douglas76@example.net,SR,2018-11-12,Premium,4119.16
1549,Victoria Martinez,jared66@example.com,PK,2019-04-04,Basic,3698.85
1550,Jill Price,matthew62@example.net,SM,2019-09-09,Premium,13017.19
1551,Daniel Lee,stacydaniel@example.net,MM,2018-04-03,Standard,10413.42
1552,Kimberly Gallagher,tbrooks@example.org,MX,2024-01-27,Premium,11847.62
1553,Brian Pearson,rebecca96@example.org,FR,2022-09-17,Standard,18442.73
1554,Juan Moore,bgiles@example.org,PA,2018-03-29,Standard,4726.52
1555,Daniel Bradley,joshuareese@example.net,DE,2018-04-01,Premium,20873.69
1556,Laura Owen,robertmcdonald@example.net,CO,2023-10-30,Basic,8396.93
1557,Katelyn Bishop,lowekristin@example.org,AO,2024-06-28,Standard,16394.01
1558,Scott Brown,edwardsrachel@example.org,CH,2021-08-29,Standard,14833.93
1559,Daniel Pittman,cindy59@example.com,PY,2023-12-12,Basic,11131.41
1560,Christopher Turner,rachelhernandez@example.com,CL,2021-05-30,Basic,3298.86
1561,Lisa Moore,rgraves@example.net,HU,2021-06-09,Premium,19731.69
1562,Mary Thomas,cdavis@example.org,MU,2020-07-17,Standard,9297.56
1563,John Wang,sarah99@example.org,PE,2021-03-26,Premium,3708.46
1564,Tracy Potts,nicole15@example.org,EE,2021-03-10,Standard,23905.35
1565,Eric Long,danieldonovan@example.net,FJ,2024-12-08,Premium,17795.30
1566,Erica Dawson,gomeztonya@example.com,AM,2021-03-14,Premium,24330.15
1567,Leslie Frey,melissa38@example.com,SK,2019-09-21,Premium,5947.63
1568,Allison Flores,brettallen@example.com,IN,2018-06-18,Standard,14363.13
1569,Jeffrey Williams,vhopkins@example.net,AU,2022-12-11,Standard,9241.80
1570,William Weber,turnerjames@example.com,MU,2020-04-20,Basic,17678.36
1571,Michael Nelson,zrogers@example.net,NO,2021-07-22,Standard,3698.61
1572,Gordon Hahn,andrea74@example.com,BS,2023-01-11,Basic,24386.64
1573,Tamara Miller,,CD,2023-12-26,Standard,3037.25
1574,Christopher Brown,kimberlyshields@example.org,RS,2018-04-13,Standard,23276.72
1575,Robert Berg,mooreconnie@example.com,ZM,2019-08-19,Standard,23195.28
1576,Rachel Rodriguez,browndominic@example.net,BR,2019-10-02,Premium,24253.75
1577,Nathan Davis,omoody@example.org,BE,2024-02-16,Basic,8282.02
1578,Jasmine Garrett,thomasgonzalez@example.com,UY,2021-04-25,Standard,22399.44
1579,Julie Dennis,ramoswilliam@example.org,EE,2024-06-07,Basic,3677.09
1580,Deborah Humphrey,hollywarner@example.org,ET,2024-05-04,Basic,22672.02
1581,Frank Braun,ralphhuff@example.com,US,2022-12-16,Standard,17228.67
1582,Martin Robinson,madison38@example.org,TD,2023-05-16,Premium,3485.58
1583,Melinda Campbell,calvinbrown@example.com,ES,2024-03-06,Premium,7702.06
1584,Perry Jordan,floreskelsey@example.com,MC,2022-07-04,Basic,21021.92
1585,Megan Jones,jessica57@example.com,CH,2023-01-01,Standard,2312.03
1586,Jacqueline Evans,vedwards@example.org,GT,2018-08-14,Basic,16032.82
1587,Amanda Gomez,uhobbs@example.com,PL,2024-07-17,Basic,5553.60
1588,Julie Hernandez,bbarnes@example.org,LB,2021-02-12,Premium,563.72
1589,Seth Hernandez,alexis22@example.net,ER,2024-01-15,Standard,16926.58
1590,Alan Kennedy,matthew07@example.com,DJ,2018-12-24,Basic,9860.59
1591,Tyler Dunn,jameslawson@example.com,NR,2023-07-02,Standard,15079.30
1592,Samuel Freeman,gomezdaniel@example.com,MA,2023-09-27,Premium,22711.17
1593,Dylan Young,alara@example.com,AL,2022-01-18,Standard,3698.65
1594,Lynn Morgan,gabriella69@example.org,US,2022-10-18,Standard,9652.82
1595,Douglas Hardy,mikewaller@example.org,AM,2018-02-19,Standard,8623.01
1596,Jason Clark,haley57@example.com,TH,2021-06-15,Standard,21857.54
1597,Riley Hale,tammyharrington@example.net,GT,2018-12-25,Premium,18196.33
1598,Lisa Li,tracyharrison@example.org,KW,2022-12-25,Basic,24814.93
1599,Anna Christensen,christopher77@example.net,ZA,2022-12-18,Standard,4094.76
1600,Jerry Waters,jennifer50@example.com,HU,2022-10-03,Basic,22410.72
1601,Aaron Kelly,yhoffman@example.com,LB,2019-07-26,Basic,14948.39
1602,Mr. Stephen Gonzalez,susanharper@example.org,KE,2019-08-12,Premium,7580.78
1603,Nancy Lee,john66@example.net,AG,2023-11-22,Standard,1652.89
1604,Dan Phillips,pearsonkathryn@example.org,MN,2024-08-16,Standard,2211.21
1605,Theodore Hernandez,mpeters@example.com,PS,2022-08-05,Basic,22860.26
1606,Timothy Bryant,jasminechavez@example.org,TZ,2022-08-25,Premium,13895.35
1607,Tyler Martinez,angela52@example.com,WS,2024-05-15,Premium,4981.44
1608,Alexander Hamilton,randall59@example.org,BA,2022-04-13,Standard,13846.67
1609,Keith Carroll,sharpjennifer@example.com,BI,2018-06-22,Standard,20864.63
1610,Brenda Garcia,shelbyyoung@example.com,MK,2021-05-29,Standard,13982.03
1611,Jason Potter,dmorales@example.net,NI,2023-03-14,Premium,671.00
1612,Jennifer Moore,olsenshane@example.org,IL,2018-01-11,Premium,6566.93
1613,Anthony Vega,williamsmegan@example.org,QA,2023-04-20,Premium,16345.32
1614,Daniel Hall,stephanietaylor@example.com,LI,2021-03-24,Standard,4484.31
1615,Mark Foster,travis68@example.org,BB,2020-09-29,Premium,2983.87
1616,Andrew Perez,ssmith@example.org,TT,2021-02-09,Standard,24858.32
1617,Katrina Calderon,ilewis@example.org,YE,2018-10-01,Basic,18639.14
1618,Diana Hawkins,mmoore@example.net,IE,2024-07-08,Standard,14139.36
1619,Gabriel Green,santosshannon@example.com,UY,2020-11-22,Basic,17147.82
1620,Megan Carrillo,jackwilliams@example.org,CH,2019-05-05,Standard,12813.15
1621,Christine Wolf,marissa39@example.com,ML,2024-06-14,Premium,21132.00
1622,Matthew Hall,jay04@example.org,GM,2019-10-30,Basic,1462.76
1623,Shannon Clark,dcortez@example.com,UY,2021-08-02,Standard,21957.93
1624,Tammie Castillo,laura31@example.net,CD,2019-07-09,Standard,4082.72
1625,Sarah Harvey,arroyosarah@example.com,PA,2021-01-21,Standard,10487.85
1626,Keith Moore,richardsondebbie@example.com,SZ,2021-12-29,Premium,7246.40
1627,Angela Butler,evansaustin@example.org,KI,2023-12-10,Basic,23407.93
1628,Jesus Randolph,davidfields@example.net,AT,2023-10-06,Premium,19161.06
1629,Tara Thompson,millerjimmy@example.net,MD,2020-01-21,Premium,14969.06
1630,Debra Warner,sbrown@example.org,GM,2019-11-16,Basic,8065.17
1631,Michael Johnson,dreynolds@example.com,EC,2021-07-19,Basic,19996.93
1632,Laura Williams,chungnancy@example.net,JM,2021-01-16,Basic,17449.19
1633,Christina Adams,sylvia33@example.net,PE,2022-01-24,Premium,13360.51
1634,Whitney Williams,shansen@example.com,HT,2021-12-11,Premium,322.44
1635,Natalie Mitchell,georgestephen@example.com,ST,2023-10-24,Standard,9325.35
1636,Matthew Watson,malikfowler@example.com,EC,2023-06-10,Standard,8507.83
1637,Jacqueline Lucero,dylan78@example.com,ML,2019-10-30,Premium,5446.91
1638,Angelica King,marvinhoward@example.com,PG,2023-08-24,Premium,20789.34
1639,Shannon Martin,coopersamantha@example.net,CY,2024-04-07,Basic,17241.32
1640,Kimberly Collier,melissaberry@example.org,MD,2023-11-24,Basic,17813.68
1641,Rodney Gilmore,stonebarbara@example.com,SY,2019-04-12,Standard,11512.28
1642,Carmen Perez,tracy55@example.net,MY,2018-11-09,Premium,20471.12
1643,Sabrina Robinson,kara13@example.net,BA,2018-03-13,Standard,8705.25
1644,Ruben Woodard,jenniferbarry@example.net,CD,2022-01-25,Premium,20425.97
1645,Thomas Neal MD,nturner@example.net,DZ,2024-09-13,Basic,19089.74
1646,Robert Johnson,phillipsjamie@example.net,BN,2021-11-02,Premium,17747.37
1647,Jesse Wilson,dorothy09@example.com,LV,2018-04-28,Basic,20364.35
1648,Daniel Patterson,lreid@example.org,GD,2020-06-29,Premium,21420.38
1649,Andre Flores Jr.,ycallahan@example.net,BZ,2019-08-07,Basic,5664.36
1650,Kevin Gilmore,yvang@example.org,RU,2019-05-29,Premium,3255.46
1651,Angie King,millerjennifer@example.net,ZM,2018-11-18,Standard,17270.45
1652,Jordan Curry,cassandraharrison@example.com,KR,2019-04-03,Premium,470.16
1653,Michele Hayes,rdavis@example.org,UA,2023-06-07,Standard,1062.92
1654,Phyllis Walls,ljones@example.com,IS,2019-03-18,Premium,19826.38
1655,Jasmine Buckley,kingdavid@example.net,RW,2023-10-05,Basic,1481.63
1656,Jesse Nash,robertsmark@example.org,LA,2019-05-03,Standard,1082.04
1657,Ryan Gonzalez,ywright@example.net,TD,2021-05-20,Basic,256.81
1658,Patricia Williams,jeffreyglenn@example.net,SA,2019-01-31,Premium,23002.45
1659,Jeremy Haynes,garciadonald@example.net,UY,2020-04-21,Basic,22529.37
1660,Jessica Richardson,hsmith@example.net,MN,2020-01-27,Basic,8788.34
1661,Ashley Wells,samuel61@example.org,BT,2019-01-07,Premium,21146.54
1662,Travis Howard,phunter@example.org,CL,2021-02-10,Basic,8695.91
1663,Brandon Lopez,seanbarajas@example.com,TH,2019-10-20,Basic,19520.05
1664,Austin Tyler,brandiwilson@example.org,HT,2024-11-15,Premium,12622.73
1665,Eric Francis,dsmith@example.net,AL,2018-10-07,Premium,20489.66
1666,Maxwell Richards,turnerlisa@example.com,HN,2018-02-27,Basic,5424.95
1667,Rebecca Lopez,nmendoza@example.org,EC,2020-02-24,Standard,4294.34
1668,Mark Weaver,thomasdavid@example.net,CY,2024-01-10,Premium,24339.50
1669,Andrea Palmer,knightjohn@example.com,YE,2019-02-09,Premium,23011.93
1670,Darin Baker,goodwinbrad@example.com,MY,2023-04-29,Standard,17453.32
1671,Michael Galvan,ocole@example.net,CN,2020-01-29,Standard,16838.14
1672,Travis Hicks,wlucas@example.net,DJ,2019-03-16,Premium,20868.55
1673,Joseph Crawford,reynoldsanthony@example.org,TJ,2022-04-04,Standard,5356.85
1674,Steven Thomas,woodphillip@example.com,CF,2020-07-21,Standard,2821.14
1675,Sylvia Turner,samantha78@example.com,MV,2021-07-11,Premium,11647.54
1676,Sara Lawrence,taylordavis@example.com,LV,2023-10-30,Premium,12395.40
1677,Lisa Brown,sarah49@example.net,GT,2022-01-19,Basic,7206.78
1678,Taylor Solomon,michaeltorres@example.com,SI,2018-06-16,Premium,8202.89
1679,Diana Harper,kaylazamora@example.org,FM,2019-04-19,Standard,7090.29
1680,Michael Ward,james79@example.net,EC,2024-09-25,Basic,7800.17
1681,Nathan Carter,jamietyler@example.com,EG,2022-12-24,Premium,13847.90
1682,Rhonda Brooks,rwashington@example.net,PK,2021-04-05,Standard,4719.62
1683,Brianna Obrien,david68@example.com,AD,2018-10-13,Standard,23477.05
1684,Robert Scott,jgibson@example.net,IS,2022-02-14,Premium,319.65
1685,Jennifer Baker,ffuller@example.net,CD,2023-07-07,Basic,2629.30
1686,James Wilson,davidwolf@example.org,BB,2022-11-30,Basic,16463.71
1687,Destiny Dunn,david16@example.org,BB,2018-12-15,Premium,3584.19
1688,Lacey Smith,tiffany44@example.com,GY,2022-06-29,Basic,14763.93
1689,Luke Duncan,sarah53@example.org,AO,2019-02-21,Basic,23132.26
1690,Emily Robinson,nharris@example.org,DK,2019-11-23,Premium,9092.75
1691,Patrick Irwin,lisa11@example.org,NE,2020-03-26,Standard,5006.59
1692,Joe Martin,samantharamirez@example.org,GY,2022-07-14,Premium,5821.74
1693,Jessica Valencia,ogriffin@example.org,BR,2022-10-06,Basic,12477.75
1694,Jeremy Hernandez,wjefferson@example.com,AO,2024-07-11,Basic,6824.32
1695,Denise Macias,hkim@example.com,LI,2022-06-28,Standard,11895.66
1696,Jordan Hughes,xobrien@example.org,MA,2024-10-06,Standard,24688.08
1697,Russell Vega,kristinclark@example.com,MH,2023-09-26,Standard,3684.35
1698,David Roberts,nicolasrich@example.org,LA,2023-02-06,Premium,3054.75
1699,Dana Wolfe,bmarquez@example.com,TO,2023-06-28,Standard,5770.54
1700,James Henry,fblankenship@example.com,IE,2019-07-06,Premium,2490.08
1701,Derrick Buck,timothy23@example.net,KH,2018-08-05,Premium,12453.37
1702,Kiara Gonzalez,wernermichael@example.org,BW,2018-04-20,Premium,9565.82
1703,Caitlin Gilbert,wrightalicia@example.com,PG,2021-09-01,Premium,7568.82
1704,Charles Graham,jeremycollins@example.net,BJ,2024-12-27,Premium,19004.29
1705,Brandon Williams,keithharrison@example.com,DM,2023-10-31,Standard,19818.29
1706,Robert Gonzalez,jonescraig@example.org,SN,2020-04-07,Standard,16552.33
1707,Joel Hodges,ericfrederick@example.org,AG,2023-07-02,Basic,6541.63
1708,Christopher Nelson,masonpatricia@example.com,CR,2021-11-08,Basic,13665.50
1709,John Bradford,michelleflowers@example.net,IT,2018-05-10,Standard,22003.14
1710,Jesse Mckinney,fernandoobrien@example.org,BJ,2019-05-03,Standard,11252.89
1711,Mrs. Donna Rice,zbyrd@example.net,SR,2022-03-22,Standard,11491.41
1712,Stacy Owens,kristin96@example.com,SL,2018-05-15,Premium,13916.66
1713,Carol Hodge,,MN,2021-05-26,Basic,4103.61
1714,Ashley Strong,xbennett@example.org,KW,2022-10-31,Premium,7811.49
1715,Dr. Daniel Hampton,shannongarza@example.net,CU,2022-05-13,Standard,19100.28
1716,Elizabeth Sanchez,lesterrebecca@example.com,RU,2024-05-19,Basic,12263.84
1717,Micheal Watson,stevenperry@example.org,HN,2024-03-18,Basic,13484.81
1718,Stephanie Livingston,nathaniel57@example.com,TD,2023-04-09,Standard,14056.39
1719,Angela Carter,ewilliams@example.org,MH,2019-10-03,Basic,1393.43
1720,Eric Hunter,gaydustin@example.net,TJ,2020-12-14,Standard,14776.13
1721,Alexander Robinson,andrew65@example.net,PK,2022-03-28,Basic,16912.19
1722,Gabriel Richardson,stephensonkatherine@example.com,SG,2021-03-11,Standard,1535.60
1723,Richard Chandler,lutzeric@example.com,LS,2024-08-15,Premium,3204.95
1724,Jessica Sharp,douglas31@example.net,MV,2022-02-09,Standard,20238.84
1725,Daniel Williams,mckayjames@example.net,FI,2024-07-19,Premium,19129.85
1726,Roger Hernandez,veronica30@example.org,DK,2021-10-29,Standard,2433.75
1727,Deborah Webb,robinsonrose@example.org,GQ,2021-11-14,Standard,10298.24
1728,Bobby Stevens PhD,melissa49@example.net,SY,2018-08-20,Basic,6105.72
1729,Robin Rivera,alison98@example.net,IT,2020-08-19,Basic,7802.49
1730,Paula Sanchez,hamiltonjoseph@example.net,KG,2018-12-14,Basic,1637.51
1731,Dr. Jared Crane MD,daniel28@example.org,GN,2021-06-02,Premium,8439.86
1732,Danielle Stein,terrywilliam@example.com,CH,2018-03-22,Basic,8152.92
1733,Keith Evans,franciscoolson@example.net,BI,2023-03-03,Basic,21584.21
1734,Tammy Brown,jbriggs@example.com,PY,2024-05-15,Basic,22535.25
1735,Felicia Wood,joe76@example.net,GH,2020-12-28,Premium,17398.96
1736,Samuel Mitchell,matthewharper@example.net,MT,2024-08-05,Premium,24644.12
1737,Ashlee Miller,hernandezroy@example.org,MC,2022-03-28,Basic,9757.52
1738,Wendy Smith,antoniocarter@example.com,GD,2024-06-03,Premium,20208.16
1739,Samantha Howard,williamspatricia@example.com,BZ,2019-02-14,Basic,16877.78
1740,Kevin Mcneil,underwoodjames@example.org,MX,2021-10-08,Standard,12569.21
1741,Katherine Adams,christina81@example.net,JM,2021-10-22,Premium,15370.70
1742,Joel Phelps,dawngraves@example.org,SB,2022-01-28,Standard,5043.97
1743,Melissa Johnson,elizabeth77@example.com,SE,2018-11-05,Basic,5352.00
1744,Matthew Briggs,proman@example.com,TL,2020-12-22,Premium,7433.01
1745,David Hernandez,benjaminbrown@example.org,CY,2024-06-07,Standard,20115.08
1746,Jerry Hernandez,campbellmarvin@example.com,TT,2019-01-12,Basic,21104.67
1747,John Ortiz,sharon37@example.net,AU,2019-01-24,Basic,8420.95
1748,James Reed,johnsonmelissa@example.com,MW,2018-10-03,Basic,20029.64
1749,Jonathan Barrett,ubowers@example.com,CR,2023-05-01,Standard,5243.48
1750,Nichole Zimmerman,susan92@example.org,DM,2018-11-11,Basic,20593.47
1751,Jennifer Tucker,eddie23@example.net,UY,2023-08-30,Standard,10822.76
1752,Donald Harris Jr.,townsendcrystal@example.net,LV,2024-01-21,Standard,5001.92
1753,Jacqueline Smith,gingram@example.org,GH,2022-07-06,Standard,15624.10
1754,Michael Hodge,alyssa89@example.net,VA,2023-01-31,Basic,19086.06
1755,Randy Simon,gibsonjennifer@example.net,JP,2020-01-10,Premium,15696.10
1756,Nicole Williams,andrew91@example.com,NI,2023-10-16,Premium,14421.08
1757,Suzanne Lynch,sandradavenport@example.org,PG,2020-05-22,Basic,24052.93
1758,Steven Phelps,elizabethriley@example.com,IN,2023-03-30,Standard,23429.07
1759,Daryl Walker,aallen@example.com,BE,2023-12-23,Basic,21319.37
1760,Rebekah Hill,usmith@example.net,KP,2022-11-12,Basic,18165.38
1761,Mary Crawford,amandatran@example.org,GW,2018-09-03,Basic,5016.20
1762,Jasmine Swanson,amygonzalez@example.net,NP,2023-03-10,Premium,6009.35
1763,Matthew Potts,garciasarah@example.net,IL,2021-05-14,Standard,10256.51
1764,Eduardo Scott,rebeccaharris@example.org,ML,2018-09-21,Basic,5088.95
1765,Timothy Collins,joneseric@example.org,AD,2022-08-17,Standard,20592.77
1766,Andrea Townsend,tammy17@example.com,CM,2019-10-20,Standard,17171.37
1767,Sandy Nichols,olsonchristina@example.org,MK,2020-08-25,Standard,5962.09
1768,Heather Hughes,amywright@example.org,VN,2019-09-07,Premium,692.60
1769,Rebecca Miller,martinmatthew@example.net,FM,2021-06-25,Standard,12134.56
1770,Karen Middleton,anthony66@example.org,SG,2022-11-22,Standard,16173.05
1771,Jennifer Jackson,vayala@example.net,BJ,2018-06-01,Premium,3983.96
1772,Natasha Davenport,dgrant@example.com,LI,2019-07-13,Premium,6459.92
1773,Christina Williams,klopez@example.com,AM,2021-02-11,Basic,13767.65
1774,Taylor Wong MD,montesmichelle@example.org,CR,2018-06-22,Basic,12146.05
1775,Linda Hoffman,watkinsthomas@example.net,TG,2018-03-23,Premium,21489.60
1776,Gina Weber,hartmandanielle@example.org,KR,2018-12-10,Standard,15039.99
1777,Jessica Williams,brownkevin@example.org,MC,2018-09-18,Standard,22419.33
1778,James Hernandez,melissa18@example.com,BO,2019-01-05,Standard,23579.05
1779,Dr. Jason Johnson IV,jenniferkane@example.net,UY,2019-07-30,Premium,2798.31
1780,Ariel Wilson,katrina51@example.org,TR,2023-08-12,Premium,13048.94
1781,Robert Hall,larry88@example.org,LC,2024-07-05,Basic,6295.20
1782,Laura Vaughn,rebecca41@example.com,GB,2019-01-05,Premium,14995.53
1783,Emily Humphrey,barrettjoseph@example.org,CU,2021-07-07,Standard,20808.35
1784,Travis Chapman,vancebrad@example.com,NA,2022-05-17,Basic,18598.97
1785,Deborah Garza,christopherjackson@example.net,TN,2022-09-29,Premium,3606.95
1786,Ashley Burnett,trobinson@example.org,DO,2019-12-19,Premium,24248.09
1787,Samantha Fleming,veronicasmith@example.net,IR,2022-12-06,Standard,6357.65
1788,Monica Wilkinson,dkelley@example.com,GH,2024-08-11,Premium,12258.96
1789,Jasmine Bryan,max69@example.com,TT,2022-03-15,Basic,23717.77
1790,David Chase,mannjonathan@example.net,SB,2021-07-20,Basic,10594.53
1791,Brian Garza,hayley92@example.net,TT,2020-10-06,Standard,21985.84
1792,Michael Anderson,halljohn@example.org,ES,2019-08-17,Standard,11880.54
1793,James Sanford,susan90@example.net,GE,2022-02-15,Standard,526.86
1794,Sandra Smith,petersonsergio@example.org,RS,2024-10-17,Premium,21036.82
1795,Barbara Wood,hgray@example.net,IS,2018-08-12,Basic,22936.43
1796,Dakota Reid,paullopez@example.net,HR,2020-09-08,Standard,13818.20
1797,John Hill,kingryan@example.org,BH,2021-06-20,Basic,23962.09
1798,Sandra Goodman,james14@example.org,JM,2022-01-26,Basic,3051.34
1799,Jeffery Smith,willismichael@example.net,GR,2020-08-26,Standard,9711.78
1800,Michael Hill,rstuart@example.org,QA,2022-05-29,Standard,7522.20
1801,Taylor Smith,deannacruz@example.net,SE,2020-08-22,Standard,5259.66
1802,Brianna Adams,alexa14@example.net,SI,2019-10-19,Standard,15783.82
1803,Nicole Smith,allenjustin@example.org,TW,2022-07-23,Premium,6850.91
1804,Tara Foley,courtneymadden@example.org,CZ,2018-11-25,Standard,11777.28
1805,Erin Norris,abradley@example.com,FI,2022-08-19,Standard,17934.65
1806,Nicholas Le,zking@example.com,TZ,2019-02-16,Premium,17462.05
1807,James Wilkinson,cody79@example.org,HN,2023-09-05,Premium,8796.41
1808,Scott Kelly,amandasnyder@example.com,TJ,2024-10-02,Basic,20335.70
1809,Billy Cunningham,jessedelacruz@example.org,PT,2021-08-31,Standard,17380.25
1810,Zachary Jones,ohiggins@example.net,GH,2018-08-02,Basic,16039.81
1811,Brent Scott,rmartinez@example.net,TZ,2022-12-22,Basic,3402.31
1812,Stephanie Davis,cheryldavis@example.com,US,2022-06-30,Premium,15707.41
1813,Lori Hodges,alvarezjoshua@example.org,KM,2021-07-09,Basic,2055.80
1814,Monica Howe,nmontoya@example.com,LS,2019-10-09,Premium,12909.15
1815,Jonathan Perez,aaron55@example.com,TH,2019-06-17,Basic,17143.83
1816,Alyssa Davis,contrerasjames@example.org,HT,2021-08-01,Standard,11959.14
1817,Morgan Gonzalez,jamesphillips@example.org,HR,2019-07-01,Standard,4336.98
1818,Luke Johnson,michaelsherman@example.com,LA,2024-08-26,Standard,19988.22
1819,Michael Bass,thomassmith@example.com,AU,2020-03-24,Premium,10362.41
1820,Melinda Orozco,millereric@example.org,DE,2020-01-16,Standard,21909.75
1821,Jeffrey Lyons,josephmeyer@example.net,GD,2024-05-25,Premium,518.37
1822,Stephanie Vargas,olivia29@example.net,HR,2018-04-05,Basic,16177.67
1823,Tiffany Coleman,qramirez@example.net,GH,2020-07-25,Premium,24353.19
1824,Rebecca Houston,richardbennett@example.net,PT,2020-03-23,Standard,17531.53
1825,Shelly Wilson,rachelhall@example.net,SN,2019-11-23,Premium,10025.87
1826,Ashley Mendoza,brianwhite@example.org,CN,2022-10-23,Basic,6503.94
1827,Anthony Garrison,allenandrea@example.com,SL,2018-12-31,Standard,4253.07
1828,Debbie Rivera,mariawilliams@example.com,GA,2024-05-12,Premium,352.87
1829,Richard Hale,holmescolleen@example.org,NO,2023-11-24,Standard,19333.98
1830,Kimberly Rojas,steven45@example.org,AU,2023-02-02,Basic,12353.73
1831,Penny Rowe,royjennifer@example.org,LI,2020-07-08,Basic,5078.63
1832,Patrick Walsh,millerjames@example.org,OM,2020-12-26,Standard,18661.08
1833,Kimberly Watson,ballvanessa@example.com,MU,2022-04-14,Premium,10782.71
1834,Rebecca Gordon,karen42@example.org,ST,2020-04-26,Basic,5389.16
1835,Lindsay Ray,hmitchell@example.org,CZ,2021-03-05,Basic,16929.72
1836,Phillip Mason,edwardstaylor@example.net,NZ,2022-09-10,Premium,10213.10
1837,Andrew Williams,nina65@example.net,LV,2019-08-21,Premium,7254.82
1838,Nathaniel Hill,richardhart@example.org,NG,2020-12-08,Premium,15442.01
1839,Derrick Perez,mike05@example.com,DO,2020-10-14,Standard,14572.58
1840,Jaime Williams,weberbrian@example.org,GY,2023-02-20,Premium,258.01
1841,Scott Grant,kristin09@example.net,SL,2019-06-30,Standard,24359.98
1842,Austin Adams,hebertmichelle@example.com,SM,2022-06-17,Basic,5305.44
1843,Justin Moreno,greenjessica@example.net,EE,2022-04-20,Basic,10582.27
1844,Kara Gilmore,zacharygray@example.org,SM,2024-09-12,Standard,1826.39
1845,Jennifer Allen,thomasricardo@example.net,KE,2024-03-31,Premium,1302.82
1846,Kelly Brewer,rickey20@example.org,NL,2020-08-19,Standard,22705.66
1847,Bianca Bowen,tlewis@example.com,BS,2024-10-19,Basic,24180.25
1848,Andrew Price,wmoore@example.com,TW,2024-09-16,Basic,18706.05
1849,Shane Lopez,jenniferwood@example.net,KZ,2018-07-06,Premium,6341.42
1850,Corey Grimes,barnettterry@example.com,NG,2024-12-13,Standard,7562.68
1851,Sharon Palmer,ingramjessica@example.com,GY,2022-06-05,Basic,9272.53
1852,Kathryn White,martin27@example.net,MC,2024-04-10,Premium,14512.17
1853,Michael Johnson,kaiserkelly@example.org,GM,2020-12-02,Premium,12593.67
1854,Phillip Kelly,brenda16@example.net,GN,2021-10-21,Standard,3297.99
1855,Renee Davis,obrienjames@example.net,BW,2021-07-23,Basic,13260.60
1856,Christina Robinson,oschneider@example.org,NE,2019-08-04,Standard,2921.05
1857,Miranda Huber,uchang@example.com,BY,2018-06-30,Premium,12480.27
1858,Jonathan Russell,smithjack@example.org,AT,2021-02-24,Basic,9014.81
1859,Felicia Perry,marywarren@example.org,HN,2022-10-28,Standard,22569.82
1860,Felicia Walsh,sbaker@example.net,CL,2020-12-14,Basic,20739.73
1861,Susan Rangel,peterlynch@example.com,CR,2020-12-16,Basic,7825.26
1862,Angela Munoz,pittsdanielle@example.net,JO,2019-11-07,Standard,18421.73
1863,Eduardo Hall,bcooper@example.net,CU,2023-07-06,Premium,13891.87
1864,Jennifer Jackson,shellyobrien@example.net,CY,2022-12-08,Premium,4723.00
1865,Jerry Rogers,qjones@example.org,MC,2018-08-12,Premium,4578.53
1866,Monica Anderson,cshepard@example.com,ZM,2023-04-11,Standard,4088.87
1867,Ricky Young,ypatterson@example.net,BD,2023-03-29,Standard,2900.60
1868,Anne Francis,bdeleon@example.org,FI,2023-07-21,Premium,11037.99
1869,Amy Dyer,peter91@example.org,MV,2024-04-16,Standard,11443.99
1870,Jesus Flores,corythompson@example.org,IE,2019-04-06,Basic,21671.98
1871,Heather Roth,ryanrodriguez@example.net,RU,2019-05-22,Standard,2339.45
1872,Justin Barrera,traceyguerra@example.com,AE,2021-03-09,Premium,20873.84
1873,Audrey Torres,leontracie@example.org,LV,2023-09-15,Standard,14081.18
1874,John Estrada,ricklewis@example.net,MR,2024-07-26,Premium,14588.68
1875,Becky Garcia,shannon09@example.org,SD,2018-01-17,Basic,19171.19
1876,Justin Zimmerman,justin20@example.net,PG,2020-01-10,Standard,23010.33
1877,Lauren Martin PhD,kwang@example.com,KM,2020-10-05,Standard,16922.71
1878,Juan Jacobs,hdavis@example.com,CY,2021-09-08,Premium,7107.03
1879,Holly Cruz,dylancunningham@example.com,AO,2019-05-15,Standard,9338.96
1880,Stacy Hudson,stephaniezamora@example.org,ER,2019-03-11,Standard,3844.39
1881,Renee Walker,kimberlyjordan@example.net,TJ,2018-11-29,Standard,20767.48
1882,Amy Dean,branchthomas@example.com,DZ,2023-05-20,Standard,15708.92
1883,Phillip Compton,maygordon@example.org,KR,2021-01-08,Basic,16450.16
1884,Wendy Perez,markbates@example.com,CF,2021-09-11,Premium,16404.32
1885,Travis Taylor,hufftina@example.org,LY,2023-01-30,Standard,23685.46
1886,Stacy Wilson,rachelknight@example.com,LV,2024-05-20,Premium,5284.17
1887,Robert Bowers,wgarza@example.net,GD,2018-07-19,Basic,7073.85
1888,Matthew Davis,wberry@example.com,ZM,2018-08-16,Basic,1768.10
1889,Ronald Smith,gstokes@example.net,LA,2024-10-02,Standard,2313.78
1890,Pamela Aguirre,ashley14@example.org,IQ,2020-11-11,Premium,6002.00
1891,Chase Matthews,melissa40@example.org,DM,2022-06-22,Premium,512.80
1892,Danny Smith,yburke@example.org,BG,2020-05-02,Premium,9712.57
1893,William Hughes,charlesbarnett@example.net,LT,2022-07-07,Standard,16179.20
1894,Samantha Johnson,brooksbrian@example.net,IT,2019-09-24,Premium,7463.67
1895,Mark Jones,brian62@example.net,SK,2022-11-06,Basic,20158.83
1896,Kevin Ramos,dsims@example.net,MN,2021-06-24,Basic,15087.84
1897,Douglas Smith,malexander@example.com,MX,2022-01-10,Basic,2402.79
1898,Miguel Cole,jessicahines@example.com,SV,2022-02-14,Basic,4996.78
1899,Chad Smith,reesetravis@example.net,PY,2022-12-30,Standard,11910.99
1900,Tammy Hendrix,hammondjoseph@example.com,SL,2024-04-25,Basic,10576.76
1901,Deborah Waller,jameshall@example.org,KW,2022-09-27,Standard,15346.69
1902,Timothy Harris,irodriguez@example.org,PL,2022-11-14,Basic,10650.43
1903,Samuel Nolan,erikamiller@example.org,AD,2018-06-15,Basic,8543.62
1904,Daniel Henderson,david78@example.net,LY,2023-03-14,Basic,5605.76
1905,Connor West,kurt90@example.net,DO,2019-09-28,Standard,13181.97
1906,Erica Thomas,ccarter@example.org,NR,2023-11-20,Premium,7267.58
1907,Zachary Young,evelyncollier@example.com,PW,2022-11-27,Premium,22680.19
1908,Tanya Stein,kcontreras@example.org,BO,2023-05-11,Standard,3715.16
1909,Christopher Davis,lshannon@example.net,EG,2019-06-08,Basic,22572.59
1910,Corey Stone,ijackson@example.com,LK,2020-10-15,Basic,10693.30
1911,Rachel Mcdaniel,bhall@example.org,SR,2024-05-17,Premium,13774.86
1912,Brian Robertson,ricky53@example.net,GB,2018-07-04,Basic,2690.80
1913,Parker Vasquez,hpowell@example.com,QA,2022-10-07,Standard,2362.11
1914,Jennifer Hurley,rachelholmes@example.org,AL,2024-05-17,Standard,8886.44
1915,Aaron Fernandez,hopkinsgeorge@example.org,ZM,2024-07-26,Premium,19216.17
1916,Michael Miller,qshelton@example.com,AL,2018-03-08,Premium,18512.90
1917,Kimberly West,mcdanielrichard@example.org,ES,2023-03-11,Premium,19654.43
1918,Matthew Giles,holdendominic@example.net,MY,2022-05-29,Premium,2082.26
1919,Nicole Friedman,joe99@example.net,JO,2021-05-04,Standard,14680.21
1920,Shawna Benton,patriciajohnson@example.com,AU,2023-02-07,Basic,11248.70
1921,Melissa Hall,mproctor@example.net,MD,2020-12-21,Standard,24167.99
1922,Wayne Wong,nicole59@example.net,TG,2020-02-06,Premium,4627.18
1923,Maria Campbell,ggarrett@example.com,GB,2024-10-10,Standard,21790.39
1924,Melissa Alexander,sandra38@example.com,PE,2019-03-12,Standard,13359.40
1925,Craig Hammond,anthonygilbert@example.com,MU,2018-01-24,Standard,2916.96
1926,Tracey Brown,isimpson@example.com,MV,2019-12-05,Basic,11928.00
1927,Shannon Andrews,twagner@example.org,CO,2022-07-18,Basic,24145.10
1928,Kenneth Snyder,gibbsamanda@example.net,SL,2024-10-01,Basic,12168.06
1929,Mason Fleming,migueldominguez@example.org,HR,2024-12-08,Basic,9018.22
1930,Heather Vang,vluna@example.net,PH,2022-06-06,Standard,2190.88
1931,Amanda Martinez,rachel25@example.com,IQ,2019-07-08,Premium,4770.05
1932,Timothy Long,wgonzalez@example.net,KE,2018-03-07,Basic,24263.01
1933,David Lynn,kristine33@example.net,TO,2018-04-20,Premium,12027.93
1934,Gina Martin,cohensabrina@example.org,SN,2019-08-18,Basic,6044.51
1935,Miranda Randolph,robincooper@example.org,TR,2024-01-16,Premium,2152.34
1936,Tracy Walker,matthewfranklin@example.net,MN,2023-03-14,Premium,11849.73
1937,Scott Ayers,castropeter@example.com,AR,2018-03-31,Premium,4152.64
1938,Katherine Baker,jherring@example.com,AM,2019-09-17,Basic,17564.95
1939,Nicole Mejia,mallory30@example.org,KP,2023-06-10,Standard,490.69
1940,Barbara Leonard,housedaniel@example.com,US,2023-01-16,Basic,6065.74
1941,Mr. Joseph Bush,josephjohnson@example.com,GE,2021-04-22,Basic,20736.27
1942,Brandon Carter,murphymark@example.org,GM,2022-05-24,Premium,8346.25
1943,Holly Mercado,halvarez@example.org,GW,2019-02-25,Basic,21190.74
1944,Jillian Stewart,moyerjoseph@example.org,MC,2022-11-04,Standard,21215.41
1945,Rebekah Campbell,johnsonmichael@example.com,MV,2024-06-28,Basic,18276.96
1946,Theresa Martinez,mhoffman@example.net,CO,2021-04-06,Premium,12187.41
1947,Adriana Ward,meganrose@example.com,MZ,2023-06-15,Basic,14775.98
1948,Chad Rivera,ubutler@example.net,SD,2024-11-09,Basic,22626.83
1949,Paul Ryan,kenneth22@example.com,MA,2023-06-22,Premium,17857.26
1950,George Yang,amber59@example.com,MM,2023-12-04,Premium,10550.11
1951,Emily Marquez,gregory24@example.net,CL,2021-07-17,Basic,1587.76
1952,Robin Patterson,anthony00@example.org,DE,2022-09-05,Standard,2923.52
1953,Jacqueline Hall,charlesyoung@example.net,CI,2024-12-25,Basic,8669.10
1954,Sheena Jones,nguyentimothy@example.net,GA,2022-11-22,Premium,4033.34
1955,Jessica Rojas,campbelljustin@example.net,SL,2020-02-27,Standard,8596.18
1956,Janice Harvey,sthomas@example.org,NO,2020-08-08,Basic,5492.56
1957,Mark Alexander,dawn20@example.org,MM,2021-10-21,Basic,21336.34
1958,Victoria Padilla,keith18@example.org,EC,2023-04-03,Premium,22079.33
1959,Rhonda Rodriguez,jamesbrown@example.org,UZ,2022-05-18,Standard,20827.02
1960,Ryan Smith,claire06@example.net,AG,2022-01-15,Standard,19993.88
1961,Kelly Perry,tmoore@example.net,PL,2019-10-26,Basic,5180.21
1962,Joseph Wang,fstone@example.net,PH,2018-12-20,Basic,12072.24
1963,Christopher Bell,timothy62@example.net,AU,2019-12-11,Premium,3907.85
1964,Luke Dixon,qreyes@example.net,GY,2023-07-09,Premium,19837.06
1965,Jenna Dunn,jenniferhorne@example.net,PW,2023-07-16,Standard,5867.97
1966,Jim Lewis,ucobb@example.org,TM,2024-03-30,Premium,24981.53
1967,Tracy Frye,nguyengerald@example.net,TN,2022-01-09,Standard,8926.10
1968,Cindy Jenkins,stephanieoconnor@example.com,KM,2019-10-12,Premium,20698.72
1969,Angela Turner,joeljackson@example.net,MM,2023-08-25,Premium,20170.39
1970,Dana Lane,lukecase@example.com,NI,2021-10-15,Standard,2849.23
1971,Nathaniel Ford,zrobinson@example.com,JP,2020-07-17,Premium,14049.54
1972,Alejandro Cook,becky79@example.net,RS,2023-06-16,Standard,24841.57
1973,Steven Munoz,ksmith@example.org,OM,2021-12-26,Premium,19252.37
1974,Anthony Wright,fwolf@example.net,CG,2024-03-31,Standard,22407.94
1975,Michael Roth,bethanygrant@example.net,HN,2023-10-13,Basic,16737.15
1976,Alfred Leonard,taylormichael@example.net,RS,2018-07-26,Standard,19974.67
1977,Kimberly Thompson,bakerangela@example.net,LA,2019-03-31,Premium,19541.31
1978,Kelly Hunter,nbailey@example.net,SZ,2024-11-02,Premium,20590.26
1979,Sherry Contreras,jack86@example.org,GB,2018-06-21,Basic,2635.28
1980,Robin Williams,ramirezkevin@example.com,KH,2019-04-29,Premium,22774.64
1981,Kenneth Bauer,daniel15@example.org,GE,2019-10-06,Basic,7303.07
1982,Laura Mcfarland,johnsonedward@example.net,DM,2022-12-14,Basic,12459.78
1983,Monica Matthews,elizabeth14@example.org,QA,2019-02-11,Premium,16177.32
1984,Sean Dixon,salazarjames@example.org,TR,2021-10-02,Premium,3074.59
1985,John Clark,hdavis@example.org,MY,2020-04-06,Standard,24240.92
1986,Chris Hernandez,ericdelacruz@example.net,PK,2018-01-27,Premium,20870.33
1987,Paul Taylor,obrienjulie@example.org,CI,2023-04-25,Standard,7168.96
1988,James Anderson,bobbywilliamson@example.org,PE,2019-12-03,Premium,6650.39
1989,Grant Newton,mrandolph@example.net,AE,2022-08-27,Standard,15736.01
1990,Amanda Armstrong,njames@example.net,AL,2020-10-02,Premium,18830.16
1991,Jordan Mcdowell,kimberly12@example.com,EE,2023-12-10,Standard,19680.39
1992,Duane Clarke,igarrett@example.com,AG,2019-07-20,Standard,10335.24
1993,Erin Taylor,nicholas09@example.org,ME,2022-08-04,Standard,23796.01
1994,Wendy Bell,efranco@example.net,LK,2023-10-16,Basic,9044.36
1995,Renee Lewis,david97@example.org,BY,2018-05-02,Standard,3639.61
1996,Jesse Thomas,rodneyhoward@example.com,SR,2018-02-10,Basic,20156.17
1997,Eric Bradshaw,meghangreen@example.org,CH,2018-10-13,Premium,8457.59
1998,Allison Branch,hendersonmichael@example.org,QA,2022-07-04,Premium,10851.81
1999,Johnny Brown,ramosjennifer@example.org,NR,2022-05-30,Premium,16504.40
2000,Kevin Gutierrez,davidcampbell@example.net,CD,2019-09-11,Basic,1445.25
2001,Dean Shields,walkerjennifer@example.com,AU,2023-10-31,Standard,10482.63
2002,Caleb Jensen,kfrye@example.net,PG,2024-03-17,Standard,18038.78
2003,Steven Parker,woodbrittany@example.com,MR,2021-07-08,Standard,197.56
2004,Ryan Bautista,timothy12@example.com,PL,2021-02-19,Basic,15260.03
2005,Brian Peters,robleswillie@example.org,GE,2019-08-25,Basic,10098.45
2006,Thomas Sparks,craigross@example.org,RW,2020-04-20,Basic,15608.99
2007,Jose Stephens,burnettelizabeth@example.com,CD,2024-12-07,Basic,11053.60
2008,Andre Cortez,janet71@example.org,SE,2021-11-15,Basic,10112.64
2009,Jesse Wright,vmarquez@example.org,BE,2020-03-19,Standard,2107.02
2010,Donna Booker,travis36@example.org,CI,2024-01-11,Standard,9749.84
2011,Allison Cunningham,michaelvillarreal@example.net,MH,2019-06-01,Basic,24798.10
2012,Michael Carlson,hjohnson@example.net,AF,2021-03-08,Premium,2320.49
2013,Zachary Lara,catherinemoore@example.com,IE,2024-03-10,Standard,13033.40
2014,Stacy Kim,christianrichards@example.net,GY,2019-10-18,Premium,697.28
2015,Melissa Alvarez,brownjoseph@example.com,NO,2024-01-21,Basic,6467.25
2016,Vincent Sims,fischerlaura@example.org,PE,2021-05-29,Basic,10568.65
2017,Mary Martinez,benjamin49@example.org,ST,2023-09-01,Premium,18299.65
2018,Kristen Hoover,audrey53@example.net,KN,2022-03-08,Standard,15674.74
2019,Richard Williams,mortonkenneth@example.net,SB,2021-12-22,Premium,1193.32
2020,Jennifer Obrien,pfowler@example.org,FJ,2019-05-26,Standard,7449.03
2021,Jeffrey Martinez,jreyes@example.net,JP,2018-01-22,Standard,8474.51
2022,Terry Moses,javiermitchell@example.org,RU,2020-08-25,Basic,24725.00
2023,Derek Hall,kathleenkim@example.org,LK,2024-05-05,Basic,22358.47
2024,Kaylee Garza,brandi19@example.com,AL,2023-12-25,Basic,5845.95
2025,Rodney Baker,qcharles@example.org,AR,2021-05-10,Standard,16673.06
2026,Anthony Murray,danieljenkins@example.org,HR,2024-06-04,Basic,3499.29
2027,Alyssa Pratt,cody81@example.org,MN,2022-03-27,Basic,18437.81
2028,Nicole Duncan,hlester@example.org,PA,2019-03-08,Standard,12911.30
2029,Monica Medina,sarah80@example.org,ST,2020-02-28,Standard,11357.74
2030,Stephanie Torres,eugenemartinez@example.com,SK,2019-08-24,Basic,10642.30
2031,Tammy Duncan,xcompton@example.com,AG,2022-08-15,Premium,2306.22
2032,Amy Johnson,barnesluke@example.net,BW,2022-10-07,Premium,11906.33
2033,Catherine Lopez,evansrichard@example.net,SV,2023-01-02,Premium,9232.36
2034,Christopher Macdonald,lacey96@example.net,SD,2023-11-26,Standard,14705.99
2035,Nicholas Myers,dbeck@example.com,BD,2023-10-27,Standard,21800.37
2036,Crystal Wilson,tylerrodney@example.com,NP,2024-07-21,Standard,15911.53
2037,Steven May,tonycraig@example.net,TG,2022-12-08,Basic,23275.89
2038,Felicia Bennett,maxwellsteve@example.net,SV,2023-06-29,Basic,24331.81
2039,Catherine Bowman,smiles@example.net,MT,2019-10-30,Premium,12644.65
2040,David Baker,edward70@example.org,TJ,2023-06-09,Basic,11442.82
2041,James Moore,,SR,2023-10-04,Basic,2951.45
2042,April Ponce,josephross@example.net,SC,2020-05-20,Standard,11833.89
2043,Andrew Graham,randall28@example.com,UY,2019-10-05,Basic,9233.30
2044,Jessica Hanson,davischarles@example.org,TZ,2019-05-02,Basic,21307.94
2045,Wendy Wright,yolandamarks@example.net,NE,2019-03-28,Premium,9239.65
2046,Daniel Cortez,petersontina@example.org,IE,2021-04-01,Premium,13069.44
2047,Jorge Morales,kentmichael@example.com,GB,2019-04-28,Standard,7623.11
2048,Charles Martinez,pattersondebra@example.org,MC,2022-03-14,Standard,7349.53
2049,Alfred Bradley,ebruce@example.net,RO,2018-04-25,Premium,3553.50
2050,Tara Jones,isabelwheeler@example.net,GB,2024-08-12,Standard,1216.28
2051,Amanda Weaver,clinesteven@example.net,CY,2021-06-03,Standard,5389.54
2052,Bobby Nelson,cobbmary@example.net,ER,2023-06-26,Premium,3058.20
2053,Lori Valentine,ijensen@example.net,HU,2021-11-29,Premium,21760.66
2054,Lauren Horton,gcollins@example.com,TN,2022-09-07,Standard,14326.48
2055,Steven Davis,brianna50@example.org,CM,2024-05-06,Standard,22507.18
2056,Miranda Frazier,kirkkimberly@example.com,HU,2022-03-26,Standard,20861.50
2057,Jane Neal,daniel71@example.com,KZ,2024-10-16,Premium,19048.78
2058,Crystal Carlson,uclark@example.org,NG,2023-08-30,Basic,11523.40
2059,Maria Garcia,mark90@example.com,RU,2023-01-17,Basic,11226.87
2060,Alexander Douglas,lindsay48@example.net,ID,2021-08-25,Premium,19995.29
2061,Edward Bennett,rfleming@example.net,TH,2024-12-29,Standard,9680.88
2062,Jessica Jenkins,kristina42@example.org,KR,2022-06-08,Standard,13524.86
2063,Sean Burns,bmorgan@example.net,PG,2022-12-20,Basic,6934.38
2064,Elizabeth Flores,jameshunter@example.net,AT,2018-12-29,Premium,17680.22
2065,David Casey,lauren62@example.net,ER,2024-05-31,Basic,19903.97
2066,Gabrielle Roberts,sandersmatthew@example.net,LY,2021-06-19,Basic,16128.99
2067,Anthony Neal,lmartin@example.org,EC,2024-04-10,Premium,4810.67
2068,Christopher Gill,epatterson@example.net,KM,2024-12-09,Basic,14421.39
2069,James Gallagher,pricedale@example.org,IT,2018-08-05,Basic,13043.84
2070,Ariel Watson,amanda86@example.org,AF,2023-05-04,Basic,22421.61
2071,Veronica Smith,zchapman@example.com,LC,2019-05-08,Basic,23404.55
2072,Justin Gonzalez Jr.,scott04@example.com,CR,2020-01-07,Premium,6874.06
2073,Jennifer Baker MD,ujones@example.org,DM,2020-04-22,Premium,20742.26
2074,Joseph Perez,bpeterson@example.com,MC,2024-07-01,Standard,2116.20
2075,Janice Goodwin,murraymichael@example.net,DO,2023-12-26,Basic,8010.78
2076,Dennis Palmer,david83@example.net,LR,2024-08-09,Premium,12286.83
2077,Heidi Goodwin,brandon64@example.com,TD,2018-04-06,Standard,10925.44
2078,Matthew Morgan,mollybruce@example.org,CG,2022-08-27,Premium,21491.21
2079,Cory Michael,imitchell@example.net,LK,2021-07-23,Standard,6429.44
2080,Katherine Bentley,hayesrachel@example.com,GA,2019-04-15,Premium,13544.48
2081,Edward May,tracyjohnson@example.net,SO,2021-03-14,Premium,4566.72
2082,Christopher Jones,agomez@example.net,SR,2019-01-03,Premium,7669.86
2083,Ryan Lawson,crivers@example.com,LS,2022-07-27,Basic,4229.78
2084,Cheyenne Hughes,markgardner@example.org,IQ,2024-11-21,Standard,4536.45
2085,Crystal Abbott,alexander18@example.org,VC,2018-08-28,Standard,9748.49
2086,Jessica Wagner,kirbymichael@example.org,IT,2021-08-03,Premium,10320.57
2087,Thomas Moses,jose08@example.org,SN,2021-08-20,Standard,9387.83
2088,Melissa Alvarez,shannonmueller@example.org,AL,2019-05-11,Premium,5063.99
2089,Marilyn Lozano,john91@example.org,SO,2024-09-11,Basic,5912.28
2090,Jonathan Guerrero,klara@example.net,NO,2023-09-15,Basic,9626.22
2091,Kelsey Frank DVM,torrestricia@example.com,TT,2019-04-17,Standard,1515.80
2092,Sara Garcia,qbecker@example.com,HT,2023-03-19,Basic,10176.91
2093,Brandon Daniel,lpage@example.com,CO,2023-06-07,Premium,10187.34
2094,Sandra Wong,pmartin@example.org,TN,2020-08-15,Premium,6728.99
2095,Brittany Rodriguez,kjohnson@example.net,GE,2024-07-28,Basic,2537.74
2096,Ms. Kayla Williams,garymartinez@example.org,AL,2024-03-22,Basic,19630.35
2097,Christopher Smith,holtpaul@example.com,MU,2021-06-01,Basic,10168.65
2098,Thomas Romero,hespinoza@example.org,SY,2018-12-10,Basic,12510.81
2099,Edward Watson,robertssamantha@example.org,TG,2019-08-07,Standard,13510.99
2100,Francisco Sanchez,lawrencekari@example.com,IS,2019-11-20,Premium,13438.39
2101,Paul Chase,jamesparker@example.net,KW,2022-10-02,Basic,11293.55
2102,Rachel Johnson,jessicavang@example.com,GB,2018-01-05,Standard,24027.86
2103,Clarence Wood,sherry96@example.com,BO,2024-12-17,Standard,16326.47
2104,Steven Williams,qcompton@example.com,NO,2019-11-17,Premium,1504.38
2105,Benjamin Stein,thendricks@example.org,KN,2023-05-30,Standard,14946.69
2106,Ryan Kaiser,valeriesmith@example.com,SR,2022-04-07,Standard,21060.97
2107,James Meyers,kelsey70@example.net,VE,2020-05-21,Basic,21017.10
2108,Raymond Wolf,mbarnes@example.com,TG,2021-02-26,Premium,4035.41
2109,Joseph Bradley,mmoore@example.com,AL,2023-12-28,Basic,1748.38
2110,Kimberly Grant,kennedywanda@example.net,BA,2019-01-03,Standard,17460.73
2111,Mr. Jackson Watson,dwhite@example.org,TN,2019-07-27,Basic,13911.98
2112,James Steele,davidharding@example.org,NR,2021-02-18,Standard,5271.25
2113,Pamela Howard,omarturner@example.org,TG,2023-08-30,Standard,22098.29
2114,Paige Baird,sarah17@example.com,LT,2021-11-04,Basic,6534.01
2115,Valerie Wilson,tbryant@example.org,SV,2023-01-29,Standard,6148.21
2116,Katherine Cruz,kristendavis@example.net,KH,2021-08-10,Standard,5265.60
2117,Diana Franklin,bcase@example.com,EE,2024-09-21,Standard,396.87
2118,Larry Woods,colelisa@example.com,WS,2019-07-02,Basic,23056.44
2119,Deborah Anderson,erin57@example.org,LB,2024-10-29,Standard,106.98
2120,Jonathan Smith,davidkane@example.com,AD,2018-02-09,Basic,4338.40
2121,Alicia Navarro,chenjeffrey@example.net,LV,2024-03-26,Basic,17582.49
2122,Trevor Stevens,margaretramirez@example.com,EE,2022-05-28,Basic,2028.72
2123,Tamara Carr,adam17@example.net,CF,2018-11-14,Basic,773.69
2124,Ruth White,jennifer31@example.org,NL,2022-12-29,Basic,3085.39
2125,Todd Daniels,adam10@example.com,TJ,2022-03-22,Basic,8949.14
2126,Nicole Brown,andrewstheresa@example.net,EE,2019-12-27,Basic,24594.89
2127,Stacey Rodriguez,edwardsronald@example.net,BD,2019-05-27,Standard,9262.02
2128,Crystal Montoya,kbrown@example.org,FR,2020-03-01,Standard,234.08
2129,Joel Pacheco,erin07@example.com,ME,2018-03-23,Standard,17013.86
2130,Martha Wiley,anna54@example.org,KH,2022-01-05,Premium,2249.16
2131,Keith Mcdonald,michellejenkins@example.org,UG,2024-11-17,Basic,7579.46
2132,Tyler Miranda,fhuff@example.net,WS,2020-06-24,Premium,24502.98
2133,Brenda Wells,lisa13@example.net,BN,2022-01-26,Premium,7018.91
2134,Gary Hernandez,lwalker@example.org,PT,2024-10-18,Premium,178.39
2135,Cindy Keith,samuel83@example.com,CZ,2022-06-11,Premium,21747.91
2136,Antonio Atkins,bwilliams@example.com,FI,2024-05-20,Basic,12350.28
2137,Colleen Robbins,patricia88@example.org,SY,2024-03-10,Premium,16495.96
2138,Christopher Mcbride,zmorse@example.net,KG,2024-05-06,Basic,17059.59
2139,Chad Williams,brian74@example.net,BE,2024-05-03,Premium,1634.02
2140,Jerry Rogers,diazrandy@example.org,TM,2019-06-10,Basic,1626.23
2141,Roger Wheeler,rachel51@example.org,SA,2020-11-29,Basic,21386.97
2142,Emily Johnson,prestoncory@example.org,BZ,2023-11-13,Basic,19556.32
2143,Jordan Hughes,thomaslinda@example.net,PA,2020-02-25,Basic,577.94
2144,Amy Park,cynthiasullivan@example.net,MN,2023-12-23,Basic,6323.03
2145,Emily Gillespie,holly12@example.org,BS,2024-04-13,Standard,48.87
2146,Catherine Santana,monica00@example.org,NI,2022-10-16,Basic,16827.49
2147,Melissa Williams,daniel32@example.com,TD,2018-08-01,Standard,10813.70
2148,Leah Alexander,antonio40@example.com,BZ,2022-07-25,Standard,3042.94
2149,Michele Richard,dlarson@example.com,KN,2023-10-24,Standard,12389.37
2150,Megan Schneider,elizabethcalderon@example.org,AG,2023-10-20,Premium,22095.06
2151,Mrs. Megan Robinson,kendra03@example.net,TT,2020-07-08,Premium,6948.33
2152,Donald Martinez,johnsross@example.net,VA,2022-09-17,Basic,11221.54
2153,Paige Brown,courtney13@example.net,LU,2018-01-22,Standard,4865.20
2154,Lisa Thompson,michael35@example.net,TN,2018-12-02,Basic,20191.82
2155,Angel Hughes,browntamara@example.net,TR,2020-07-13,Basic,10595.51
2156,Alec Duncan,jonespaul@example.com,QA,2018-11-01,Premium,4921.92
2157,Richard Woodard,smason@example.net,CN,2021-09-10,Standard,1571.10
2158,Tina Bates,kristopher53@example.org,AD,2019-02-01,Premium,11999.16
2159,Jimmy Blake,matthewsmith@example.org,ZW,2018-04-09,Basic,19930.52
2160,Adam Snyder,iedwards@example.com,ER,2021-10-01,Standard,6178.84
2161,Joe Scott,burtondoris@example.net,ME,2023-04-24,Premium,23970.07
2162,Colleen Walker,melissa10@example.net,AU,2018-08-11,Standard,12991.88
2163,Maria Stafford,kellyadam@example.net,TH,2020-08-27,Premium,19393.74
2164,Kayla Sanchez,oliviawilson@example.com,MX,2024-12-12,Standard,19102.46
2165,Robert Jensen,campbellerika@example.com,LT,2023-01-03,Basic,3120.66
2166,Whitney Hawkins,kmorris@example.org,BT,2018-09-06,Premium,9434.88
2167,Norman Wise,gary03@example.org,NL,2018-09-24,Premium,1550.06
2168,Sonya Salinas,stephengomez@example.org,BO,2022-12-16,Premium,7536.78
2169,William Wu,aaronwallace@example.org,LY,2022-11-04,Premium,2545.69
2170,Courtney Walton,whiteryan@example.org,BZ,2018-08-17,Basic,1305.08
2171,Lisa Keller,gomezrenee@example.org,SK,2022-04-12,Standard,2395.76
2172,Katherine Smith,ariana61@example.org,SC,2022-08-11,Premium,21614.57
2173,Joseph Cook,crossnicole@example.net,AE,2024-12-30,Premium,11335.28
2174,William Jackson,jameszachary@example.net,BE,2023-03-17,Standard,21998.45
2175,Patricia Stark,znichols@example.net,UY,2024-12-11,Premium,8490.41
2176,Andrea Werner,williamperkins@example.org,SE,2018-04-17,Standard,12930.32
2177,Tyrone Collins,sandovalwendy@example.org,DO,2024-08-04,Premium,2700.16
2178,Karen Smith,andreagilbert@example.net,CN,2018-02-20,Basic,17832.48
2179,Sara Perez,briandavis@example.com,RU,2024-08-25,Premium,22609.25
2180,Miss Monique Middleton,jonesterri@example.com,TR,2019-06-01,Basic,12722.45
2181,Christina Smith,jillnavarro@example.org,AZ,2021-12-26,Standard,12034.98
2182,Veronica Hill,jefferyanderson@example.net,OM,2024-12-18,Standard,4648.09
2183,Dr. Cameron Liu II,blakefrank@example.org,SC,2019-07-18,Premium,1512.28
2184,George Williams,randy00@example.com,VC,2021-06-30,Basic,10896.20
2185,Crystal Clayton,zstevens@example.net,BY,2022-01-05,Standard,14591.65
2186,Courtney Tate,pearsonvicki@example.org,NI,2024-01-26,Premium,3685.23
2187,Robin Good,harrisonnicholas@example.net,BB,2021-06-18,Basic,8572.51
2188,Caitlin Curry,davidglover@example.com,HU,2022-02-19,Premium,12942.01
2189,Natalie Nicholson,harveyphilip@example.org,TN,2019-08-16,Premium,5934.68
2190,Sean Mcmillan,gtucker@example.org,MM,2024-04-10,Premium,10551.53
2191,Stephen Novak,zskinner@example.com,GB,2020-03-11,Premium,16013.87
2192,Amanda Hall,fspears@example.net,SG,2020-04-04,Premium,8538.80
2193,Heidi Brown,kimberly44@example.net,AZ,2023-05-03,Basic,17296.03
2194,Jeffrey Petty,cassandra33@example.net,NI,2023-03-30,Basic,17310.35
2195,Eric Munoz,shawnanderson@example.org,MV,2024-06-27,Basic,24076.62
2196,Stephen Wilson,tanya43@example.com,TL,2024-11-28,Standard,10467.38
2197,Ronald Cooper,joseph21@example.net,SG,2019-10-27,Premium,11357.55
2198,Makayla Friedman,mavery@example.net,VN,2018-06-22,Standard,5485.15
2199,Marcus Russell,jennifersolomon@example.net,BS,2018-01-16,Basic,5575.63
2200,Laura James,jamesmorgan@example.org,CR,2020-08-01,Standard,15598.00
2201,Tonya Campbell,ldickson@example.com,TL,2020-09-06,Standard,18364.65
2202,Joseph Walker,stacy03@example.org,BR,2021-09-19,Basic,9397.80
2203,Holly Barnett,xsullivan@example.net,IQ,2022-06-28,Premium,20652.11
2204,John Luna,victor76@example.net,LC,2018-01-28,Standard,247.30
2205,Rebecca Adams,stacey53@example.com,MN,2022-01-05,Premium,13867.29
2206,Wendy Nelson,mvelazquez@example.net,MU,2019-08-07,Standard,11010.20
2207,Amy Clark,david25@example.com,MN,2024-07-26,Standard,1097.62
2208,Michael Smith,sara94@example.net,BT,2018-05-02,Premium,4945.62
2209,Cathy Ross,marcuscase@example.net,MU,2019-12-15,Premium,22134.56
2210,Ryan White,alexanderberg@example.com,CR,2019-12-15,Standard,21188.35
2211,Ricardo Chapman,bakerpaul@example.com,BF,2020-10-04,Premium,4899.69
2212,Dr. Marie Silva MD,shelleyvelasquez@example.com,LB,2019-12-23,Standard,22766.22
2213,Cindy Pacheco,oknight@example.net,PK,2018-03-27,Basic,3431.09
2214,Tyler Becker,johnsondebbie@example.net,CM,2019-03-31,Standard,23402.85
2215,Joseph Kelly Jr.,millerjessica@example.com,BW,2021-06-03,Standard,6003.75
2216,Kristin Flores,michaelmontes@example.com,SZ,2022-03-06,Basic,4284.00
2217,Jessica Bullock,rgreen@example.net,GD,2023-11-29,Basic,22041.59
2218,Mr. Cory Hanna PhD,holtrobert@example.com,SZ,2018-09-25,Premium,3610.81
2219,Courtney Wallace,banderson@example.com,KZ,2019-06-20,Premium,4792.03
2220,Cole Mcdonald,ramirezbryan@example.org,ZM,2022-03-30,Basic,9356.38
2221,Robin Cervantes,johnsonsharon@example.com,CF,2024-09-21,Standard,24424.54
2222,Victoria Johnson,timothyfleming@example.net,CN,2020-09-28,Premium,19077.06
2223,Cody Ford,davidjohnson@example.com,GT,2024-08-02,Premium,21360.89
2224,Melissa Martinez,kathrynrice@example.net,MD,2021-04-19,Premium,8192.02
2225,Wyatt Kerr,davidgray@example.com,MG,2018-08-07,Basic,19890.30
2226,Kelly Myers,burkejacob@example.net,ZM,2019-06-02,Basic,24209.61
2227,Rachel Cooper,tammy53@example.org,CY,2023-06-26,Premium,18182.46
2228,Mark Townsend,nperez@example.org,SK,2023-04-12,Basic,15372.16
2229,Carrie Mitchell,yvazquez@example.org,MH,2019-11-17,Basic,9702.90
2230,Darrell Simmons,teresa76@example.org,BE,2023-09-17,Standard,12464.69
2231,Judy Dixon,ylawson@example.org,SD,2023-03-17,Premium,8045.58
2232,Sandra Gonzalez,pgarcia@example.net,GN,2022-03-12,Basic,17362.74
2233,Kristin Castro,janicestuart@example.com,TL,2023-07-20,Standard,6708.39
2234,Lorraine Leblanc,amanda46@example.com,FR,2022-07-01,Basic,23029.63
2235,Paul Anderson,tinabrandt@example.net,DE,2024-07-19,Basic,915.11
2236,Christopher Joseph,walterskaren@example.com,ID,2020-06-18,Premium,11302.00
2237,Hannah Mooney DVM,jenniferortega@example.net,ZM,2020-08-18,Standard,5464.84
2238,Cassandra Mullen,lbrown@example.net,LU,2022-10-07,Standard,14284.26
2239,Matthew Mccullough,marissareid@example.net,QA,2022-03-13,Standard,13763.80
2240,Dana Wyatt,schmidtjoseph@example.net,RW,2019-07-05,Premium,7376.20
2241,Ronald Smith,jermaine84@example.org,TD,2023-10-27,Standard,5754.44
2242,Brittany Beasley,robinsonpaul@example.com,HR,2018-06-18,Standard,12806.55
2243,Richard Beck,ashleycortez@example.net,MM,2021-10-09,Standard,11278.78
2244,Erik Hill,uwilliams@example.com,TN,2022-11-07,Standard,9187.80
2245,Christopher Sims,richardsonronnie@example.net,IQ,2023-07-31,Standard,6825.49
2246,Keith Hull,mark40@example.net,SV,2018-04-12,Premium,11042.21
2247,Nathan Vargas,brittanyhayes@example.com,MK,2020-12-23,Basic,1897.21
2248,Amy Lara,andrewjackson@example.org,TL,2018-12-04,Standard,21065.08
2249,Marcus Pearson,taylordorothy@example.org,KP,2023-10-02,Basic,16091.36
2250,Dakota Sanchez,nbullock@example.com,PL,2021-02-06,Premium,2460.23
2251,Maria Sullivan,klewis@example.com,RW,2018-10-20,Standard,957.03
2252,Crystal Yates,davidpearson@example.net,AT,2020-03-31,Standard,4916.16
2253,Gerald Ray,awong@example.com,GW,2021-09-10,Standard,7567.89
2254,Taylor Shepard,james91@example.net,MU,2021-01-29,Premium,17641.07
2255,Colin Mckay,hunter12@example.org,DJ,2019-07-19,Basic,18495.53
2256,Benjamin Wilkinson,tom64@example.com,TM,2020-12-05,Premium,19251.90
2257,Rebecca Mitchell,dawsonaaron@example.com,TJ,2021-02-28,Standard,19578.21
2258,Eric Gardner,tcrawford@example.net,PE,2022-07-13,Standard,20546.53
2259,Tammy Dyer,barnesjames@example.com,NP,2018-02-18,Standard,16352.28
2260,Amanda Hodge,johnsonjohn@example.com,MC,2019-09-04,Standard,5689.46
2261,Curtis Chapman,kproctor@example.com,VE,2020-05-09,Standard,5843.08
2262,John Miller,derrick63@example.com,GA,2024-08-01,Basic,18940.53
2263,Jacob Owens,whitemichael@example.org,SM,2023-03-05,Standard,19797.87
2264,Jason Clark,jimmy15@example.net,JP,2021-07-06,Premium,10719.82
2265,Lisa Hansen,cheryl54@example.com,KM,2022-09-07,Premium,10967.02
2266,Edwin Rivera,nancy43@example.com,KN,2024-04-06,Premium,9367.50
2267,Benjamin Mosley,fostersarah@example.net,HN,2024-06-23,Premium,7639.30
2268,Dana Thornton,joshua74@example.org,TR,2018-02-09,Standard,20260.03
2269,Sherri Baker,dustinwilliams@example.com,SC,2021-12-23,Standard,5637.27
2270,Larry Woods,vanessacaldwell@example.net,BA,2022-10-10,Basic,18815.65
2271,Kelly Hodge,cory21@example.org,PS,2024-01-12,Standard,8151.99
2272,Betty Vazquez,daltonkathleen@example.com,LR,2018-04-06,Basic,19633.95
2273,Samuel Bailey,crystal65@example.com,PW,2019-07-24,Premium,24431.08
2274,Bonnie Strickland,sanchezbrad@example.com,TN,2021-09-14,Basic,15745.98
2275,Eric Hickman,jenniferwalker@example.org,AT,2024-10-05,Basic,14346.97
2276,Omar Kelly,kimberlyharris@example.com,LT,2022-05-21,Standard,5105.12
2277,Sharon Rice,llee@example.com,YE,2022-05-20,Premium,13362.26
2278,Kaitlin Smith,farellano@example.net,VA,2020-02-11,Standard,2715.96
2279,Benjamin Mccarthy,jaime56@example.com,GN,2024-05-21,Standard,15975.08
2280,Daniel Weaver,brandon34@example.org,ET,2021-06-01,Premium,4285.59
2281,Brooke Lambert,arthurwright@example.com,PK,2024-03-14,Premium,801.48
2282,Derek Clark,smithjesse@example.com,LC,2024-10-07,Standard,670.96
2283,Kathy Steele,iharrington@example.org,AU,2020-03-26,Premium,22783.63
2284,Stephanie Herring,jennifer29@example.com,MU,2022-04-30,Standard,5147.31
2285,Tina Hernandez,lucasteresa@example.com,JO,2021-04-07,Basic,13109.89
2286,Dennis Chaney,jared50@example.org,GT,2023-02-06,Premium,9216.31
2287,Raven Richardson,martinlisa@example.net,IT,2018-02-15,Premium,8169.30
2288,George West,jessica23@example.org,CR,2022-08-10,Standard,3925.89
2289,Brittany Mcguire,taylordennis@example.com,TO,2019-03-30,Premium,13411.33
2290,Cindy Rich MD,jamesortiz@example.com,BJ,2023-05-13,Basic,1719.07
2291,Barbara Santana,adiaz@example.com,NP,2020-04-25,Premium,21761.23
2292,John Bishop,john02@example.com,BA,2021-06-22,Standard,20447.40
2293,Anthony David,reneenavarro@example.net,IL,2023-04-29,Premium,15092.74
2294,Carolyn Johnson,jennifer20@example.org,SR,2021-06-25,Basic,5074.32
2295,Barry Stanton,davisjennifer@example.org,HR,2023-02-23,Standard,5042.57
2296,Eileen Ibarra,gonzalesnatasha@example.com,IL,2019-08-08,Standard,1599.25
2297,Kimberly Blair,deckerthomas@example.net,FM,2022-06-24,Basic,20189.15
2298,Roger Gutierrez DDS,sarawilliams@example.com,DZ,2023-11-24,Standard,22757.56
2299,Kimberly Knapp,kristinaharrison@example.org,LU,2023-07-04,Standard,11567.39
2300,Tara White,carol95@example.com,MX,2018-06-10,Basic,2277.57
2301,Diane Scott,staceywashington@example.net,ET,2023-02-13,Standard,17507.91
2302,Randy Jones,corymiller@example.org,CL,2021-05-03,Standard,15325.69
2303,Tracy Williams,toni86@example.net,VE,2019-12-19,Standard,6228.37
2304,Thomas Daugherty,gibsonbrandon@example.com,JP,2024-12-05,Basic,10801.92
2305,Rebecca Cantu,michaelmatthews@example.net,VN,2022-04-25,Basic,4586.11
2306,Henry George,snydergerald@example.org,SA,2024-05-18,Premium,9838.78
2307,Nicole Wright,bwhite@example.com,JP,2018-06-28,Premium,22138.55
2308,Brian Thompson,gina49@example.net,MU,2019-10-09,Standard,22063.90
2309,Cheryl Lee,schwartzlisa@example.org,JP,2024-01-12,Standard,16666.42
2310,Jeremy Stein,torresmary@example.com,SE,2018-10-01,Basic,18163.44
2311,Tammy Smith,christina68@example.net,MG,2020-06-08,Standard,10281.95
2312,Ralph Edwards,ncrawford@example.net,EG,2024-03-14,Premium,24882.91
2313,Mark Clark,robert42@example.com,SB,2018-11-10,Premium,12609.87
2314,Robert Moore,ashley06@example.org,MZ,2021-08-28,Standard,11273.40
2315,Bradley Pacheco,anthonywood@example.net,DJ,2020-11-01,Premium,12651.61
2316,Dustin Jones,jrobinson@example.net,LB,2023-03-09,Premium,1829.89
2317,Maurice Perkins,ryanford@example.net,DE,2023-03-07,Standard,8591.44
2318,Carrie Dean,elizabeth20@example.com,MT,2022-06-24,Premium,9916.86
2319,Matthew Hanson,lucasandrea@example.org,FI,2018-02-13,Standard,2867.07
2320,Brian Pena,williamsaudrey@example.org,MA,2019-07-14,Standard,16757.39
2321,Amy Day,melissadavis@example.org,BO,2023-03-17,Standard,11533.92
2322,Edward Bates,dawsonamanda@example.com,ST,2018-12-05,Basic,16425.57
2323,Jonathan Morales,garciabrandi@example.net,LR,2022-11-28,Premium,11769.69
2324,Joshua Price,karen00@example.com,EE,2021-02-17,Premium,4264.73
2325,Kathryn Randolph,elittle@example.org,KW,2018-03-15,Basic,2512.88
2326,Patty Moyer,zcampbell@example.net,KR,2021-04-19,Premium,13366.35
2327,Barbara Graham,jeffbarrett@example.org,VA,2022-05-20,Premium,1939.63
2328,Timothy Stokes,charleswhite@example.com,FM,2018-02-15,Basic,6831.31
2329,Duane Carr,laurarodriguez@example.net,RU,2022-12-10,Standard,4448.51
2330,Sylvia Carroll,davismichelle@example.com,DE,2018-05-22,Basic,13307.47
2331,Jennifer Lynch,,DK,2022-12-16,Basic,1193.90
2332,Christina Moss,brownnancy@example.com,NE,2023-11-12,Basic,16563.50
2333,Michael Jackson,brownmichael@example.org,AE,2019-02-26,Standard,17258.67
2334,George Stephens,moniquesmith@example.net,BD,2022-12-24,Premium,14955.13
2335,Christopher Sanchez,andreasmith@example.com,TG,2018-07-19,Standard,19177.86
2336,Tammy Kirby,donnacunningham@example.net,BH,2020-10-19,Standard,22718.91
2337,James Terry,lynnavila@example.org,GT,2020-03-30,Premium,400.96
2338,Justin Preston,nnunez@example.org,RO,2018-04-25,Premium,8427.92
2339,Paul Wagner,waretabitha@example.com,EE,2020-02-27,Basic,16723.74
2340,Brian Hamilton,tammy10@example.org,ET,2020-06-22,Premium,19923.10
2341,Jonathan Moore,jenniferhernandez@example.net,SR,2019-11-19,Basic,4176.18
2342,Monique Walker,stevengreene@example.org,SM,2022-08-30,Basic,2692.10
2343,Michael Duran,sullivanpaula@example.com,MV,2021-09-01,Standard,14051.35
2344,Andrew Campos,margaret20@example.net,SO,2020-02-16,Basic,5177.98
2345,Selena Li,kaylahowell@example.com,UZ,2024-01-28,Standard,23473.08
2346,Jason Murray,gomezbrittney@example.net,SN,2019-05-10,Premium,5344.50
2347,Kimberly Evans,rthompson@example.org,VC,2021-12-31,Standard,4340.54
2348,Brittany Myers,heather68@example.com,DO,2022-07-06,Basic,7906.01
2349,Heather Gallegos,marioharris@example.net,SD,2022-05-14,Premium,11469.40
2350,Stephanie Martin,jeffrey46@example.net,ZW,2018-09-28,Basic,20377.12
2351,Jeremy Evans,bethfranklin@example.com,IQ,2024-12-30,Standard,1098.47
2352,Brenda Williamson,tgarza@example.org,OM,2020-06-14,Standard,7538.36
2353,Jennifer Smith,trancaitlin@example.com,LA,2024-09-18,Standard,24577.56
2354,Dawn Bell,richard18@example.org,UZ,2019-02-22,Basic,13404.54
2355,Sarah Rodriguez,dsanchez@example.net,ZM,2024-05-20,Premium,6298.50
2356,James Perkins,osbornkelly@example.net,SN,2019-01-24,Basic,8108.86
2357,Dylan Smith,elizabethrobertson@example.com,AG,2022-05-11,Basic,23113.84
2358,Christopher Houston,martindonald@example.com,BB,2019-06-29,Standard,4383.28
2359,Dylan Guzman,smithamy@example.com,SN,2021-07-26,Basic,12053.26
2360,Heather Garcia,aaronwiley@example.net,TH,2021-10-04,Premium,15213.33
2361,Max Williams,itorres@example.net,GW,2024-07-24,Standard,9559.28
2362,Nancy Green,tranrobert@example.org,AL,2020-08-10,Basic,14686.71
2363,Tyler Kramer,williamsjason@example.net,LY,2018-02-24,Premium,530.33
2364,Olivia Powell,deanna05@example.com,JP,2019-05-24,Standard,5909.91
2365,Dean Cunningham,qirwin@example.com,NR,2022-10-22,Premium,15494.16
2366,Anthony Juarez,valdezalyssa@example.org,NI,2018-09-03,Premium,9363.09
2367,Regina Johnson,ronaldoneal@example.org,BE,2021-04-29,Premium,3791.76
2368,Thomas Turner,david90@example.com,RO,2020-04-17,Basic,947.67
2369,Grant Henderson,xcardenas@example.org,KI,2024-09-15,Standard,18481.39
2370,Jamie Cobb,darrylkent@example.net,UG,2021-09-08,Premium,6953.16
2371,John Stewart,ltate@example.org,CM,2018-06-12,Basic,19794.49
2372,Evelyn Lewis,timothy64@example.net,JO,2022-08-27,Basic,20317.76
2373,Erika Harper,gnguyen@example.org,SN,2018-04-08,Premium,21173.37
2374,Aaron Rivas,karlchandler@example.org,CA,2021-09-18,Standard,6056.22
2375,Ronald Lam,smithjohn@example.org,KM,2024-01-19,Premium,22665.80
2376,Brandon Melton,xyoung@example.net,CV,2020-10-14,Basic,17406.95
2377,Julie Moore,amanda83@example.net,LY,2020-06-30,Basic,21817.64
2378,Michelle Morris,george94@example.org,KZ,2023-11-06,Standard,4588.64
2379,Brenda Villarreal,sullivantiffany@example.com,RW,2018-01-25,Premium,21746.67
2380,Bradley Jones,sabrina80@example.com,KP,2018-10-14,Premium,1302.67
2381,Deanna Gibson,thomas53@example.com,CV,2019-08-03,Premium,3139.02
2382,Shane Dennis,jacqueline97@example.org,IL,2019-12-13,Basic,13721.18
2383,Steven Harris,jesse88@example.org,GN,2020-04-17,Premium,12685.61
2384,Joseph Fisher,barkerjohn@example.net,SK,2022-10-12,Basic,11676.86
2385,Veronica Simmons,palmerwilliam@example.org,TH,2019-11-04,Basic,4938.41
2386,Robert Castillo,sgonzalez@example.net,NZ,2022-10-03,Premium,15146.28
2387,Michael Edwards,wallacekevin@example.com,HR,2021-05-26,Standard,14410.55
2388,Garrett Perez,garciaanne@example.org,MK,2020-04-04,Standard,21560.64
2389,John Carter,vcrawford@example.com,PA,2023-05-25,Premium,23775.33
2390,Taylor Vargas,echapman@example.com,GR,2022-01-12,Standard,9442.94
2391,James Matthews,pamela64@example.com,BF,2023-04-13,Standard,10567.43
2392,Laura Tyler,rodriguezamanda@example.net,LV,2024-11-01,Basic,10835.76
2393,Kenneth Schmidt,marissasutton@example.com,DK,2019-10-01,Standard,495.28
2394,Bradley Wheeler,rebecca24@example.com,IS,2022-04-12,Standard,21351.06
2395,Kayla Black,,TJ,2021-05-14,Basic,13429.94
2396,Jacqueline Rowe,tmurphy@example.net,MG,2024-03-14,Basic,4392.48
2397,Beth Holmes,kirbybrett@example.org,BN,2022-04-08,Standard,7646.18
2398,Kevin Simon,wilkinskevin@example.net,ET,2021-03-06,Standard,14053.55
2399,Susan Hayes,murraysara@example.net,SM,2023-05-24,Premium,8330.85
2400,Vincent Schaefer,tylerlaura@example.org,NO,2023-04-07,Premium,3868.11
2401,Shane Mills MD,millerjessica@example.net,AT,2020-02-16,Premium,320.86
2402,Jonathan Walton,rowebelinda@example.net,RW,2023-08-13,Basic,18133.63
2403,Angela Landry,barbara09@example.net,WS,2023-07-06,Standard,23142.28
2404,Sarah Whitaker,dmcdonald@example.com,KW,2022-06-05,Basic,9328.62
2405,Scott Middleton,jeffreymccormick@example.org,YE,2023-06-29,Standard,16026.22
2406,Emily Wagner,webstersteven@example.net,AL,2024-08-06,Premium,10219.69
2407,Maureen Lee,vsmith@example.org,CM,2018-06-09,Premium,9620.65
2408,Rachel Miller,susanpatel@example.net,PY,2024-05-05,Premium,4855.71
2409,Matthew Edwards,sanchezronald@example.net,BH,2022-11-23,Standard,19281.76
2410,Erin Nichols,foleyjennifer@example.org,JM,2021-11-28,Basic,17728.21
2411,Shawn Evans,eclark@example.com,MC,2022-02-17,Basic,1442.62
2412,Kiara Harris,ctaylor@example.org,GM,2022-04-28,Standard,18391.61
2413,Katrina Greene,jasonallen@example.net,BH,2020-09-19,Standard,862.69
2414,Lori Stephens,odavis@example.com,PG,2022-01-20,Basic,17663.97
2415,Angelica Cook,phoover@example.net,RU,2018-04-26,Basic,16641.89
2416,Heather Clarke,garciakelly@example.com,GD,2019-08-29,Standard,15135.89
2417,Mary Massey,thomaswhite@example.org,DJ,2019-08-27,Standard,6185.37
2418,Jennifer Cannon,vortiz@example.org,KE,2024-06-26,Basic,21037.90
2419,Bradley Aguirre,casey61@example.org,CA,2018-02-20,Premium,19274.30
2420,Melissa Haley,cynthia35@example.net,ZW,2022-04-24,Standard,17651.74
2421,Jennifer Baker,tabitha03@example.net,TJ,2018-11-26,Basic,22748.73
2422,Brandy Baird,bakertommy@example.org,NO,2022-09-29,Premium,20743.74
2423,Scott Brennan,cynthia47@example.org,SM,2020-11-01,Basic,7555.49
2424,Crystal Stewart,sarajohnston@example.net,BD,2023-12-24,Basic,22166.27
2425,James Neal,hudsonglen@example.net,IT,2024-07-28,Standard,18348.34
2426,Katrina Hubbard,karen51@example.net,GW,2018-12-31,Premium,15904.51
2427,Pamela Medina,ftaylor@example.org,PH,2021-11-11,Premium,6725.53
2428,Craig May,jshaffer@example.org,CD,2020-05-08,Basic,9949.26
2429,Sara Hoover,harrisstacey@example.net,SC,2021-06-15,Premium,24675.64
2430,Stephanie Hunter,amyramos@example.net,MK,2023-07-08,Premium,2421.77
2431,Courtney Young,ecampbell@example.com,AL,2022-09-08,Basic,10421.06
2432,Anna Love,deandaniel@example.com,FI,2021-03-27,Basic,10773.74
2433,Mallory Barnes,lopezdavid@example.org,MG,2019-12-24,Standard,4660.00
2434,Christopher Williams,carlos23@example.org,VA,2019-07-05,Premium,12161.78
2435,Matthew Cole,adrianchang@example.org,AO,2023-08-21,Premium,11266.52
2436,Michael Norris,cory32@example.com,MR,2020-05-20,Premium,5023.52
2437,Mrs. Krista Jones DDS,corey22@example.com,ST,2020-01-19,Premium,6483.80
2438,Alyssa Cross,yhernandez@example.com,TR,2022-08-02,Standard,15670.93
2439,Clifford Brooks,ywilkinson@example.org,ER,2019-03-24,Basic,4153.15
2440,Derek Wu,geraldgarcia@example.net,VU,2021-04-15,Premium,9443.21
2441,Corey Reyes,ygarcia@example.org,BE,2021-02-07,Premium,8553.80
2442,Chase Ross,brianconrad@example.org,AU,2024-07-26,Premium,11947.43
2443,Peggy Young,egriffith@example.net,ML,2019-02-17,Premium,1526.41
2444,Tyler Silva,morganthomas@example.com,AT,2018-01-30,Basic,14561.14
2445,Johnny Taylor,johnsonsteven@example.net,PL,2018-06-21,Premium,5276.71
2446,Paul Johnson,fjackson@example.org,GA,2018-01-30,Standard,15074.62
2447,Jamie Williams,pwilkerson@example.com,SA,2020-12-24,Standard,11830.79
2448,Bryan Brock,leslie46@example.org,SA,2021-10-12,Basic,10736.34
2449,Christopher Morton,wellsadam@example.com,KP,2022-02-27,Basic,22253.80
2450,Anthony Good,katherinecarter@example.org,ER,2021-07-15,Premium,23524.78
2451,Brandon Sanders,matthewlewis@example.net,IR,2022-06-21,Standard,15270.23
2452,Brenda Oconnor,aguilarkevin@example.com,PY,2021-12-29,Standard,20156.76
2453,Jamie Johnson,robertgarrett@example.com,BY,2018-01-13,Standard,21763.54
2454,Carlos Ortiz,tmorrison@example.net,TH,2022-07-04,Basic,20885.53
2455,Wesley Anderson,margaret59@example.net,MG,2019-07-23,Premium,15047.73
2456,Andrew Rodriguez,floressarah@example.net,BW,2023-12-14,Standard,23776.55
2457,Jeffrey Gilmore,jessica86@example.com,QA,2020-10-15,Standard,11297.95
2458,Raven Odonnell,dmartinez@example.com,BH,2023-05-01,Basic,10328.16
2459,Kathryn Adams,ggreen@example.net,HT,2020-02-09,Premium,24654.54
2460,Matthew Bray,armstrongtravis@example.net,TN,2021-08-12,Premium,15844.43
2461,Jeffrey Williams,uduncan@example.net,FR,2018-07-07,Basic,8138.13
2462,Victor Garrett,kristenpetty@example.com,SR,2022-12-25,Premium,15169.08
2463,Jeffrey Cole,gordondavid@example.net,SM,2022-06-28,Basic,15314.81
2464,Donald Lopez,jacksonwhitney@example.org,CH,2018-11-30,Standard,10697.91
2465,Melissa Newton,howardmark@example.org,PS,2023-05-05,Basic,21427.50
2466,Antonio Smith,swright@example.net,LC,2019-02-16,Basic,9621.46
2467,Jody Wheeler DDS,blackashley@example.net,BW,2024-10-22,Premium,17798.55
2468,Bryan Yates,rileymelissa@example.org,MV,2023-11-01,Basic,19621.55
2469,Natalie Hernandez,dominicsimpson@example.com,SZ,2023-08-29,Premium,3196.53
2470,Megan Landry,nsingh@example.org,MW,2018-12-23,Standard,20808.85
2471,Robert Rogers,bendermichelle@example.net,NO,2024-02-26,Standard,4201.32
2472,David Sanchez,johnsoncandice@example.net,SG,2023-01-02,Premium,12054.21
2473,Daniel Hamilton,sharpjohn@example.com,BS,2024-01-24,Premium,6083.90
2474,Kelly Miller,batesangela@example.com,MD,2019-11-30,Basic,17497.73
2475,Jonathan Malone,edward03@example.net,IL,2019-03-09,Standard,24834.04
2476,Mary Jones,marioallen@example.com,NG,2018-04-30,Premium,23225.09
2477,Frank Harding,justin46@example.com,PA,2021-08-30,Standard,19157.72
2478,Anthony Brown,josephschneider@example.org,CU,2020-06-21,Basic,6440.71
2479,Kimberly Davis,samanthadelgado@example.net,PE,2023-05-05,Basic,3077.45
2480,Pamela Donaldson,susanmyers@example.org,SM,2019-07-11,Basic,15838.70
2481,Stephen Crawford,rebecca73@example.com,DZ,2023-07-09,Premium,19888.51
2482,Jennifer Moore,maxwellgibson@example.org,KE,2021-09-25,Premium,23294.50
2483,Manuel Riddle,andrearivera@example.net,CI,2024-09-26,Premium,16099.66
2484,Teresa Fuller,michael04@example.net,MY,2022-03-25,Basic,18574.20
2485,Andres Marshall,jefferybaker@example.com,AR,2022-04-13,Basic,16052.56
2486,Carl Allen,stephenjohnson@example.net,CH,2024-04-20,Standard,20211.19
2487,Christina Strong,fjones@example.org,AT,2020-07-04,Standard,2892.25
2488,Deborah Patel,alexander66@example.com,GR,2018-12-26,Premium,2228.49
2489,Patricia Cross,larry04@example.net,EE,2024-08-22,Premium,18615.44
2490,Veronica Barnes,melissaevans@example.org,CD,2019-04-21,Basic,9193.43
2491,Faith Smith,zball@example.net,GA,2021-07-07,Standard,14422.92
2492,Ellen Bruce,jimmy86@example.org,RW,2018-01-07,Standard,1547.12
2493,Ms. Carla Stewart MD,margaretbarnett@example.org,MX,2024-01-03,Premium,21177.96
2494,Aaron Myers,ypadilla@example.com,MC,2022-10-02,Standard,19282.02
2495,Tiffany Chase,tonya97@example.com,ST,2019-06-02,Basic,16593.57
2496,Scott Adams,thomas12@example.net,BH,2024-08-16,Premium,2664.65
2497,Heidi Johnson,drakekevin@example.net,RO,2018-02-07,Basic,21309.05
2498,Valerie Martinez MD,lisa40@example.com,RS,2021-07-18,Premium,20403.70
2499,Patrick Gray,staceyhernandez@example.com,DZ,2021-04-30,Premium,12495.82
2500,David Rodgers,frank49@example.org,AM,2023-02-10,Premium,15036.64
2501,Mary Hill,dawn11@example.org,SV,2019-08-21,Basic,16633.77
2502,Katherine Gonzalez,schmidtsteven@example.org,SV,2018-05-21,Basic,8003.48
2503,Eric Rogers,vincent82@example.net,BI,2023-08-20,Basic,3086.60
2504,Destiny Solis,kaiserrichard@example.org,LY,2024-06-08,Standard,15776.93
2505,Rose Kaiser,christopherochoa@example.com,KR,2020-06-02,Standard,7287.38
2506,Paul Miller,johnjohnson@example.net,MZ,2022-03-23,Premium,24528.57
2507,Logan Tapia,psmith@example.com,CV,2021-09-26,Premium,20697.12
2508,Nicholas Brennan,dbrown@example.org,DK,2020-05-12,Basic,23360.82
2509,Michael Garcia,lpierce@example.net,UY,2020-07-10,Basic,18393.14
2510,Amber Davis,antonio03@example.com,PY,2020-01-04,Standard,18184.89
2511,Cynthia Christensen,ladkins@example.com,CF,2021-05-10,Basic,22809.41
2512,Amber Curry,jhenson@example.com,LA,2019-10-15,Premium,13698.57
2513,Vanessa Ewing,corey47@example.net,LS,2021-10-14,Standard,16947.47
2514,Tammy Fuller,harrissamuel@example.org,LU,2021-11-27,Standard,9776.58
2515,Michelle Johnson,angelalowe@example.com,SK,2023-12-03,Basic,7076.00
2516,Kaitlyn Chan,espinozataylor@example.com,CD,2020-03-10,Basic,21406.31
2517,Juan Hunt,jdaugherty@example.org,FR,2022-06-01,Premium,3272.52
2518,Sherry Chapman,fking@example.org,SO,2024-07-05,Premium,21245.24
2519,Gerald Perez,jjohns@example.org,AF,2021-05-30,Standard,16365.85
2520,Dustin Smith,kristen78@example.org,AL,2024-06-22,Premium,11047.09
2521,David Parrish,laurentaylor@example.com,ER,2023-05-31,Standard,22430.45
2522,Roger Myers,clarkepatrick@example.net,MU,2020-05-09,Premium,20108.96
2523,Sarah Green,zsmith@example.com,KZ,2020-03-12,Basic,16280.95
2524,Andrea Harvey,sanchezmelissa@example.com,MC,2022-01-23,Basic,21403.53
2525,Sherry Thomas,brian16@example.com,CY,2019-02-22,Basic,19637.48
2526,Aaron Pennington,jameswilliams@example.net,SK,2019-08-28,Standard,23759.95
2527,Stephanie Moore,jacquelineneal@example.net,SO,2022-10-16,Basic,21041.50
2528,Laura Roberts,wesley30@example.org,KI,2018-08-19,Premium,8889.60
2529,Nancy Burke,cervantesleslie@example.org,BD,2023-04-25,Premium,23626.58
2530,Jacob Jones,wcortez@example.net,SY,2019-04-26,Basic,16252.45
2531,Melissa Powell PhD,elizabethwalls@example.com,HT,2024-08-27,Standard,24243.17
2532,Brandon Smith,wilkinsnicole@example.com,SB,2022-07-13,Premium,849.82
2533,Randy Moore,hfoley@example.com,PW,2020-09-13,Standard,12215.65
2534,George Garner,taylorkaylee@example.com,SA,2024-09-07,Premium,16319.92
2535,Brett Young,kathy78@example.org,LV,2022-03-18,Basic,24779.10
2536,Christopher Dickerson,farmerlisa@example.com,DK,2019-01-03,Standard,21622.39
2537,James Hernandez,ryan54@example.com,PL,2022-04-15,Standard,15808.34
2538,Andrew Brown,johnsonjames@example.net,PL,2022-12-29,Standard,290.06
2539,James Baker,pschmidt@example.org,RO,2019-04-23,Premium,3051.29
2540,Amy Davis,kurt38@example.org,ER,2023-09-19,Premium,575.67
2541,Elizabeth Jones,wesley57@example.net,EG,2024-06-04,Basic,11987.46
2542,Christopher Thompson,kaylee68@example.com,CY,2019-01-23,Basic,4527.41
2543,Charlene Black,wendy76@example.com,ID,2023-06-07,Basic,17568.42
2544,Jeremy Stafford,douglasdougherty@example.net,GA,2021-05-07,Basic,3130.91
2545,Christine Kelley,salvarez@example.org,MK,2021-08-25,Premium,17844.20
2546,Claudia Rice,alawson@example.net,MD,2024-01-11,Premium,10133.26
2547,Dennis Sellers,ogarza@example.org,BG,2018-03-22,Standard,13901.50
2548,Penny Waters,adam08@example.net,CY,2024-01-07,Basic,12214.08
2549,Kenneth Harmon,caitlyn76@example.com,AG,2023-10-27,Basic,13474.54
2550,Michael Rojas,vcole@example.com,SC,2019-05-24,Premium,24142.03
2551,Julie Page,jonathan61@example.net,MA,2019-04-26,Premium,21550.09
2552,Daisy Harrington,dylan27@example.org,NA,2020-01-08,Premium,13868.04
2553,Bianca Chandler,brianthompson@example.net,CY,2021-07-11,Premium,978.58
2554,Mr. Benjamin Marshall,denise76@example.net,CL,2024-06-13,Premium,16316.01
2555,Ashley Martin,eric85@example.org,JO,2018-12-26,Basic,6419.01
2556,Juan Ray,antoniothompson@example.org,NO,2018-05-24,Premium,24498.21
2557,Aimee Silva,jacobroach@example.net,NG,2023-09-05,Standard,9088.99
2558,Victoria Norton MD,jack64@example.com,BO,2024-02-08,Premium,10576.28
2559,Joshua Oneill,wmarshall@example.org,GM,2018-01-01,Premium,7515.00
2560,Angela Bradshaw,ceaton@example.com,LA,2023-10-29,Standard,16478.94
2561,Andrew Aguilar,jackconley@example.org,ID,2022-12-28,Premium,14426.79
2562,Jamie Walker,royscott@example.net,IT,2021-07-05,Basic,22769.58
2563,Jessica Allen,fernandezsusan@example.org,SZ,2021-12-13,Basic,13455.24
2564,Timothy Green,nicolegilbert@example.net,SY,2020-05-09,Basic,2475.23
2565,Michael Robinson,davidhaynes@example.com,EG,2018-07-03,Premium,918.35
2566,Angie Jacobson,shortjeffrey@example.net,BE,2019-08-04,Standard,21402.13
2567,Raymond Montoya,martinezrussell@example.com,PG,2020-05-31,Premium,15053.61
2568,Gary Jackson,angelatorres@example.org,TZ,2020-06-03,Basic,8976.63
2569,Marcus Sims MD,gsharp@example.net,NZ,2019-06-11,Basic,15557.82
2570,Aaron Goodman,karen02@example.org,ST,2018-11-01,Basic,6374.18
2571,Miguel Garcia,brookemartin@example.org,MR,2022-04-13,Basic,22591.50
2572,Terry Macias,christineramirez@example.net,TO,2022-06-27,Standard,2081.35
2573,Lauren Thompson,michaellee@example.org,EC,2020-11-07,Basic,10633.58
2574,Christopher Howard,moorenicholas@example.net,LS,2019-08-10,Basic,5094.07
2575,William Wilson,veronicacampbell@example.net,KZ,2021-01-08,Basic,17420.07
2576,Courtney Sullivan,heather39@example.org,TW,2020-02-29,Basic,9303.56
2577,Cheryl Martin,phillipmartin@example.com,CO,2023-09-26,Basic,4101.08
2578,Joshua Reed,daviddecker@example.com,GB,2019-09-21,Standard,24811.22
2579,Christopher Riley,wdeleon@example.net,MX,2022-11-12,Standard,647.75
2580,Shannon Burke,stephaniewilson@example.org,SB,2024-10-08,Premium,1938.11
2581,Benjamin Stevens,joshua10@example.com,EG,2019-05-26,Basic,2749.75
2582,Sharon Davidson,rachelpeterson@example.org,TZ,2024-02-25,Standard,1648.98
2583,James Jones,corywatson@example.net,MZ,2018-12-31,Standard,22731.13
2584,Jeff Sampson,qflores@example.net,ZM,2021-01-24,Premium,21721.38
2585,Darlene Garcia,jacquelinezamora@example.com,CL,2020-07-13,Standard,246.58
2586,Randall Johnson,donnasuarez@example.com,KW,2022-03-25,Premium,9465.81
2587,Debra Lee,brownhayley@example.com,MH,2019-03-07,Premium,4393.28
2588,Brandon Clark,craigbowman@example.com,GW,2021-06-09,Basic,20533.58
2589,Amber York,dlowery@example.net,CU,2023-06-29,Premium,13224.00
2590,Larry Martinez,michelle21@example.net,ST,2024-06-01,Standard,13788.56
2591,Robert Fuller,isabella81@example.net,EG,2024-10-24,Premium,22414.26
2592,Tracy Turner,bvasquez@example.com,ZW,2019-12-01,Standard,23662.76
2593,Kenneth Nixon,katherinechapman@example.net,NR,2022-05-15,Premium,8629.32
2594,Hunter Williamson,martintanner@example.net,TL,2023-12-18,Basic,14865.42
2595,Jeffrey Brown,dana58@example.net,FI,2022-07-08,Standard,14807.75
2596,Kimberly Kaufman,holly72@example.com,EC,2020-11-27,Premium,17166.46
2597,Jordan Sanders,dominiquemaxwell@example.com,KP,2019-09-29,Basic,3159.21
2598,Shannon Walsh,jillian19@example.com,DO,2022-04-01,Basic,18385.56
2599,Carrie Kane,fischeramanda@example.com,ZA,2018-08-05,Basic,15979.84
2600,Taylor Sullivan,seth86@example.org,TZ,2022-02-25,Basic,19438.20
2601,Shirley Lucas,rosalesgavin@example.org,HN,2024-10-29,Standard,17669.67
2602,Anita Hudson,brookefrench@example.net,ME,2020-01-20,Standard,24656.16
2603,Jennifer Decker,awilliams@example.com,AD,2023-04-04,Basic,7170.49
2604,Ronald Cooper,mccartymichael@example.org,ER,2022-10-19,Basic,23541.93
2605,Russell Holland,lovechristina@example.org,LK,2020-07-26,Standard,15890.88
2606,Laura Sanchez,amberthompson@example.org,KG,2018-12-23,Standard,10162.87
2607,Anna Herring,patricksmith@example.org,NL,2021-07-04,Premium,15866.92
2608,Tara Thomas,uhopkins@example.com,IT,2018-11-11,Basic,6000.92
2609,Thomas Goodman,wellsryan@example.org,MX,2019-01-19,Premium,14382.92
2610,Michael Reeves,alex95@example.org,PL,2018-12-13,Basic,7146.27
2611,Devon Davis,ohopkins@example.net,CG,2023-07-12,Premium,24054.16
2612,Sean Gonzalez,justin16@example.com,CU,2022-10-03,Basic,12717.06
2613,Michelle Price,rachel41@example.net,FJ,2019-07-13,Standard,12445.13
2614,John Barrett,emills@example.com,GB,2023-12-21,Basic,3117.29
2615,Scott Clark,cassandra29@example.org,IT,2018-02-26,Basic,4754.60
2616,Rhonda Kennedy,craig87@example.org,BT,2018-01-30,Basic,10624.47
2617,Kathleen Gilbert,geraldterry@example.org,DO,2023-12-29,Basic,8626.52
2618,Daniel Parker,christian72@example.org,IQ,2023-12-04,Basic,15229.84
2619,Richard Flynn,carmstrong@example.net,PS,2024-10-23,Standard,24116.18
2620,Carol Sawyer PhD,julie62@example.com,TJ,2023-11-15,Premium,4370.35
2621,Diana Mcdonald,zacharygross@example.com,BI,2022-02-12,Premium,12842.11
2622,Veronica Smith,jeremy55@example.com,SZ,2018-07-28,Standard,12387.70
2623,Carrie Myers,jimmy99@example.org,AU,2019-11-30,Standard,24243.21
2624,Connie Ferguson,emily04@example.com,KH,2021-10-16,Basic,6244.13
2625,Nancy Carter,hwagner@example.com,IS,2024-01-18,Premium,7251.62
2626,Anthony Luna,danielsshannon@example.net,MG,2023-06-02,Standard,6618.77
2627,Dawn Gutierrez,yanderson@example.org,NA,2018-01-10,Basic,15779.41
2628,Rhonda Oconnell,richardsonkenneth@example.net,BT,2022-06-01,Premium,23076.41
2629,Rose Francis,maysedward@example.com,MC,2023-10-13,Premium,23385.36
2630,Ryan Smith,matthew78@example.com,AO,2024-12-05,Standard,1437.42
2631,David Jenkins,cjohnson@example.org,MA,2018-01-25,Basic,11508.85
2632,Derek Coleman,jasonsanders@example.net,OM,2021-05-07,Standard,2679.10
2633,Alison Sullivan,kelleyderek@example.net,EG,2021-12-03,Basic,4653.94
2634,Stephen Alvarez,kimberly90@example.net,PG,2021-12-23,Premium,2533.44
2635,Katie Murphy,erica06@example.com,GB,2023-07-09,Premium,2118.59
2636,Jason Torres,heathersteele@example.net,TW,2023-10-08,Premium,10267.98
2637,Mr. Patrick Edwards,melanie49@example.org,CU,2023-06-20,Premium,3890.76
2638,Melissa Brown,whubbard@example.org,ST,2020-10-21,Premium,11767.47
2639,Melanie Ramos,lmyers@example.org,BJ,2022-03-14,Standard,9112.39
2640,Christopher Galvan,wellssherry@example.net,TT,2020-01-17,Basic,20288.60
2641,Russell Combs,chambersashley@example.net,DJ,2019-03-22,Standard,16406.99
2642,Justin Barnes MD,kendrahall@example.org,PK,2022-12-05,Premium,3496.86
2643,Tammy Ferguson,cheryl26@example.net,JP,2022-11-13,Premium,8980.92
2644,Daniel Dominguez,teresamiller@example.org,LR,2020-03-23,Premium,4739.18
2645,William Guzman,rodriguezmichael@example.net,VA,2018-06-14,Premium,9863.65
2646,Joanna Mcknight,bryanmorgan@example.net,OM,2021-09-18,Premium,4007.81
2647,Jacob Davies,susannelson@example.net,SG,2020-03-26,Standard,23992.47
2648,Diana Hartman,terrykirsten@example.net,GD,2020-12-24,Premium,10527.38
2649,Angela Hardy,perrywayne@example.org,MV,2024-03-03,Standard,19995.50
2650,Tiffany Nelson,ericacooper@example.net,SM,2019-06-06,Standard,18777.25
2651,Nicole Leach,garciadebra@example.com,TT,2022-06-26,Basic,18149.86
2652,Mary Valenzuela,murphyjames@example.com,BD,2022-05-12,Premium,2743.32
2653,Anthony George,robertevans@example.com,BE,2019-03-18,Premium,3153.09
2654,Jose Ryan,gibsonrichard@example.net,DM,2021-11-10,Basic,341.22
2655,Jennifer Thompson,marissa85@example.org,HR,2020-08-26,Premium,16957.76
2656,Judith Black,stephanie27@example.net,IS,2021-11-02,Standard,24410.96
2657,Jason Smith,ballnicole@example.com,CG,2018-02-02,Standard,12004.83
2658,John Myers,grantalyssa@example.org,GY,2021-03-01,Standard,2065.37
2659,Joy Reid,virginiafisher@example.net,IN,2022-10-23,Premium,15440.33
2660,Daniel Pratt,lmccoy@example.net,ID,2023-09-26,Premium,6236.67
2661,Joseph Nicholson,fyoder@example.org,AG,2019-04-17,Standard,24856.43
2662,Elizabeth Stanley,kennethsandoval@example.com,GM,2020-10-10,Basic,20515.24
2663,Albert Davis,summerellis@example.org,AG,2020-03-23,Standard,17661.52
2664,Theodore Hudson,tmorrow@example.org,HU,2019-02-27,Basic,18261.42
2665,Mariah Cole,samanthacarter@example.com,LB,2024-11-08,Premium,4716.72
2666,Phillip Norris,belljeffrey@example.com,IE,2024-08-18,Basic,15861.93
2667,Angela Patel,xclarke@example.com,GD,2020-07-28,Premium,3307.40
2668,David Ross,belljennifer@example.com,SB,2018-06-07,Standard,24759.97
2669,Jacob Crosby,mjenkins@example.org,HT,2019-08-22,Standard,441.53
2670,James Roman,ecampbell@example.org,MR,2020-03-28,Premium,21608.75
2671,Latasha Washington,denniswilliams@example.com,ER,2022-04-07,Standard,13124.28
2672,Jasmine Martin,ielliott@example.org,MV,2020-08-05,Premium,8404.45
2673,Benjamin Chavez,wthompson@example.com,VA,2023-05-17,Premium,12746.59
2674,Dr. Theresa Sandoval,briannamclaughlin@example.net,SY,2018-07-31,Standard,2751.37
2675,Frank Tran,zgrimes@example.net,SG,2022-01-29,Standard,23574.97
2676,Jon Carr,sabrina60@example.com,CM,2022-09-09,Premium,7996.02
2677,Joseph Williams,paula31@example.com,FR,2018-07-14,Premium,1022.23
2678,Nichole Cherry,mooredavid@example.org,AT,2018-08-02,Basic,18618.87
2679,Austin Evans,jspears@example.net,RS,2020-05-18,Standard,11801.45
2680,Andrea Sparks,melissaharrell@example.net,TM,2024-10-20,Premium,10772.69
2681,Eric Smith,omorris@example.net,PW,2020-10-30,Standard,9089.53
2682,Kevin Fernandez,marissa64@example.org,CH,2021-05-31,Premium,2422.18
2683,Teresa Taylor,riveratara@example.net,CZ,2018-02-25,Basic,13794.21
2684,Clayton Rogers,anthonyrandolph@example.com,NP,2019-06-18,Standard,9014.22
2685,Rebecca Dean,angelica96@example.org,TN,2022-01-20,Basic,19470.21
2686,Samantha Gardner,banksmeredith@example.com,SN,2023-12-07,Basic,9289.81
2687,Aaron Wells,john07@example.net,NE,2021-02-04,Premium,14608.18
2688,Timothy Jordan,tiffany24@example.org,KR,2018-12-24,Premium,3262.14
2689,Todd Henry,pagelouis@example.org,KM,2024-10-01,Premium,1025.97
2690,Matthew Stewart,ddavis@example.com,RW,2020-02-20,Premium,17616.50
2691,Martin Jones DVM,bryan61@example.net,HR,2019-02-09,Premium,23545.45
2692,Andrew Neal,garzazachary@example.org,GE,2024-12-10,Standard,7536.91
2693,Colton Dennis,melissa44@example.com,JO,2023-04-27,Premium,13338.94
2694,April Nelson,xcline@example.org,KW,2019-09-22,Premium,3195.80
2695,Dr. Stacey Holt,egutierrez@example.net,BN,2022-09-09,Basic,17790.08
2696,Lori Madden,christopher32@example.net,UA,2024-04-14,Standard,22372.83
2697,Derrick Reyes,benjamin18@example.com,SE,2023-01-11,Basic,17933.15
2698,Gregory Harmon,morrismary@example.com,IR,2022-11-22,Premium,12070.52
2699,Lisa Caldwell,carriewilson@example.com,BE,2023-11-16,Basic,19772.13
2700,Samantha Smith,alex30@example.net,KR,2019-11-15,Basic,6853.72
2701,Eric Ryan,vangjohn@example.net,ST,2019-06-13,Standard,1136.13
2702,Brad Ryan,briannalong@example.org,SZ,2024-05-08,Premium,19859.76
2703,Cynthia Watson,rcohen@example.net,MD,2020-02-19,Basic,20363.34
2704,Mary Ferguson,hernandezmarc@example.net,MC,2023-07-21,Basic,13311.75
2705,Wesley Reyes,nfletcher@example.org,WS,2023-10-05,Premium,4137.96
2706,Nathan Anderson,cantucassidy@example.com,KG,2023-09-18,Standard,14062.46
2707,Alex Velez,gillmary@example.com,BB,2022-05-18,Standard,15180.46
2708,Traci Hansen,carlsonblake@example.net,VC,2020-04-27,Premium,90.01
2709,Michael Davis,michelle11@example.org,KZ,2024-05-31,Premium,14802.82
2710,Brianna Price,davisamanda@example.net,LU,2018-02-06,Basic,11386.02
2711,Grace Mcbride,jacobwilson@example.net,TD,2023-11-21,Standard,7585.25
2712,Edward Gibson,dwayneedwards@example.net,PW,2020-06-21,Standard,17706.37
2713,Karen Crane,jennifer47@example.net,MC,2024-03-11,Premium,4277.73
2714,Amy Schmidt,samanthawoodard@example.org,PA,2018-07-06,Basic,5955.42
2715,Donna Reese,jessica94@example.com,RU,2018-06-10,Basic,3703.49
2716,Yolanda Anderson,uwhite@example.net,PS,2021-02-11,Premium,6760.87
2717,Tammy Cox,taylorpatrick@example.net,SN,2018-07-31,Basic,24500.59
2718,Carlos Tucker,ysmith@example.net,MZ,2020-05-10,Basic,2904.62
2719,Timothy Williams,bobfoster@example.com,AG,2021-11-24,Basic,15128.99
2720,Carl Schmidt,hollandroy@example.org,VU,2022-02-20,Standard,2081.15
2721,Barbara Heath,vargasvanessa@example.org,SZ,2024-02-28,Standard,18051.99
2722,Allen Diaz,franklinmatthew@example.net,FR,2022-07-31,Basic,7372.38
2723,Julia Watson,xhorton@example.org,CG,2018-08-23,Basic,20398.05
2724,Samantha Costa,williamsjennifer@example.com,BD,2021-12-27,Premium,18261.92
2725,Walter Bailey,qmichael@example.com,IE,2021-02-19,Premium,6399.68
2726,Vicki Garza,bradleymitchell@example.net,UY,2018-03-06,Basic,16432.94
2727,Dustin Murphy,martinezallen@example.net,CL,2024-07-17,Premium,18065.05
2728,Linda Bailey,alyssa44@example.com,MY,2022-04-14,Basic,6433.63
2729,Mrs. Carol Bauer,edward79@example.com,BF,2024-10-11,Basic,5153.98
2730,Jason Smith,amber07@example.org,KE,2022-12-17,Premium,8106.58
2731,Martin Todd,msmith@example.com,BI,2020-04-15,Basic,15745.02
2732,Jacob Jones,erinjones@example.org,GD,2022-06-08,Premium,11151.40
2733,Tiffany Henderson,stewartbrian@example.net,OM,2022-11-13,Standard,3708.35
2734,Jacqueline White,charles39@example.com,KP,2023-05-17,Premium,12399.03
2735,Derek Mckinney,jessica53@example.org,KZ,2023-02-25,Premium,20389.95
2736,Melissa Archer,usilva@example.net,PK,2019-12-23,Premium,14241.45
2737,Timothy Miller,vgraham@example.com,VC,2020-01-09,Basic,7051.11
2738,Daniel Rivera,spencerjames@example.com,LC,2021-06-24,Premium,22131.33
2739,Deborah Lambert,afoster@example.com,LA,2022-06-03,Basic,15195.55
2740,Raymond Waller,zabbott@example.net,BT,2018-10-12,Premium,1801.22
2741,Dana Smith,elliottfrank@example.net,ML,2020-10-01,Standard,22728.28
2742,David Lopez,hannahmunoz@example.com,GH,2022-07-07,Premium,18107.67
2743,Brandi Cunningham,croberts@example.org,TJ,2019-07-17,Basic,18761.11
2744,Erica Hines,ddonovan@example.com,VN,2018-02-18,Basic,2493.25
2745,Marissa Green,pkennedy@example.net,KN,2022-04-22,Premium,2750.89
2746,Nathan Dillon,brandonallen@example.org,AO,2018-02-25,Basic,23366.94
2747,Danielle Frey,hendersonjacob@example.org,SI,2019-06-26,Premium,19252.94
2748,Charles Nixon,mkeller@example.net,SL,2021-01-01,Premium,23464.96
2749,Lawrence Marsh,urivera@example.org,LS,2024-09-22,Premium,19810.01
2750,Melissa Martinez,cbrown@example.com,NZ,2018-02-08,Premium,13559.25
2751,Lisa Jones,davidsmith@example.com,JM,2021-10-18,Basic,2124.13
2752,Mrs. Brittney Ayala,uhaney@example.org,CN,2019-07-25,Standard,18991.79
2753,John Robinson DVM,gtanner@example.net,AU,2022-12-25,Premium,7684.62
2754,Jennifer Evans,zjohnson@example.com,AD,2023-05-16,Premium,6095.22
2755,Isaiah Young,rogerslawrence@example.net,SC,2024-02-05,Basic,6686.42
2756,Brandy Roberts,bowmankylie@example.com,ZA,2024-02-05,Premium,530.20
2757,Steven Nelson,wkennedy@example.com,SD,2018-07-02,Premium,13616.05
2758,Jesse Taylor,wilkinsonrussell@example.org,AL,2019-02-25,Basic,22161.42
2759,Danielle Sullivan,cynthia64@example.com,ZA,2022-08-29,Premium,30.26
2760,Kenneth Adams,nbrewer@example.org,SK,2020-07-07,Premium,5666.88
2761,Veronica Hale,igoodman@example.net,IT,2022-04-28,Premium,8832.75
2762,Linda Jones,lisa04@example.net,ME,2021-03-20,Premium,23042.27
2763,Christine Colon,iphillips@example.org,CH,2022-04-25,Basic,22105.60
2764,Kevin Barry,andersoneric@example.net,TV,2019-04-06,Standard,4238.98
2765,Shirley Shaffer,guerrerorenee@example.com,VE,2019-03-28,Premium,2543.41
2766,Timothy Perez,smithcharles@example.net,PG,2021-02-28,Standard,1907.25
2767,Michael Calhoun,derricklee@example.net,SM,2021-09-28,Premium,9012.34
2768,Elizabeth Jimenez,margarethickman@example.org,LV,2018-12-14,Premium,15112.66
2769,Joel Gordon,gbrown@example.net,SL,2019-12-31,Standard,13262.02
2770,Vincent Harris,qbrown@example.net,JP,2024-09-22,Premium,16985.83
2771,Joseph Cruz,archerjames@example.net,IE,2019-09-08,Basic,17179.02
2772,Jacqueline Torres,peter58@example.com,LA,2021-03-21,Standard,21885.05
2773,Derrick Hampton,rlee@example.net,GY,2021-01-15,Standard,16543.29
2774,Selena Hodge,zmoore@example.org,BE,2020-12-23,Basic,19967.09
2775,Amy Beard,zmiller@example.org,AF,2018-01-09,Premium,19444.60
2776,Frank Santana,acohen@example.com,LS,2019-08-24,Standard,3694.50
2777,Dr. Travis Morris DDS,pamela51@example.org,IE,2023-01-04,Basic,19921.27
2778,Donald Smith,vmills@example.net,NI,2023-05-14,Premium,2829.10
2779,Savannah Carter,howardrobert@example.com,IE,2022-10-17,Basic,6961.90
2780,Christian Snow,jordan89@example.net,PW,2019-01-06,Standard,24869.29
2781,Abigail Solis,jamesrussell@example.net,NP,2020-01-15,Standard,8815.22
2782,Reginald Copeland,ucamacho@example.org,PG,2023-07-18,Standard,12032.21
2783,David Lee,lisa42@example.org,SG,2022-08-23,Basic,19837.54
2784,Amy Williams,jessica89@example.net,SN,2021-09-27,Premium,20053.52
2785,William Frank,,TT,2020-10-04,Standard,10466.49
2786,Randy Little,kcarlson@example.com,CR,2023-07-30,Basic,13344.27
2787,Gabrielle Hernandez,daniel56@example.net,IR,2023-12-22,Basic,20535.10
2788,Elizabeth Rocha,wharris@example.com,GB,2022-04-25,Premium,14524.10
2789,Elizabeth Hicks,berrytyrone@example.net,GR,2022-09-24,Basic,14446.91
2790,Megan Beasley,taylortoni@example.org,DO,2020-06-17,Basic,2181.26
2791,Danielle Thomas,solistara@example.com,SM,2022-01-21,Premium,5081.99
2792,Pamela Cook,cheryl07@example.org,KR,2018-03-12,Standard,13959.36
2793,Darren Elliott,eortega@example.com,SN,2019-07-02,Premium,1489.43
2794,Jack Diaz,douglascarl@example.com,LK,2021-12-01,Standard,21218.79
2795,Terry Mills,jamesmason@example.net,CO,2019-07-25,Standard,11509.71
2796,Erica Davidson,zhorton@example.com,CD,2024-03-08,Standard,6062.44
2797,Caitlin Lucas,garysnow@example.org,LK,2020-07-08,Premium,18674.88
2798,Miranda Bennett,gabriel67@example.com,SI,2019-04-26,Basic,17599.07
2799,Samuel Ramos,cruzhunter@example.net,GH,2022-03-27,Basic,658.67
2800,Maria Maldonado,christopher81@example.com,SR,2022-10-06,Standard,1352.08
2801,Elizabeth Thomas,vmorrow@example.net,KR,2019-03-11,Basic,14540.18
2802,Joshua Huff,preilly@example.org,PK,2023-05-08,Basic,21761.92
2803,Connie Wells,lweber@example.org,CZ,2018-05-04,Premium,9131.11
2804,Crystal Shelton,johnsonlisa@example.com,KW,2018-11-20,Premium,1926.63
2805,Shelley Klein,jbrown@example.com,PT,2024-05-20,Standard,3742.93
2806,Ms. Michele Jones,ufisher@example.com,FR,2020-01-18,Standard,18588.95
2807,Angela Cardenas,cameronkaitlyn@example.com,SG,2023-12-01,Basic,23719.14
2808,Kevin Flores,grantkevin@example.net,UZ,2023-04-10,Standard,18063.94
2809,Lori Jackson,,NG,2022-12-24,Basic,17381.18
2810,Alexander Moore,jenningsraymond@example.org,GW,2021-03-20,Premium,3897.18
2811,Melanie White,chenmatthew@example.org,SY,2018-05-12,Basic,18778.32
2812,Kimberly Moore,yboone@example.org,SE,2023-08-24,Premium,271.69
2813,Robin Johnson,marksbrandon@example.net,CO,2022-10-02,Basic,23706.05
2814,Richard Lawrence,,GR,2023-02-04,Basic,17785.17
2815,Michael Bates,mstanley@example.com,BD,2020-11-22,Basic,12546.81
2816,Eugene Fisher,steve96@example.net,ZA,2020-07-20,Standard,23286.26
2817,Whitney Lee,hannah07@example.com,GW,2021-01-18,Premium,13037.53
2818,Pamela Larsen,craigmurphy@example.net,BB,2019-05-28,Basic,5296.61
2819,Patricia Gonzales,howarddawn@example.net,QA,2024-12-10,Premium,5472.66
2820,Megan Stevenson,jennifer44@example.org,KR,2020-01-23,Basic,24399.68
2821,Jordan Clark,collinskyle@example.com,BF,2024-10-14,Premium,20413.97
2822,Meredith Goodwin,tiffanymcguire@example.org,FJ,2023-04-03,Standard,7829.74
2823,William Wilson,xfuentes@example.net,UY,2022-07-18,Standard,4120.61
2824,Andrew Fowler,iwilliamson@example.org,CV,2022-03-02,Basic,10605.55
2825,William Brock,michael84@example.com,NG,2021-01-10,Premium,2610.00
2826,Laura Carter,lorihenderson@example.com,KG,2022-01-25,Basic,19469.93
2827,Andrea Robinson,christiecastillo@example.com,SD,2021-10-06,Premium,5988.25
2828,Sheila Kelly,tdiaz@example.org,US,2019-10-29,Basic,2661.61
2829,Maureen Bates,danlong@example.net,CH,2020-05-17,Basic,274.43
2830,Andrew Cunningham,riveramicheal@example.net,HR,2021-06-20,Premium,13792.28
2831,Christopher Underwood,gregorydavis@example.net,MR,2018-05-13,Premium,6729.20
2832,Gregory Rodgers,brandyrobles@example.org,PT,2024-05-24,Basic,1121.86
2833,Elizabeth Norton,yfletcher@example.org,ZA,2023-06-05,Premium,1201.22
2834,Patrick Armstrong,debra74@example.net,VA,2019-01-17,Standard,211.97
2835,Arthur Smith,vaughanpriscilla@example.org,SG,2021-12-31,Standard,23968.48
2836,Jennifer Arnold,patricia13@example.com,IS,2023-08-11,Premium,7861.81
2837,Jasmine Preston,lisa37@example.com,JO,2022-05-20,Basic,8895.93
2838,Zachary Vargas,amandaroberts@example.net,GY,2019-06-15,Basic,16867.16
2839,Patricia Johnson,rogerfarrell@example.com,AE,2021-09-19,Standard,22412.78
2840,Nicholas Richards,darrylmacdonald@example.com,MT,2023-08-25,Premium,12554.43
2841,Bryce Francis,egutierrez@example.org,CU,2019-09-08,Premium,14679.39
2842,Nicole Herman MD,taylormelinda@example.org,CR,2022-04-15,Standard,14658.96
2843,Veronica Adams,jonesvanessa@example.net,OM,2018-06-03,Standard,4030.58
2844,Kristen Vance,vhoward@example.org,BY,2023-03-12,Premium,22130.10
2845,Jesse Jones,cynthiahill@example.com,CL,2019-01-18,Basic,5789.25
2846,Alexander Martin,kimberlybell@example.com,KI,2020-06-02,Basic,16355.50
2847,Susan Hamilton,donald60@example.org,SY,2019-10-22,Basic,12907.52
2848,John Anderson,carlrichards@example.com,LK,2024-10-29,Basic,13082.18
2849,Jane Salazar,michael22@example.com,LA,2021-10-30,Standard,19633.80
2850,Samuel Baker,evansbrady@example.org,SY,2021-10-20,Standard,9007.91
2851,William Paul,matthew34@example.com,KZ,2022-10-31,Premium,22267.00
2852,Joshua Castillo,amandaherrera@example.net,AD,2022-05-07,Premium,5220.52
2853,Paul Frye,kingmichael@example.com,ES,2024-11-05,Basic,1874.96
2854,Angela Parks,betty32@example.com,BW,2019-09-17,Basic,15694.74
2855,Michael Chapman,,BI,2023-07-31,Premium,20118.16
2856,Michael Roberts,justin77@example.net,NZ,2019-08-08,Standard,13678.40
2857,Jose Williams,wayne01@example.net,MC,2018-12-24,Standard,2352.85
2858,Traci Miller,brandinguyen@example.org,ID,2021-07-08,Premium,23351.40
2859,John Gutierrez,landryalexis@example.net,BO,2019-10-24,Premium,7002.93
2860,Anne Gilbert,umccoy@example.com,KI,2022-01-28,Standard,2230.73
2861,Philip Combs,pmay@example.org,CV,2020-01-04,Basic,19298.51
2862,Samantha Douglas,sandragriffith@example.com,IN,2020-11-22,Standard,24462.09
2863,Patrick Smith,brownjames@example.org,SC,2022-12-16,Basic,23104.02
2864,George Holland,renee05@example.org,DO,2019-05-23,Basic,12206.47
2865,Brendan Roberts,anthonyortiz@example.org,CA,2022-01-28,Standard,10023.48
2866,David Rodgers,andrewbird@example.com,NO,2024-12-13,Basic,3224.61
2867,Christine Singh,davidfarrell@example.com,AZ,2022-02-11,Basic,21120.89
2868,Francisco Booth,jackthompson@example.com,MT,2021-07-08,Standard,2087.26
2869,Alexander Woodward,jeffersondaniel@example.org,IE,2022-08-20,Basic,11252.31
2870,Christine Johnston,jeremythompson@example.org,SI,2018-06-24,Basic,24435.79
2871,William Hogan,johnharper@example.com,NG,2018-08-22,Basic,19764.77
2872,Felicia Robinson,vincentevans@example.com,VA,2024-04-16,Premium,3864.06
2873,Ricky Thompson,rjordan@example.org,CH,2019-03-08,Standard,9395.54
2874,Robert Sampson,samuelchavez@example.net,PY,2024-05-24,Standard,21345.73
2875,Sharon Sanchez,gregory73@example.com,NA,2020-07-02,Standard,21853.97
2876,Anna Barker,zholden@example.com,LT,2019-01-18,Standard,11646.94
2877,Andrea Freeman,xhorne@example.org,DZ,2024-01-01,Standard,2727.98
2878,Lisa Butler,daniel75@example.org,HU,2020-01-09,Basic,2708.71
2879,Kevin Wood,natalie46@example.com,WS,2022-06-14,Standard,4986.77
2880,David Clark,omartinez@example.net,TG,2021-09-08,Premium,7932.12
2881,Nicole Moore,nataliemann@example.com,SA,2024-10-11,Standard,5315.88
2882,Brittany Garcia,pmiller@example.com,KH,2023-05-05,Premium,6959.38
2883,Jennifer Gonzalez,mariolewis@example.net,JO,2018-06-06,Basic,3893.53
2884,Gary Curry,elizabethjohnson@example.org,MX,2023-04-09,Premium,16005.41
2885,Bridget Cunningham,christinagoodwin@example.net,KM,2021-08-04,Basic,783.08
2886,Brendan Dalton,garciapenny@example.net,TD,2024-09-28,Standard,1560.01
2887,Joel Johnson,crawfordjared@example.org,MU,2022-01-20,Standard,24464.02
2888,Michael Hampton,hahnjoshua@example.net,NO,2020-05-24,Premium,5287.32
2889,Tina Mckee,petersdonald@example.net,IS,2018-04-04,Basic,10573.01
2890,Autumn Krause,raymond39@example.com,PA,2020-10-29,Basic,4402.64
2891,Frank Ramirez,kaitlynfrey@example.net,DM,2019-08-04,Premium,6847.63
2892,Michael Cooper,mharris@example.net,CD,2018-12-01,Standard,21844.40
2893,Paul Richards,alexander69@example.com,SD,2023-01-24,Standard,13119.45
2894,Angela Contreras,dawnpark@example.com,VC,2020-11-28,Premium,20763.73
2895,Joe Oliver,bmayo@example.com,KZ,2019-01-14,Standard,8550.48
2896,Courtney Murphy,johnsonstephanie@example.org,DO,2021-05-01,Premium,4965.13
2897,Raymond Johnson,pparsons@example.net,UY,2022-09-13,Standard,11887.49
2898,Kevin Juarez,leejesse@example.com,GM,2019-10-21,Basic,10919.60
2899,Maxwell Whitaker,susanhill@example.org,JM,2024-05-25,Standard,20575.39
2900,Justin Robles,christopher01@example.com,SA,2024-04-16,Basic,4964.00
2901,Amanda Mcknight,garciaalex@example.com,TT,2024-06-27,Basic,3615.43
2902,Leslie Sandoval,williamslarry@example.org,AZ,2021-07-20,Premium,3762.66
2903,Justin Keith,zfrost@example.net,AU,2023-02-22,Premium,12486.14
2904,Andrea Oliver,wrightdrew@example.org,IL,2021-07-20,Premium,19800.42
2905,Natalie Murphy,pamela03@example.com,FJ,2022-07-23,Standard,13017.29
2906,Antonio Woods,tuckersheila@example.net,BZ,2018-01-16,Standard,23583.09
2907,Joshua Brown,kristin11@example.com,CI,2019-05-30,Basic,11233.22
2908,Chad Thornton,sara02@example.com,PL,2024-06-27,Premium,912.15
2909,April Arellano,robertsdavid@example.net,PK,2020-02-08,Standard,17411.15
2910,Elizabeth Taylor,epeck@example.net,GH,2019-11-12,Basic,9438.91
2911,Karen Hicks,bjames@example.org,UY,2021-11-26,Premium,23809.42
2912,Julian Maynard,hardinvictor@example.net,CG,2024-06-20,Premium,9256.41
2913,Jamie Patton,gary21@example.com,JM,2022-01-30,Premium,7548.61
2914,Angela Young,jeff06@example.net,HR,2021-06-11,Basic,20476.29
2915,Matthew Price,wkelley@example.com,DM,2019-05-26,Basic,12478.27
2916,Mrs. Mary Singh DVM,taylormichael@example.com,WS,2023-02-11,Standard,10259.67
2917,Taylor Owens,abigail56@example.com,UY,2021-12-13,Basic,10646.23
2918,Kelly Herring,tinajohnson@example.org,UA,2021-10-07,Premium,23158.72
2919,Mercedes Peterson MD,xclark@example.net,KE,2023-02-23,Standard,9328.04
2920,Sarah Lopez,bryantpeter@example.org,PS,2024-03-14,Basic,4066.43
2921,Jennifer Johnson,esawyer@example.org,HR,2022-11-21,Standard,7125.70
2922,Edward Duarte,daniel30@example.com,SE,2022-11-27,Basic,7081.21
2923,Tonya Callahan,billy87@example.org,AF,2024-12-16,Premium,24884.08
2924,Mark Hess,dweaver@example.net,IR,2019-03-02,Premium,16240.61
2925,Regina Garcia MD,adrianrussell@example.org,SC,2024-11-29,Standard,2591.88
2926,Barbara Berg,donaldthomas@example.org,EG,2024-12-30,Basic,2492.55
2927,Christopher Smith,thomas28@example.org,MK,2022-12-25,Basic,14530.84
2928,Ms. Elizabeth Smith MD,shaun13@example.com,CA,2018-05-14,Basic,7247.61
2929,Taylor Reed,mckenziesonya@example.com,FI,2022-09-19,Premium,5571.98
2930,Richard Ramos,fredday@example.net,CO,2023-02-06,Basic,9527.00
2931,Adrienne Noble,david57@example.net,BB,2020-03-12,Standard,23763.79
2932,Julie Allen,sarasmith@example.org,AR,2021-12-07,Standard,10323.37
2933,Ashley Roberts,john19@example.com,PS,2022-06-10,Premium,23490.42
2934,Philip Hodges,spearsjose@example.com,TH,2020-07-06,Basic,7090.11
2935,Jesse Oconnor,andreathompson@example.net,SE,2020-12-19,Standard,20962.10
2936,Tammy Walker,wwalker@example.com,TJ,2022-08-26,Basic,6038.86
2937,Tracy Nunez,stevenrichards@example.org,TL,2022-08-26,Premium,388.25
2938,Daniel Guerrero,pking@example.net,NA,2019-09-21,Standard,21019.24
2939,Alexis Olsen,susan75@example.net,TO,2023-10-27,Basic,14998.64
2940,Randy Gardner,jacob06@example.net,NR,2021-10-04,Premium,23979.01
2941,Amber Evans,aprilowen@example.com,AL,2022-10-28,Premium,13893.49
2942,Nicholas Price,ostevens@example.com,TW,2022-05-23,Premium,15406.70
2943,Jeremy Williams,cflores@example.com,BW,2022-05-31,Premium,20033.29
2944,Jennifer Castro,briana80@example.org,MK,2024-06-24,Standard,3221.76
2945,Alex Ramirez,nsharp@example.net,DK,2022-05-19,Basic,4342.93
2946,Sarah Phillips,steve72@example.com,AG,2021-07-27,Basic,3961.09
2947,Megan Allen,rachelthompson@example.com,SG,2020-08-04,Premium,17750.62
2948,Andres Miller,kylecortez@example.com,HU,2019-06-02,Basic,2959.32
2949,Jennifer Rodriguez,leslie49@example.org,MV,2024-06-21,Standard,21075.77
2950,Jonathan Lamb,martinfranklin@example.com,BH,2020-12-01,Basic,3976.33
2951,Phillip Walker,christinemorgan@example.net,JP,2021-08-13,Premium,2331.36
2952,Timothy Charles,danielle28@example.com,GR,2018-04-16,Standard,288.45
2953,Alejandro Clayton,slong@example.net,US,2024-08-27,Premium,695.46
2954,Christopher Washington,carolinecalderon@example.org,KI,2024-02-05,Premium,14294.85
2955,John Pennington,rebeccahoward@example.org,UA,2018-04-14,Basic,18354.23
2956,Jared Munoz,agarrison@example.com,GN,2023-02-02,Basic,15787.54
2957,Dr. Nicole Maddox,combsbrenda@example.net,BD,2022-01-06,Premium,5993.05
2958,Richard Nicholson,lopezbrandon@example.org,SV,2020-06-27,Standard,4845.72
2959,Ashley Allen,jasonmontgomery@example.com,UY,2020-10-01,Basic,19500.72
2960,Mr. Aaron Lucas,jeannewong@example.com,BZ,2022-03-29,Standard,16481.44
2961,Clinton Peterson,holly18@example.net,MN,2021-01-31,Premium,23374.40
2962,Kyle Smith,nriley@example.org,GT,2018-04-05,Basic,24619.95
2963,Riley Cooper,derrickyoung@example.com,CF,2019-02-28,Premium,11478.19
2964,Julie Casey,mitchellnicholas@example.com,ES,2024-09-06,Premium,2676.92
2965,David Smith,mendezsierra@example.com,FJ,2021-03-02,Standard,22365.12
2966,Melissa Garcia,santiagoterri@example.com,NL,2019-01-16,Premium,12356.13
2967,Gina Cooper,wwong@example.com,BJ,2022-01-20,Premium,9770.01
2968,Richard Moore,underwooddeborah@example.com,SY,2023-07-05,Premium,10343.63
2969,Matthew Robles,moorejohn@example.net,CI,2023-06-16,Basic,1907.82
2970,Mark Frazier,ojohnson@example.com,ZM,2022-09-16,Standard,22242.84
2971,George Taylor,gabriellamartinez@example.com,TV,2023-01-21,Premium,4495.16
2972,Sean Gray,deborah56@example.org,SB,2018-02-11,Premium,16491.66
2973,Dustin Hernandez,james00@example.net,HN,2024-10-20,Premium,2930.18
2974,George Odonnell,morganwarner@example.org,GE,2021-11-05,Standard,12097.77
2975,Jeffrey Greene,njames@example.org,QA,2024-11-19,Basic,13662.07
2976,Kimberly Scott,mhopkins@example.net,SB,2019-10-11,Basic,18542.42
2977,Kelly Khan,paula82@example.org,BY,2019-05-14,Premium,15152.77
2978,Donald Harrell,llong@example.com,PA,2024-01-05,Premium,12949.87
2979,Sherri Savage,bryce27@example.org,IT,2019-09-17,Premium,21671.86
2980,Gregory Rivers,tracydavenport@example.net,MX,2019-04-16,Premium,737.44
2981,Paul Austin,cgreen@example.net,KE,2019-07-22,Premium,2086.07
2982,Caitlin Ramirez,jean10@example.com,NE,2019-06-03,Standard,6841.66
2983,Emily Benjamin,tarabarnes@example.com,SN,2020-03-27,Premium,8713.83
2984,Shannon Thomas,clinekatie@example.com,NI,2024-03-08,Basic,7358.02
2985,Cassie Duffy,jacqueline97@example.net,GM,2023-07-24,Standard,12816.41
2986,Shawn Delacruz,andersondaniel@example.com,KM,2022-06-27,Premium,6252.33
2987,Aaron Hernandez,kellysnyder@example.net,FM,2020-03-21,Basic,21150.89
2988,Melissa Blair,mitchellmichael@example.com,RS,2021-02-25,Standard,2572.37
2989,Shannon Taylor,shieldskelly@example.net,BF,2024-08-03,Standard,4141.33
2990,Dalton Santos,claytonchavez@example.net,CV,2020-04-23,Basic,12195.79
2991,Cheryl Brewer,heatherhouse@example.net,MA,2023-01-02,Standard,14908.24
2992,Austin Nielsen,uross@example.com,AL,2021-01-17,Standard,15572.77
2993,Jason Robinson,melindabowers@example.net,NP,2024-10-23,Standard,10732.82
2994,Brian Hinton,anthonyavery@example.org,WS,2024-05-12,Standard,9349.01
2995,Dorothy Hull,paulking@example.net,GA,2018-09-21,Standard,4181.23
2996,Paul Henderson,ylowe@example.org,SE,2018-05-19,Basic,6326.59
2997,William Fernandez,vjimenez@example.net,BS,2022-08-06,Standard,15097.05
2998,Jane Christian,catherine46@example.net,CR,2023-12-13,Standard,9957.67
2999,William Stark,ashley01@example.org,CY,2019-04-15,Premium,20226.01
3000,Jacob Camacho,neilsummers@example.org,BO,2022-10-25,Premium,8943.61
3001,Gary Myers,hcooper@example.net,FM,2018-10-25,Premium,16423.87
3002,Maria Fernandez,robinsonalexandria@example.net,TR,2022-03-04,Premium,19487.86
3003,Monica Johnson,danielle04@example.org,IR,2019-05-16,Premium,7964.73
3004,Gregory Cruz,charles35@example.org,SK,2018-02-14,Basic,8221.73
3005,Ashley Robertson,thomasellis@example.com,SD,2023-03-22,Basic,19880.99
3006,Andrew Fowler,weekszachary@example.com,MU,2020-08-10,Basic,1655.88
3007,Brian Randall,cdunn@example.org,UZ,2021-03-07,Basic,5304.38
3008,Stephen Tyler,sullivancatherine@example.net,TJ,2020-06-09,Premium,14023.97
3009,Christina Miles,xdavis@example.net,MW,2024-10-25,Basic,1870.60
3010,Robert Levine,millerashley@example.com,OM,2022-09-24,Basic,18905.03
3011,Noah Boyd,ernestjones@example.org,WS,2021-07-25,Standard,4953.76
3012,Alfred Montes,nicholasscott@example.net,SR,2018-07-23,Standard,12466.27
3013,Gregory Murphy,bethwatkins@example.net,DK,2021-01-29,Standard,2981.48
3014,James Hopkins,mcdonaldkimberly@example.com,LT,2023-01-29,Premium,15035.77
3015,Andrea Rivera,sarah68@example.com,UY,2024-08-18,Standard,5910.55
3016,April Golden,adamkramer@example.com,GA,2018-03-29,Standard,445.91
3017,Roger White,jjordan@example.net,GN,2024-06-16,Premium,22791.08
3018,Benjamin Watson,martindavid@example.net,MN,2021-03-10,Premium,21041.07
3019,Jessica Donaldson,laratanner@example.org,AF,2022-07-08,Premium,22395.74
3020,Kristy Kennedy,fowlerkathy@example.org,TH,2023-12-01,Premium,8434.75
3021,Sarah Clements,vharrison@example.org,CL,2018-03-08,Premium,11747.33
3022,Kathryn Taylor,heathercastillo@example.net,MW,2022-08-28,Basic,7524.96
3023,Richard Brown,jsolomon@example.org,BE,2021-07-23,Standard,10008.61
3024,Michelle Ramirez,kennethroberts@example.org,GD,2024-03-29,Standard,12345.47
3025,Hannah Hopkins,gduke@example.net,LC,2018-07-12,Standard,7461.10
3026,Taylor Byrd,xrodriguez@example.net,VA,2023-02-05,Standard,21216.81
3027,Raymond Powell,crussell@example.net,VA,2019-05-13,Standard,23442.59
3028,Jamie Bond,keithadams@example.org,VE,2019-02-25,Premium,5600.36
3029,Brittany Mayer,sierra65@example.org,PK,2018-02-12,Premium,2628.39
3030,Tina White,rileykathleen@example.org,VU,2021-08-15,Basic,18106.33
3031,Judy Cox,timothy36@example.org,CI,2020-07-16,Premium,2200.42
3032,Richard Willis,velezmark@example.net,ME,2022-02-19,Basic,24739.13
3033,Benjamin Fletcher,robertjohnson@example.org,CR,2018-08-04,Standard,22082.98
3034,Justin Robbins,megan59@example.com,TH,2018-06-26,Premium,1200.08
3035,Christina Flores,michaelkline@example.net,ER,2021-05-31,Premium,6593.18
3036,Kelly Kennedy,meyerspatrick@example.net,SD,2024-11-14,Standard,6747.80
3037,Victoria Hughes,erika32@example.org,GE,2019-11-29,Premium,14586.33
3038,Zachary Simpson,lisarussell@example.com,CY,2019-05-07,Premium,7983.32
3039,Brenda Long,joseph92@example.net,SB,2019-08-30,Basic,22194.96
3040,Donna Williams,norrisjessica@example.net,CV,2022-08-20,Basic,11169.49
3041,James Williams,elizabeth60@example.com,BT,2019-05-17,Basic,13189.72
3042,Kristin Morgan,madisonsimpson@example.org,MZ,2024-06-25,Standard,16531.72
3043,Christina Brown,vanessaflores@example.com,TD,2021-02-23,Standard,19316.10
3044,Jane Marquez,lisadavis@example.org,BG,2023-06-01,Premium,2294.98
3045,Leah Fox,cameronramos@example.org,ZA,2021-04-28,Basic,2069.86
3046,Todd Nash,thompsondawn@example.org,LT,2024-04-06,Premium,16487.02
3047,Diana Rogers,colleenwilliams@example.net,GT,2020-04-23,Basic,1950.42
3048,Dennis Walker,fbutler@example.org,NI,2023-07-19,Premium,5311.89
3049,Joseph Day,taylorderrick@example.net,NP,2020-06-04,Standard,20462.79
3050,Hannah Riggs,kimberly47@example.org,LY,2020-02-09,Standard,2613.37
3051,Connie Holder,johnsonmichael@example.net,GH,2020-05-04,Basic,19040.06
3052,Natalie Smith,mcrawford@example.net,PE,2023-10-07,Standard,19012.20
3053,Donna Taylor,burgessdonald@example.com,UZ,2021-07-01,Basic,11350.55
3054,Zachary Quinn,deborah16@example.com,NP,2019-09-23,Basic,2641.51
3055,Sean Hicks,isanders@example.net,SM,2019-06-17,Premium,22917.43
3056,Tina Ortiz,ryanfox@example.net,TL,2022-04-29,Standard,21696.47
3057,Brandon Pena,stevemorales@example.net,DJ,2023-10-05,Premium,19500.53
3058,Jeffrey Wallace,hudsongwendolyn@example.com,BA,2020-02-09,Premium,6945.96
3059,Travis Mayo,gary89@example.net,LC,2019-11-04,Basic,7678.67
3060,Lisa Ford,lindseycunningham@example.org,CR,2024-06-22,Basic,2551.61
3061,Marcus Castillo,ryanvillegas@example.com,MU,2023-03-04,Premium,18625.65
3062,Joshua Lopez,susan80@example.com,AT,2020-09-12,Premium,22352.45
3063,Tamara Pugh,david71@example.com,LS,2020-02-06,Standard,714.66
3064,Mr. Kenneth Ashley,brittanyrush@example.com,MY,2023-12-15,Standard,8798.92
3065,Brandon Patel,wongmckenzie@example.com,SL,2019-04-30,Basic,2101.67
3066,Anthony Pearson,smithcarrie@example.com,IR,2022-11-03,Premium,3765.50
3067,Margaret Mills,fhoffman@example.com,DZ,2023-08-19,Standard,12698.17
3068,Anthony Hall,schroederbrittany@example.org,CM,2018-08-06,Standard,6814.72
3069,Shawn Morgan,brownwilliam@example.net,AZ,2019-02-05,Premium,16215.54
3070,Christopher Webster Jr.,edward22@example.org,ET,2022-09-27,Premium,7350.15
3071,Daniel Wilson,cruzolivia@example.org,SB,2022-07-08,Premium,14851.23
3072,Alicia Taylor,kristen66@example.org,IL,2023-12-10,Basic,12340.41
3073,Laura Cox,vlandry@example.net,JO,2022-11-11,Premium,17029.01
3074,Melissa Nguyen DVM,romankathryn@example.com,MX,2020-10-16,Premium,5489.49
3075,Tonya Richardson,fgregory@example.com,BE,2018-08-06,Premium,14380.76
3076,Kimberly Vasquez,jonathanramsey@example.com,MU,2020-09-04,Premium,13303.29
3077,Stephanie Hester,ggomez@example.org,TL,2021-02-02,Premium,22065.01
3078,Debra Gonzalez,anna35@example.net,SY,2022-07-16,Standard,9822.14
3079,Lorraine Bond,zlewis@example.com,SI,2020-06-19,Basic,20601.72
3080,Christian Valencia,hkennedy@example.com,AF,2021-01-03,Standard,5142.63
3081,Stephanie Roberts,kendrasantos@example.net,TJ,2020-04-13,Standard,15922.48
3082,Ronald King,monicadaniel@example.net,FM,2024-09-08,Standard,18347.06
3083,Joseph Kelly,luis05@example.net,AU,2019-01-22,Premium,12581.00
3084,Kim Morales,jessicasmith@example.com,FJ,2024-12-23,Standard,18477.27
3085,Thomas Chang,ashleyterry@example.com,GT,2020-09-04,Premium,7877.81
3086,Katherine Thomas,joseph50@example.org,TJ,2018-10-12,Premium,4683.61
3087,Amy Taylor,daniel02@example.net,MC,2023-02-08,Premium,24056.08
3088,Elizabeth Cooper,susandavis@example.org,LV,2023-04-28,Standard,8351.35
3089,Austin Stout,kelsey33@example.com,VN,2019-12-29,Standard,22031.44
3090,Olivia Lopez,rodriguezjohn@example.com,TR,2019-12-01,Basic,19006.52
3091,Xavier Jackson,jack74@example.org,TG,2018-02-09,Basic,8803.59
3092,Michael Escobar,daniel08@example.com,SA,2023-04-25,Basic,25.16
3093,Corey Espinoza,michael51@example.com,ZM,2020-10-10,Standard,2734.65
3094,Vanessa Yates,richardsmario@example.org,QA,2018-03-13,Basic,17001.16
3095,Tammy Cooper,larry37@example.net,AU,2021-04-05,Premium,13131.73
3096,Jennifer Wells,perryjames@example.com,ID,2019-11-17,Premium,19381.41
3097,Zachary Taylor,contrerasmaria@example.com,NO,2019-02-14,Standard,20097.32
3098,Pamela Burgess,gscott@example.org,GB,2021-10-06,Standard,12266.55
3099,Jose Fox,amyers@example.net,VU,2021-12-07,Basic,6433.49
3100,Jessica Young,yallen@example.org,VN,2023-06-16,Standard,9107.23
3101,Tiffany Graham,teverett@example.com,AU,2018-02-25,Standard,7528.35
3102,Michelle Underwood,samanthamartinez@example.net,MA,2021-09-28,Basic,19363.16
3103,Jessica Rhodes,mezastephanie@example.org,IT,2024-09-06,Standard,2819.03
3104,Samantha Schmidt,parkermax@example.org,KM,2023-10-29,Basic,15995.01
3105,Christian Thomas,richarddiaz@example.net,CY,2019-08-29,Standard,21406.64
3106,Rachel Young,jonathanruiz@example.com,PA,2019-08-04,Standard,12445.81
3107,Cody Lynch,higginskelly@example.org,AE,2020-09-27,Basic,18525.31
3108,David Woodard,deborahwright@example.net,MR,2022-10-31,Standard,5157.69
3109,Robert Tanner,elizabethrichards@example.com,CL,2019-01-01,Premium,23016.18
3110,Ashley Smith,feliciawilson@example.net,PT,2022-03-28,Basic,2698.29
3111,Jean Casey,lisa73@example.org,SE,2021-01-26,Basic,16970.04
3112,Jeffery Jennings,manningjessica@example.com,GT,2023-01-15,Basic,4373.81
3113,Brittney Garcia,randyyoder@example.com,PA,2021-11-29,Standard,9775.66
3114,Joe Strickland,mejiamichael@example.net,SG,2022-09-06,Standard,7733.08
3115,Katherine Ramos,michael99@example.net,BR,2018-06-18,Basic,13001.94
3116,Craig King,brent20@example.org,KH,2021-11-07,Basic,3074.03
3117,Robert Sanchez,cpeters@example.org,CH,2023-02-07,Basic,24203.83
3118,Margaret Gilmore,brookeshaw@example.com,PS,2021-11-22,Standard,2754.76
3119,David Maxwell,alan34@example.com,LA,2018-02-04,Standard,23180.83
3120,Meghan Evans,herrerajennifer@example.org,NO,2019-08-26,Standard,17023.08
3121,Anne Jones,mariaortega@example.com,EC,2023-11-13,Standard,15594.88
3122,Seth Edwards,johnbrooks@example.org,ST,2019-10-29,Standard,12170.62
3123,Chase Garcia,michaelyoung@example.org,SY,2018-09-22,Standard,389.81
3124,Melinda Jones,umills@example.net,NG,2018-06-17,Premium,7075.43
3125,Ryan Young,wongjacqueline@example.org,LK,2024-08-26,Premium,1329.83
3126,Adam Curry,deborah67@example.org,BD,2021-06-06,Premium,10758.07
3127,Hayden Miller,deleontammy@example.org,PH,2018-01-03,Premium,6285.84
3128,David Castro,baueremily@example.net,LI,2021-12-05,Standard,19631.58
3129,Daniel Smith,christopher19@example.org,VU,2023-08-19,Basic,23963.11
3130,Marvin Cox,robert72@example.net,MY,2024-04-15,Premium,23842.13
3131,James Wilson,shawnjimenez@example.org,OM,2021-01-13,Premium,24897.86
3132,Michael Wilson,bbrady@example.org,TV,2020-03-16,Standard,14630.62
3133,Brian Harmon,cmclean@example.net,GN,2018-11-27,Standard,5471.44
3134,Jacqueline Snyder,igarcia@example.net,QA,2023-04-23,Standard,6218.21
3135,Samantha Williams,jeffrios@example.net,PS,2022-05-02,Standard,9977.84
3136,Mary Ali,kenneth66@example.org,SA,2019-02-06,Standard,23004.85
3137,Nicholas Smith,jonesstephen@example.org,LA,2024-09-11,Standard,4332.55
3138,Mark Garcia,kennethperez@example.net,MY,2022-11-21,Basic,21898.31
3139,Nancy Clark DVM,timothy46@example.com,MT,2024-06-26,Premium,17083.03
3140,Krystal Watkins,nmcintosh@example.com,TG,2020-03-28,Standard,3392.27
3141,Tonya Smith,amber79@example.net,GT,2024-03-20,Premium,7526.56
3142,Darrell Cameron,barbara22@example.net,UG,2018-12-17,Standard,14166.63
3143,Mathew Olson,reyescarmen@example.com,BI,2023-03-04,Basic,4584.30
3144,Dennis Bennett,bethmiller@example.com,DO,2022-11-25,Premium,3465.25
3145,Christopher Castillo,andrewherrera@example.com,MC,2022-12-16,Basic,7831.51
3146,Virginia Morales,charlestimothy@example.net,PE,2022-01-04,Standard,8854.85
3147,Monica Copeland,marissa74@example.net,VE,2023-03-26,Standard,24036.17
3148,Kyle Stewart,danielmartinez@example.com,ST,2023-03-05,Premium,22813.96
3149,Rachel Travis,zachary18@example.net,SN,2018-04-19,Standard,2210.72
3150,Wendy Vance,reynoldstravis@example.net,LA,2019-07-30,Basic,22671.22
3151,Sharon Edwards,codyrussell@example.org,DO,2020-09-20,Basic,12805.17
3152,Veronica Richardson,shane26@example.org,NL,2019-06-06,Basic,13581.74
3153,Lisa Robinson,davismary@example.org,SL,2024-05-05,Standard,1338.40
3154,Michelle Wong,myerstiffany@example.org,MC,2022-05-28,Premium,10073.55
3155,Phillip Day,porterronald@example.com,MG,2018-01-25,Standard,20187.03
3156,Michael Jackson,swalker@example.org,NL,2023-10-23,Standard,20979.95
3157,Rebekah Allen,haustin@example.com,IQ,2018-12-13,Premium,6754.37
3158,Nicole Williams,sanchezemily@example.net,MK,2019-03-15,Standard,14858.49
3159,Jacqueline Frank,matthewfisher@example.org,KZ,2021-04-05,Basic,12036.70
3160,Laurie Blake,hernandezmelissa@example.net,GM,2021-09-19,Premium,3036.07
3161,Brittany Bartlett,daniel41@example.net,ME,2024-07-22,Basic,12770.52
3162,Erica Gilmore,sotomegan@example.com,SA,2018-08-06,Basic,5126.61
3163,Stephanie Conway,fuentesvictoria@example.net,ET,2019-08-14,Basic,18510.60
3164,Andrew Horton,mhall@example.com,MK,2023-07-22,Premium,5588.59
3165,Roger Cummings,lucas15@example.com,GM,2019-09-26,Standard,15705.99
3166,Lindsey Smith,hharper@example.net,LK,2018-01-27,Standard,15591.60
3167,Tyler Williams,tdominguez@example.com,TT,2020-04-02,Premium,1678.55
3168,Brandy Ramirez,hartkara@example.net,EE,2019-09-19,Basic,21997.48
3169,Julia Fields,markbautista@example.org,NL,2023-10-31,Premium,6180.15
3170,Austin Wiley,sydneyruiz@example.com,PG,2019-03-01,Standard,616.41
3171,Michael Martinez,jasminevillegas@example.net,EG,2023-09-03,Standard,9767.85
3172,Matthew Lucas,clifford98@example.net,GT,2019-05-14,Standard,10113.93
3173,Amy Nunez,jackyoung@example.com,KP,2020-01-24,Premium,21043.02
3174,Anna Stephens,kelly24@example.net,IR,2024-02-18,Standard,20542.16
3175,William Johnson,john50@example.net,US,2022-12-04,Basic,15428.96
3176,Jason Miles,wilsonjill@example.com,KM,2022-11-06,Premium,15904.93
3177,George Fritz,salazarbarbara@example.org,KR,2020-01-27,Premium,20463.75
3178,Corey Ryan DDS,taylorflores@example.net,CR,2020-09-12,Premium,12787.87
3179,Frederick Davis,romeromakayla@example.com,BO,2024-02-18,Premium,11903.96
3180,Samantha Jones,lucasflores@example.com,EG,2021-04-02,Standard,16688.39
3181,Linda Thompson,johnreyes@example.com,NR,2024-08-08,Standard,9183.49
3182,Taylor Henderson,kimberlyhudson@example.org,HT,2021-02-01,Standard,9645.52
3183,Anna Wright,weberamber@example.org,UZ,2019-03-16,Standard,10422.41
3184,Sara Mcguire,david24@example.org,MT,2022-10-07,Premium,699.27
3185,Christopher Garner,robert34@example.net,SI,2023-02-16,Premium,14105.23
3186,Crystal Young,thomasgarcia@example.net,SL,2018-02-15,Basic,7569.04
3187,Steven King,romerokimberly@example.com,JO,2024-12-14,Standard,1065.79
3188,David Hoffman,iacevedo@example.net,LS,2021-12-23,Premium,11697.68
3189,Jerry Harris,lanemichael@example.net,ZW,2023-02-21,Standard,228.00
3190,Kelly Howell,chelsea70@example.org,TN,2019-10-11,Standard,12515.96
3191,Tanner Russo,ncampbell@example.com,US,2023-08-24,Premium,8720.85
3192,Scott Sullivan,greendavid@example.net,SK,2023-11-21,Standard,12826.13
3193,Andrew Vargas,joshua88@example.com,GH,2019-12-16,Basic,3785.07
3194,Victoria Stevenson,hestrada@example.com,NR,2024-04-25,Standard,11487.04
3195,Joshua Riley,pgraves@example.org,NR,2019-07-28,Standard,19624.02
3196,Angela Green,fodonnell@example.org,PS,2021-05-25,Standard,1705.25
3197,Joseph Flynn,zgarcia@example.com,MK,2023-06-05,Standard,24063.88
3198,Nicholas Smith,chase86@example.org,LA,2024-10-17,Basic,4509.36
3199,John Carter,jamesbenson@example.com,VA,2023-09-08,Basic,13135.85
3200,Victoria Johnston,andrew45@example.org,KH,2019-06-15,Basic,8101.92
3201,Jason Vincent,toddcollins@example.org,LC,2024-07-06,Standard,14612.33
3202,Deborah Thompson,sjones@example.net,TZ,2022-07-12,Premium,1123.23
3203,Gary Griffin,susan25@example.org,KZ,2019-10-14,Premium,2413.51
3204,Kimberly Savage,lpatterson@example.com,KI,2019-03-12,Standard,23355.85
3205,Rachel Soto,zacharyroberts@example.org,PS,2023-05-06,Standard,18997.73
3206,Shannon Oneill,ggonzalez@example.com,GN,2020-08-27,Premium,22494.86
3207,Ryan Johnson,horndonald@example.net,TR,2019-12-14,Basic,22311.82
3208,Gavin Rasmussen,aaroncarter@example.net,MN,2022-09-17,Premium,1548.17
3209,Sean Erickson,ybell@example.com,BE,2020-10-22,Premium,935.46
3210,Jasmine Perry,doughertyjulie@example.org,ID,2018-10-26,Standard,19083.80
3211,Douglas Fuller,richard96@example.net,SZ,2024-10-20,Basic,21016.98
3212,Crystal Medina,jameswood@example.net,NL,2019-12-14,Standard,2691.53
3213,Miguel Newton,westjeffrey@example.org,PE,2023-01-16,Standard,3330.42
3214,Sean Murray,athompson@example.org,MW,2024-06-08,Basic,4993.36
3215,James Medina,hicksrachel@example.net,UY,2020-10-31,Standard,10937.87
3216,Jon Bowers DVM,christina43@example.com,SC,2021-03-17,Premium,5029.82
3217,Brenda Gomez,seanstevens@example.com,AT,2019-10-26,Standard,20345.94
3218,Rachel Alvarez,ebarnes@example.com,AR,2020-02-27,Premium,14552.70
3219,Chris Mullen,wfisher@example.org,KP,2019-01-30,Premium,830.98
3220,Heather Evans,stewartthomas@example.org,CF,2019-07-30,Premium,8989.03
3221,Amy Chapman,schneiderbrandon@example.com,SZ,2022-07-30,Basic,13664.52
3222,Jason Ross,johnroberts@example.com,LV,2018-10-22,Standard,4632.61
3223,William Mcbride,vdiaz@example.org,FR,2023-12-04,Standard,4753.42
3224,Beverly Jenkins,welchrose@example.net,AL,2020-04-29,Basic,20689.39
3225,Amanda Owens,jonesjill@example.com,TV,2023-08-14,Standard,8912.13
3226,Mary Summers MD,fbass@example.org,SY,2024-04-07,Premium,20039.90
3227,Stephen Shaw,rcobb@example.com,NP,2022-12-03,Standard,15636.77
3228,Nicholas Ruiz,gmclean@example.net,KH,2018-10-18,Basic,1953.60
3229,John Smith,aquinn@example.com,SV,2023-10-20,Standard,2522.83
3230,Rachael Reyes,jeansmith@example.com,LC,2023-08-05,Premium,1286.98
3231,Jared Spence,alvin91@example.com,VC,2024-01-24,Standard,563.56
3232,David Hall,audreylopez@example.com,JO,2021-04-02,Standard,9760.66
3233,Emily Massey,cindyhenderson@example.org,BJ,2022-01-05,Premium,21811.06
3234,Henry Robinson,patelnicholas@example.com,RU,2019-10-09,Standard,1869.43
3235,Sean Lewis,kingjessica@example.net,LU,2024-06-14,Premium,21329.88
3236,Jesse Hancock,aaronmurphy@example.com,JM,2024-11-08,Basic,7805.98
3237,Timothy Francis,sabrinaperez@example.net,RO,2024-12-08,Premium,13648.54
3238,Sara Gay,fgutierrez@example.com,KI,2019-03-31,Basic,11774.47
3239,Brandon Harris,charles30@example.org,MH,2020-12-13,Basic,749.45
3240,Christina Lester,ibarton@example.org,MG,2021-10-16,Standard,6522.03
3241,Marco Rose,dana17@example.net,UY,2021-10-02,Premium,3482.22
3242,Shawn Roman,lambalexandra@example.net,GD,2024-02-19,Basic,8240.23
3243,Angela Jackson,zrivera@example.net,CG,2018-09-13,Premium,12338.88
3244,Gregory Oliver,amandadunlap@example.org,TZ,2024-04-28,Basic,17577.27
3245,Joseph Blevins,kelleyjennifer@example.org,ES,2018-05-25,Standard,24526.40
3246,Craig Patel,michelle34@example.org,MA,2022-09-01,Basic,18482.23
3247,Rose Collins,curtisfranklin@example.com,TR,2018-11-27,Basic,11969.29
3248,Ryan Spence,pittmanjill@example.org,EC,2019-06-15,Standard,18083.24
3249,Ernest Kennedy,kennethbranch@example.com,RS,2019-03-03,Premium,12414.92
3250,Craig Miller,michael01@example.com,GR,2020-07-11,Basic,8756.44
3251,Anthony Parker,coleamanda@example.net,LC,2023-05-11,Standard,19538.55
3252,Anthony Cooke,jward@example.com,HR,2020-07-21,Premium,23281.16
3253,Emma Russell,zyoung@example.com,LR,2018-04-18,Premium,13354.65
3254,Elizabeth Logan PhD,carlagarcia@example.com,VE,2022-04-03,Basic,17089.88
3255,Linda Peterson,butlergabrielle@example.net,ES,2018-03-16,Basic,12054.33
3256,Allison Bonilla,yhendrix@example.net,VE,2022-05-05,Standard,17386.01
3257,Anthony Molina,ernestwright@example.net,CM,2022-10-27,Basic,10670.84
3258,Charles Holloway,edwinmiller@example.com,MK,2019-07-19,Premium,10948.82
3259,Jennifer Santos,khouston@example.com,CY,2024-11-26,Standard,8794.73
3260,Cory Nelson,reesealex@example.net,GT,2021-11-06,Standard,22951.71
3261,Robert Schultz,travis28@example.net,PH,2020-09-02,Premium,2299.77
3262,Dakota Thomas,choidonna@example.com,TJ,2018-02-11,Premium,10326.64
3263,Johnny Anderson,angelacrosby@example.org,VA,2024-01-06,Basic,1144.49
3264,Edward Lopez,riverawendy@example.net,AO,2018-03-03,Basic,6248.06
3265,Brittany Welch,ysmith@example.org,JO,2018-08-21,Premium,1416.36
3266,Carrie Mcconnell,josebarnes@example.com,KG,2022-12-02,Premium,7064.90
3267,Deborah Blevins,mschwartz@example.com,BB,2021-07-10,Standard,15060.40
3268,Allison Harrell,ryan43@example.org,BY,2020-09-27,Standard,3242.91
3269,Erin Randall,otrujillo@example.net,TJ,2022-06-18,Standard,16439.57
3270,Jordan Dixon DDS,sbailey@example.net,VU,2018-11-11,Premium,6254.97
3271,Angela Price,butlerdavid@example.org,UA,2024-02-05,Premium,12373.23
3272,Brandon Davis,angelasmith@example.com,RO,2022-01-02,Premium,11088.55
3273,Destiny Mullins,molinachristina@example.org,SE,2021-05-24,Standard,19505.21
3274,Gary Wolf,melody89@example.com,ZA,2021-04-13,Basic,6105.14
3275,Christopher Higgins,kyle91@example.com,PK,2020-12-31,Standard,17444.29
3276,Monique Krueger,kyleanderson@example.org,TZ,2023-08-25,Premium,1349.94
3277,Brandon Moss,dlewis@example.net,LS,2022-08-10,Basic,23764.09
3278,Beth Cross,jsmith@example.com,SE,2023-06-15,Standard,1961.15
3279,Jennifer Sims,vdavenport@example.com,FM,2019-07-16,Basic,5763.40
3280,Leslie Jackson,moniquemoore@example.org,VC,2024-03-14,Premium,3068.70
3281,April Gallagher,ericbrooks@example.org,NZ,2019-08-05,Premium,24447.74
3282,Kayla Simmons,,DZ,2022-12-09,Basic,19104.80
3283,Albert Avery III,timothyadams@example.com,TR,2019-04-13,Premium,12472.69
3284,Kenneth Cook,halldaisy@example.org,QA,2018-05-19,Standard,6949.18
3285,Gregory Cobb,carol28@example.net,VU,2022-04-23,Standard,20679.47
3286,Joshua Ellis III,thorntonkelly@example.net,MV,2018-12-13,Premium,6977.31
3287,Vickie Moore,hmorris@example.net,CF,2024-11-02,Standard,12383.94
3288,Luis Snyder,matthew49@example.com,MK,2022-04-17,Standard,11100.49
3289,Andrea Howard,hcollins@example.net,NA,2020-07-08,Premium,9483.17
3290,Kyle Young,mcintyrebrendan@example.org,MG,2022-11-01,Basic,1306.49
3291,Sabrina Brown,fosterjames@example.org,BS,2021-06-03,Premium,13538.73
3292,Erin Alvarez,geraldcampbell@example.org,SL,2021-11-25,Premium,22751.35
3293,Joshua Mcgee,kelsey92@example.com,MU,2021-10-09,Standard,20256.09
3294,Anthony Fuller,ryan01@example.net,SD,2024-08-17,Premium,18931.31
3295,Denise Leon,reneespencer@example.org,LT,2021-10-28,Basic,20730.99
3296,Jessica Allen,vross@example.com,CA,2022-11-13,Standard,19565.32
3297,Erin Nelson,reedbrenda@example.com,BB,2018-08-22,Premium,13832.35
3298,Jessica Foley,ischultz@example.com,CR,2021-03-23,Basic,11587.56
3299,Gary Harris,claire11@example.net,FM,2024-06-03,Basic,14207.58
3300,Joseph Jarvis,owallace@example.net,DE,2023-10-27,Standard,4063.72
3301,Holly Williams,suarezstacy@example.com,WS,2022-04-11,Standard,18640.85
3302,Rachel Roberson,angelavalencia@example.net,SB,2020-09-02,Premium,22692.81
3303,Shaun Dunn,sloanpaul@example.com,IL,2021-02-23,Basic,23774.18
3304,Lawrence Sanders,keith60@example.com,TJ,2018-12-17,Premium,19283.48
3305,Sandra Guerra,bryantnicholas@example.org,DE,2021-04-26,Standard,14277.07
3306,Melissa Evans,cassandra25@example.org,GQ,2018-06-08,Basic,6856.75
3307,Thomas Harvey,abigailchambers@example.org,SI,2021-01-05,Basic,6262.83
3308,Gabrielle Hudson,scott65@example.com,LB,2024-10-26,Premium,3107.66
3309,Amanda Smith,kevin94@example.net,KN,2024-05-17,Basic,8024.73
3310,Russell Walker,qherrera@example.com,CA,2020-12-19,Premium,11095.22
3311,Jason Elliott,jessicagreer@example.com,VA,2018-03-12,Standard,221.77
3312,Amy Sullivan,kennethrodriguez@example.org,ML,2018-06-01,Standard,12005.20
3313,Julie Mcknight,rodriguezstephanie@example.net,ID,2024-03-29,Premium,10215.27
3314,Scott Miranda,john14@example.net,SO,2024-07-01,Premium,6911.14
3315,Mr. Tommy Mcdonald,richard13@example.com,IR,2024-11-04,Basic,7850.66
3316,Monique Freeman,longmark@example.net,MR,2018-09-20,Standard,4495.10
3317,Manuel Edwards,michelleherrera@example.com,MG,2021-02-05,Standard,21726.38
3318,Sandra Craig,todd94@example.com,ML,2019-06-06,Premium,15758.45
3319,Anne Ortiz,moorerachael@example.net,IN,2019-08-25,Basic,16399.45
3320,Autumn Lee,johnharmon@example.net,DZ,2020-08-11,Premium,16365.02
3321,Aaron Smith,kinglindsay@example.com,ZW,2020-01-25,Basic,12667.98
3322,Dawn Werner,zle@example.net,HN,2022-12-09,Basic,7933.36
3323,Belinda Bailey,ashley08@example.net,GM,2024-03-16,Basic,5698.81
3324,Mr. Miguel Powell Jr.,leemakayla@example.org,AM,2020-11-27,Standard,402.95
3325,Gregory Byrd,changsamuel@example.org,MV,2021-12-18,Basic,17957.98
3326,Richard Nelson,burnsryan@example.net,EE,2024-09-25,Premium,8743.24
3327,Emily Frazier,jmckee@example.org,AE,2018-11-14,Basic,11095.32
3328,Laura Norman,rwallace@example.org,MH,2023-09-25,Premium,5924.47
3329,Dr. Katelyn Allen DVM,jacqueline96@example.org,RW,2021-08-27,Basic,9283.98
3330,Carl Ferguson,,HT,2022-08-31,Premium,16047.18
3331,Samantha Mullins,jonesjake@example.net,PT,2021-03-05,Premium,617.37
3332,Emily Vasquez,theresa36@example.com,GQ,2024-10-22,Standard,8374.64
3333,Emily Joseph,ealexander@example.net,IQ,2022-07-30,Basic,9367.89
3334,Alison Padilla,beckrobin@example.net,WS,2021-04-19,Basic,778.94
3335,Jackson Fuller,ann26@example.org,SG,2022-02-17,Premium,7271.82
3336,Samuel White,uyoung@example.com,UA,2019-09-07,Basic,638.38
3337,Michelle Marsh,oliviashields@example.net,MW,2024-10-30,Premium,20200.86
3338,Kevin Davis,emilykrueger@example.org,BO,2023-09-24,Basic,19521.84
3339,Matthew Morris,lindamiller@example.org,TV,2023-09-13,Basic,17821.01
3340,Martin Bradley DVM,lisa46@example.com,PG,2020-05-30,Standard,20768.17
3341,Lori Nelson,isabel25@example.net,LB,2018-05-14,Basic,18156.49
3342,Tim Rodriguez,salinasgrace@example.net,MC,2022-04-10,Basic,1961.12
3343,Daniel Morse,williamsmith@example.com,CV,2018-11-13,Premium,14135.06
3344,Juan Wong,vaughnjavier@example.net,NP,2024-06-10,Basic,13705.83
3345,Phyllis Herrera,michelle14@example.com,SV,2022-09-09,Basic,18326.14
3346,Alexis Jones,jamesmorris@example.org,BY,2023-12-02,Premium,15177.55
3347,Jeremy Weaver,asmith@example.net,RO,2023-11-19,Basic,11025.44
3348,Jennifer Carter,kwilliams@example.org,NL,2021-01-07,Premium,20900.22
3349,Karen Rodriguez,kimberlybennett@example.net,UY,2021-04-15,Premium,8217.11
3350,John Pena,fieldsjacob@example.org,SB,2022-01-22,Premium,11395.53
3351,Douglas Mills,qhoffman@example.com,CA,2019-04-18,Basic,6026.16
3352,Robin Walker,olivialambert@example.com,KG,2022-08-07,Standard,1992.25
3353,Rebecca Scott,gmcdonald@example.net,VA,2024-04-14,Basic,1911.09
3354,Andrew Robbins,chelseasmith@example.com,TN,2022-01-23,Basic,12103.86
3355,Justin Mckinney,obrewer@example.com,CO,2020-08-01,Standard,19657.60
3356,Matthew Wilson,hfleming@example.net,BJ,2020-07-30,Basic,20695.53
3357,Jacqueline Berry,randygardner@example.net,MX,2019-05-29,Basic,6123.60
3358,Adam Ramirez,yusandra@example.org,US,2022-07-28,Basic,14618.88
3359,Steven Chandler,stephanie60@example.org,EC,2019-07-20,Basic,6506.97
3360,Kenneth Hickman,piercewilliam@example.com,IS,2021-03-21,Standard,7846.11
3361,Brenda Cameron,jameschaney@example.net,HT,2018-11-30,Standard,10525.56
3362,Samantha Lee,smithmichael@example.org,LR,2019-08-31,Basic,12355.01
3363,Karen Morgan,nicholas35@example.org,AR,2020-03-22,Premium,21910.14
3364,Morgan Torres,hernandezamy@example.org,BT,2018-03-05,Premium,3019.72
3365,Holly Lynn,aknight@example.org,LU,2020-12-14,Basic,17784.55
3366,Shannon Chavez,fhickman@example.com,ME,2023-04-09,Basic,2524.88
3367,Andrew Jenkins,,BN,2018-05-20,Standard,598.29
3368,Thomas Hale,riverasylvia@example.com,SR,2019-11-15,Premium,3309.44
3369,Paige Welch,jason76@example.net,IL,2023-12-09,Standard,22606.51
3370,Justin Gallagher,qellis@example.com,BH,2021-12-22,Premium,10057.94
3371,Douglas Collins,qrhodes@example.org,BR,2024-03-31,Premium,17799.59
3372,Kaitlyn Young,jeremiahbaker@example.com,AE,2019-05-03,Standard,22435.66
3373,Molly Cook,qkemp@example.com,CI,2021-10-10,Basic,15218.94
3374,Elizabeth Campbell,willisjaclyn@example.com,RS,2019-03-18,Basic,1130.94
3375,Sarah Weaver,paul54@example.org,RO,2021-12-24,Standard,22766.86
3376,Kristopher Allison,lisa47@example.com,CL,2023-01-17,Basic,20870.12
3377,Anthony Ashley,cmyers@example.com,JP,2021-03-30,Standard,17502.84
3378,Heather Peterson,williamtyler@example.org,DM,2020-01-22,Basic,19148.89
3379,Kenneth Phillips,joseph03@example.net,AG,2023-09-18,Premium,3806.41
3380,Deanna Jennings,judith06@example.com,RS,2018-02-01,Basic,14826.21
3381,Linda Weeks,hjones@example.org,NE,2023-02-01,Standard,8010.92
3382,Karen Weber,dware@example.com,UG,2019-12-25,Basic,18063.33
3383,Andrew Pena,othomas@example.com,PT,2021-02-18,Premium,5806.59
3384,Sherry Morton,yjones@example.org,BG,2023-07-14,Standard,1207.20
3385,Olivia Mcneil,andersoncarla@example.org,ER,2023-10-22,Basic,14495.71
3386,Amanda Fernandez,karlmartin@example.org,LA,2022-10-14,Standard,8070.00
3387,Dana French,christinahickman@example.com,IT,2021-07-28,Premium,23837.84
3388,Richard Olsen,,TM,2018-06-21,Basic,22059.60
3389,Mrs. Cristina Stark,psalazar@example.org,ET,2020-05-12,Standard,12978.37
3390,Joshua Myers,caroldavis@example.net,LV,2024-06-13,Basic,7859.18
3391,Mike Williams,qhensley@example.com,SM,2021-11-23,Standard,4139.81
3392,Kristi Mitchell,vchan@example.org,CD,2021-03-25,Standard,12165.89
3393,Kenneth Molina,scottmichael@example.com,CV,2020-07-05,Premium,7211.97
3394,Abigail Wright,tortiz@example.org,MM,2020-11-28,Basic,18836.72
3395,Allen Hawkins,opierce@example.com,ST,2020-08-06,Basic,6965.72
3396,Michael Williams,garywright@example.org,RO,2019-01-29,Premium,13804.09
3397,Steven Howell,ann63@example.net,TR,2023-09-15,Premium,683.75
3398,Kimberly Kennedy,hmoore@example.com,FR,2018-06-12,Basic,13447.90
3399,Melissa King,lindabradley@example.com,EC,2020-03-10,Premium,12209.15
3400,Ashley Sexton,hcollins@example.com,AG,2018-04-16,Standard,5078.52
3401,Philip Weaver,ruizandrew@example.org,ME,2024-05-28,Standard,18302.24
3402,Joseph Collins,hernandezandrew@example.net,DJ,2023-11-04,Premium,20775.95
3403,Mary Smith,xward@example.com,BJ,2021-04-23,Premium,17906.27
3404,Joseph Harvey,brownpamela@example.com,NI,2019-05-07,Standard,22221.99
3405,John Santos,chanmichael@example.com,KZ,2023-07-14,Standard,2171.60
3406,Jillian Hill,halljennifer@example.org,RO,2019-07-15,Standard,18290.84
3407,Pamela Carter,jamesberry@example.com,SD,2019-04-23,Standard,20091.03
3408,Brenda Young,raymondmann@example.org,NP,2020-06-30,Basic,1858.76
3409,Brandon Green,jlevine@example.org,CR,2019-10-04,Basic,8383.43
3410,Bernard Figueroa,vincent19@example.net,PK,2023-02-01,Basic,18388.04
3411,Jacob Bowen,ecrawford@example.net,CO,2018-10-31,Basic,17198.44
3412,Carl Jones,brandonallison@example.org,SY,2018-06-07,Standard,2510.97
3413,Heather Allen,taracole@example.org,IQ,2023-11-06,Standard,4759.97
3414,Sarah Molina,william91@example.com,SO,2024-04-05,Basic,20940.88
3415,Lynn Watson,lisa16@example.org,UY,2018-05-26,Basic,15682.13
3416,Angela Guzman,mckeesteven@example.com,KI,2020-10-04,Premium,14658.58
3417,Ashley Conner,robin48@example.com,GW,2020-06-20,Basic,4891.96
3418,Brooke Anderson,holmesamy@example.net,BJ,2023-04-10,Premium,12112.68
3419,Matthew Farley,pluna@example.net,NZ,2020-02-06,Basic,12418.16
3420,Julia Jackson,kenneth43@example.net,LV,2019-06-24,Premium,15869.32
3421,Lisa Ford,ymartin@example.com,PY,2018-12-30,Basic,21428.92
3422,Stuart Goodwin,jeffrey80@example.org,VE,2020-05-27,Premium,10857.97
3423,Amber Shaffer,sarah04@example.org,KE,2023-07-03,Basic,15280.43
3424,Sean Woodward,leashley@example.org,US,2019-12-31,Premium,10453.98
3425,Michael Webb,sperry@example.org,NA,2020-12-13,Basic,9507.26
3426,Richard Benson,davidgreen@example.org,AU,2024-07-19,Premium,15942.87
3427,Richard Hall,robbinsjoseph@example.net,BH,2023-06-07,Basic,16423.52
3428,Meghan Hernandez,danielpage@example.com,ER,2020-01-08,Standard,21017.30
3429,Jennifer Pruitt,travis56@example.net,AL,2021-04-11,Basic,12126.50
3430,Madison Boyd,samantharobles@example.org,LS,2022-05-26,Basic,8928.20
3431,Victoria Nelson,frank98@example.net,HN,2023-05-25,Standard,2413.33
3432,Tonya Holland,christina67@example.com,BS,2019-04-06,Standard,10489.85
3433,Mrs. Linda Clarke,ryandurham@example.net,KI,2023-01-06,Standard,6184.91
3434,Richard Powell,williamsjames@example.net,TM,2022-10-07,Premium,4404.86
3435,Andrew Mata,reynoldsmegan@example.com,BJ,2021-07-30,Basic,2838.41
3436,Maria Turner,pgordon@example.net,MA,2022-06-19,Basic,3201.45
3437,David Mays,gregory31@example.com,VN,2023-06-05,Standard,15026.47
3438,Charles Thornton Jr.,xramos@example.com,TO,2020-08-19,Premium,7273.26
3439,Craig Blanchard,rmatthews@example.com,GH,2023-09-10,Premium,22245.27
3440,Megan Grimes,greg78@example.net,GN,2022-08-03,Premium,14056.43
3441,Craig Wilcox,mcclainjohn@example.com,HT,2021-08-16,Standard,16874.73
3442,David Villanueva,brentodom@example.com,KR,2022-08-12,Standard,20225.76
3443,Christopher Carter,bmahoney@example.net,TN,2022-10-08,Standard,6517.48
3444,Cheryl Fuentes,brianhall@example.org,LI,2018-08-12,Standard,12137.63
3445,Jennifer Martinez,markfuentes@example.com,KN,2020-06-15,Standard,15906.65
3446,Travis Nguyen,lbrown@example.com,ZW,2018-07-06,Standard,11190.91
3447,Mrs. Brittany Woodard PhD,stacey64@example.org,BR,2020-06-25,Basic,21890.55
3448,Brooke Hess,andersonjesse@example.org,RU,2024-01-05,Premium,19488.80
3449,Angela Davis,lynnoconnor@example.com,AO,2019-03-28,Basic,15268.79
3450,Patrick Daniel,cheryl41@example.net,LC,2019-06-14,Basic,13494.18
3451,Ashley Holt,michael16@example.com,HT,2018-03-28,Standard,2256.32
3452,Jose Banks,robert06@example.org,CH,2021-09-27,Standard,19171.05
3453,Ryan Jones,patricia63@example.com,CO,2024-03-14,Premium,16373.29
3454,Richard Ellis,edwardskeith@example.org,KW,2023-10-26,Premium,9052.44
3455,Mary Mason,elizabeth69@example.com,PK,2020-03-23,Premium,20953.73
3456,Elizabeth Jennings,gjohnson@example.org,CH,2022-06-09,Basic,5733.36
3457,Amanda Williams,kathy61@example.org,ES,2019-10-24,Standard,8287.55
3458,Charles Guerra,medinajamie@example.com,MX,2020-06-02,Basic,18333.36
3459,Janice Sanchez,russellwilliam@example.net,SO,2018-02-25,Premium,21137.05
3460,Ann Roth,sarah90@example.com,YE,2023-11-27,Premium,12537.48
3461,Kevin Cook,iblake@example.org,MU,2023-06-10,Premium,3923.64
3462,Joseph Smith,jennifermoore@example.org,RS,2021-05-19,Premium,5750.13
3463,Kristen Nunez,seth37@example.org,MH,2020-10-09,Premium,6811.46
3464,Albert Black,chungjeffrey@example.com,UY,2019-05-22,Standard,16381.90
3465,Stephen Wolf,dakota45@example.com,UZ,2019-06-22,Basic,21915.54
3466,Jennifer Snow,paul49@example.org,NZ,2018-12-14,Premium,1847.26
3467,Jose Butler,carlos85@example.com,BZ,2022-08-29,Premium,368.54
3468,Eric Jordan,elizabeth56@example.org,KI,2024-01-28,Basic,22974.36
3469,Paul Gordon,jclark@example.org,WS,2019-01-27,Basic,14704.89
3470,Gregory Davenport,roy33@example.com,MA,2022-05-22,Premium,20786.79
3471,Robert Smith,corysimpson@example.net,RO,2021-07-02,Standard,10628.82
3472,Richard Franco,watsonamy@example.net,DE,2018-04-06,Standard,6851.24
3473,Brian Baker,taylornicholas@example.com,LU,2020-04-10,Premium,6606.75
3474,Matthew Shea,brittany08@example.net,WS,2024-06-18,Standard,9414.52
3475,Justin Hull,ashleycrawford@example.net,PK,2022-10-26,Premium,5556.32
3476,Jordan Taylor,laureningram@example.org,SL,2022-07-23,Basic,6963.95
3477,Michael Johnson,carterlawrence@example.net,KP,2021-03-10,Basic,13330.10
3478,Courtney Smith,daniel99@example.net,NG,2020-09-28,Standard,430.31
3479,Devon Webster,williamcrawford@example.org,MK,2023-07-29,Basic,9841.13
3480,Larry Gray,matthewchavez@example.com,ZM,2022-03-07,Basic,17864.47
3481,Aaron Anderson,andersonpeggy@example.com,AZ,2023-01-27,Premium,14446.99
3482,Patrick Hayes,lopezchristian@example.com,SI,2018-04-12,Standard,19280.14
3483,Amanda Baker,kelseyhunter@example.org,LU,2023-01-06,Standard,11920.16
3484,James Williams,hornjeff@example.org,RU,2019-03-23,Basic,7765.25
3485,Elizabeth Hill,silvapatrick@example.org,NI,2019-08-12,Basic,24395.44
3486,Charles Myers,maria44@example.com,DE,2019-01-26,Basic,4231.39
3487,Christopher Rowland,johnstephens@example.com,ET,2023-06-30,Basic,6249.23
3488,Dana Murray,xjones@example.org,GR,2019-08-02,Standard,15412.21
3489,Sara Savage,dominguezomar@example.com,ZM,2023-04-24,Basic,18075.81
3490,Barbara Baker,munozjohn@example.net,NE,2024-05-09,Premium,1473.32
3491,Bradley Baker,marksashley@example.net,CM,2023-07-15,Standard,10296.46
3492,Robin Brock,jessicaboone@example.com,KM,2021-10-15,Premium,912.74
3493,Brenda Torres,jortiz@example.net,GH,2024-05-04,Basic,10163.36
3494,Wayne Robinson,campbelljames@example.org,SI,2018-01-23,Standard,17259.93
3495,Tony Key,collinsstacy@example.com,BS,2024-04-22,Standard,13639.72
3496,Crystal Edwards,wallacebrenda@example.org,KR,2021-07-06,Basic,5893.48
3497,Andrew Ward,armstrongjoshua@example.org,MV,2023-03-05,Basic,12074.91
3498,Edward Roth,erose@example.org,FJ,2024-03-22,Basic,24818.88
3499,Robert Gomez,enelson@example.org,DE,2018-11-30,Premium,10642.55
3500,Matthew Kennedy,krystal74@example.org,GN,2018-11-14,Standard,3182.06
3501,Willie Cole,christine99@example.net,PG,2018-02-25,Premium,12998.48
3502,Tommy Wright,ericksonphillip@example.net,JO,2019-05-13,Premium,4934.19
3503,Robert Sullivan,chad60@example.org,DM,2019-04-11,Premium,22137.57
3504,Robert Bell,warnerangela@example.com,RW,2023-07-22,Premium,15654.12
3505,Jennifer Miller,millerwendy@example.net,NA,2023-11-19,Standard,3496.63
3506,Elizabeth Buchanan,marcfoster@example.com,JO,2024-02-19,Standard,9985.14
3507,Douglas Roberts,tmarshall@example.net,MT,2021-04-30,Premium,10886.99
3508,Makayla Velasquez,william81@example.com,AL,2021-04-20,Basic,23049.26
3509,Danielle Morton,mcneilsandra@example.com,PT,2021-01-15,Basic,8059.65
3510,Benjamin Tucker,,UG,2022-03-03,Basic,16255.52
3511,Dakota Branch,wallacedakota@example.org,PA,2019-08-03,Standard,13081.28
3512,Michael Henderson,haneyjoshua@example.org,DO,2020-04-17,Basic,23799.88
3513,Debra Carter,matthew96@example.com,IT,2022-03-01,Basic,15112.94
3514,David Stanley,elizabeth65@example.com,DK,2023-04-18,Standard,5265.43
3515,William Castillo,cardenasjessica@example.com,HN,2021-09-14,Basic,18003.26
3516,Sherri Sherman,christina99@example.org,MV,2019-07-09,Premium,13109.46
3517,Veronica Lewis,vrobbins@example.net,QA,2023-04-25,Premium,7942.20
3518,Joyce Garcia,krobinson@example.com,NP,2020-01-05,Premium,11762.34
3519,Brittney Hunter,sarahgonzalez@example.net,TJ,2018-01-23,Standard,17536.62
3520,Sarah Bennett,tara39@example.org,QA,2020-03-27,Basic,2346.20
3521,Jasmine Chavez,greenchristian@example.org,IS,2023-02-22,Standard,2367.86
3522,Rachel Kline,ylowery@example.com,AU,2023-04-04,Basic,3911.33
3523,Jacob Hansen,woodsjeremy@example.com,PL,2021-12-06,Basic,13978.90
3524,Bailey Love,btaylor@example.com,MC,2020-07-14,Standard,15720.54
3525,Kristin Lopez,karen64@example.com,GE,2020-02-29,Standard,7104.69
3526,Kimberly Carlson,garciakenneth@example.net,KH,2022-10-12,Basic,18233.08
3527,John Bradford,carolyoung@example.net,CO,2022-02-13,Basic,19174.72
3528,Ryan Garcia,vsanders@example.net,CZ,2020-11-09,Basic,13525.42
3529,Cameron Bass,murphychristine@example.org,MW,2020-04-09,Premium,14815.98
3530,Mrs. Mary Bowers,contreraskara@example.org,LR,2019-02-26,Basic,5411.04
3531,Jason Mathis,qlee@example.com,AE,2020-01-01,Standard,14091.49
3532,Kayla Taylor,foleyaaron@example.net,SZ,2019-06-03,Basic,14682.93
3533,Brenda Gallagher,elizabeth69@example.net,BF,2022-04-18,Standard,14391.39
3534,Melissa Preston,mwoods@example.net,GM,2024-08-22,Basic,6930.94
3535,Dennis Baker,snyderpamela@example.com,YE,2024-11-27,Basic,22730.74
3536,William Chase,tara61@example.net,CU,2020-05-07,Premium,66.77
3537,Benjamin Esparza,natashasmith@example.org,GB,2020-08-07,Premium,2283.46
3538,Nicholas Sanders,david61@example.net,ZM,2024-11-23,Premium,3583.33
3539,Michelle Poole,jakegreen@example.org,FM,2023-05-02,Premium,8083.45
3540,Lisa Henderson,logangarrett@example.net,BI,2018-08-02,Premium,12792.63
3541,Joel Hill,dylanharrington@example.net,BJ,2022-12-06,Standard,16621.06
3542,Morgan Barrett,donald82@example.net,MZ,2021-09-01,Standard,12509.38
3543,Susan Thompson,stevengreen@example.net,TN,2019-04-26,Premium,14003.63
3544,Scott Mayer,jackson96@example.com,IL,2022-03-26,Standard,17656.11
3545,Joseph Wolf,laurieburgess@example.com,MA,2021-12-25,Standard,20966.24
3546,Jessica Rodriguez,joneskrista@example.org,GN,2021-07-22,Basic,1954.99
3547,David Jacobs,floresvictor@example.org,LT,2024-10-15,Premium,23884.00
3548,Gregory Leonard,wiserenee@example.net,DM,2021-02-11,Basic,3572.10
3549,Kerry Hickman,jacksonmichael@example.org,FM,2022-11-26,Basic,11041.17
3550,Micheal Adams,dmckay@example.org,CI,2020-10-23,Basic,3005.99
3551,Stephen Levy,nhardy@example.org,ET,2022-11-19,Basic,8704.51
3552,Edward Nichols,thompsonluis@example.net,VN,2018-04-14,Standard,21384.31
3553,Tiffany Mcdonald,jennifercordova@example.net,FJ,2021-11-18,Basic,10601.95
3554,Heather Burns,kathryn19@example.net,CY,2024-12-02,Basic,21907.37
3555,Jerry Fleming,brownemma@example.com,PH,2020-02-22,Standard,9355.15
3556,Michael Simmons,phillip76@example.org,CA,2018-02-13,Premium,11052.01
3557,Travis Carter,jamiejohnson@example.org,ST,2023-11-25,Premium,140.36
3558,James Wright,belindamartin@example.com,DZ,2021-06-25,Standard,2352.71
3559,Kayla Walker,laurenwilliams@example.com,KZ,2022-02-19,Standard,12569.83
3560,Kelly Miller,bperez@example.com,JP,2018-02-23,Basic,6825.70
3561,Brittany Smith,adamwilliamson@example.org,SY,2021-01-31,Basic,11968.37
3562,Joshua King,kimjennifer@example.com,VA,2018-06-29,Basic,17606.61
3563,Pamela Clark,knguyen@example.net,ES,2021-01-28,Basic,1430.68
3564,Heather Davis,palmerchristine@example.net,SO,2024-06-01,Premium,21579.63
3565,Michelle Anderson,jaredwilliams@example.org,NL,2023-04-13,Basic,15806.00
3566,Jesse Anderson,benjamin83@example.org,MA,2023-07-02,Premium,11836.21
3567,Mckenzie Vega,james75@example.org,TR,2024-02-13,Premium,954.84
3568,Jeffrey Berry,lindaniel@example.com,KN,2018-04-29,Basic,22356.63
3569,Caleb Larsen,jsalazar@example.com,ZA,2019-09-20,Basic,18404.90
3570,Alexandra Clark,kingjoshua@example.com,BI,2019-06-24,Premium,10489.31
3571,Jean Graham,betty00@example.net,ST,2019-05-05,Premium,11084.45
3572,Richard Rivera,garciajessica@example.org,RW,2018-09-13,Standard,2436.89
3573,Charles Dougherty,zacharywillis@example.com,BY,2024-02-07,Standard,24585.09
3574,Aaron Meyers,tgilbert@example.com,BZ,2020-03-06,Basic,15350.09
3575,Patricia Martinez,jeanettewatson@example.net,HN,2018-03-10,Standard,20931.84
3576,Brandi Mcguire,nguyenmary@example.org,PH,2021-07-20,Basic,4230.34
3577,Makayla Young,jody47@example.com,EC,2024-07-31,Basic,23607.52
3578,Nichole Rhodes,brandon11@example.org,LS,2023-10-16,Premium,23513.63
3579,Ruth Flores,ddavenport@example.com,MA,2022-07-10,Standard,20942.92
3580,Kimberly Morales,christopherwallace@example.net,TZ,2018-09-09,Premium,4823.50
3581,David Scott,leah88@example.org,MA,2023-08-17,Premium,18223.93
3582,Kaitlin Copeland,tjones@example.org,EE,2018-12-10,Premium,11084.97
3583,Stephanie Richardson,susan45@example.net,EG,2021-02-02,Basic,4967.09
3584,Noah Gomez,cramos@example.com,US,2023-09-02,Standard,4324.21
3585,Sarah Rodriguez,kristenmayo@example.net,GR,2018-01-14,Standard,6844.08
3586,Eric Rivera,cmata@example.com,LR,2021-12-07,Premium,8536.31
3587,Melanie Miller,cbuck@example.org,MG,2024-05-16,Basic,2152.38
3588,Tracey White,jamesfletcher@example.net,MT,2023-03-12,Premium,2906.54
3589,Thomas Gonzalez,vreynolds@example.org,CO,2019-01-06,Premium,18238.76
3590,Madison Beasley,adrianmcneil@example.com,IT,2020-01-31,Standard,14778.71
3591,Brian Wilson,jessicaarmstrong@example.net,QA,2018-03-24,Premium,19718.42
3592,Shannon Wheeler,vgarcia@example.net,MX,2020-06-09,Basic,9363.24
3593,Susan Chase,jasonrhodes@example.net,SR,2018-11-29,Basic,23580.93
3594,Megan Khan,williamgross@example.net,VE,2021-06-14,Basic,16057.93
3595,Kayla Garcia,kimberly97@example.com,MC,2020-02-22,Basic,18895.81
3596,Michael Mosley,newmanthomas@example.com,TZ,2019-06-28,Standard,1333.38
3597,Kevin Carr,kimberly57@example.net,BA,2021-03-21,Premium,6974.08
3598,Sheila Collins,hornbradley@example.com,TT,2024-05-03,Standard,10349.57
3599,Carolyn Simmons,vbowman@example.com,TD,2020-02-11,Standard,22089.21
3600,Randy Greer,norrisanthony@example.net,IL,2019-12-27,Standard,6483.85
3601,Kevin Gillespie,samanthablack@example.net,DZ,2022-12-06,Standard,2310.30
3602,Latoya Brown,ucox@example.com,SD,2021-12-25,Basic,9090.33
3603,Tammy Crawford,zwade@example.net,BN,2023-11-13,Standard,20737.50
3604,Joseph Ferrell,vickiebyrd@example.com,MD,2019-11-30,Premium,23741.63
3605,Zachary Pearson,drakemary@example.com,MW,2024-07-25,Standard,3892.61
3606,Thomas Walsh,lesliejohnson@example.net,AD,2024-05-18,Premium,24843.89
3607,Joseph Hughes Jr.,jamesdawson@example.com,JM,2022-11-13,Standard,16150.20
3608,Tanner Ortiz,david85@example.net,BD,2021-03-28,Premium,8554.53
3609,Courtney Hubbard,sarahvega@example.com,KW,2023-08-26,Basic,20746.44
3610,Jimmy Edwards,lisa49@example.com,DE,2021-01-06,Premium,12831.81
3611,Michael Lopez,johnolson@example.org,JP,2020-05-13,Standard,5456.37
3612,Logan Mercado,jenniferedwards@example.com,MD,2020-12-04,Premium,23047.98
3613,William Gentry,benjaminjenkins@example.com,ID,2023-10-19,Basic,15777.84
3614,Jason Parker,anne76@example.org,DJ,2023-05-01,Premium,11681.17
3615,Justin Ho,fryedylan@example.net,ES,2021-08-15,Standard,14094.24
3616,Alexis Barnes,kimrichard@example.org,DO,2024-08-07,Premium,8059.30
3617,Susan Weaver,dianachen@example.com,MV,2019-03-05,Basic,8972.10
3618,Jason Neal,emilyzuniga@example.com,MN,2018-02-02,Premium,10535.19
3619,Todd Carpenter,martinezricky@example.net,LT,2021-10-02,Standard,16197.03
3620,Jonathan Freeman,sandra33@example.net,CU,2019-02-15,Premium,22828.72
3621,Scott Lee DDS,bakermadison@example.org,AT,2021-06-08,Premium,11671.03
3622,Melissa Summers,ucunningham@example.net,CV,2020-02-02,Premium,10975.22
3623,Jessica Hickman,whitegina@example.org,BH,2024-11-30,Standard,14839.37
3624,Jade Rogers,moralesstephen@example.net,AZ,2022-11-17,Basic,9983.34
3625,Todd Ford,blancharderika@example.org,AZ,2020-09-24,Standard,18084.31
3626,Kevin Clark,cheryl76@example.net,PY,2024-09-27,Standard,12063.94
3627,Susan Reyes,arnoldjames@example.org,TW,2022-07-02,Standard,1003.22
3628,Crystal Navarro,yangeric@example.com,CF,2020-08-17,Basic,2696.38
3629,Ashley Horn,angelmiller@example.org,NI,2022-10-11,Standard,23849.55
3630,Anthony Hansen,williampearson@example.com,AE,2022-06-30,Basic,713.88
3631,Jesse Brown,christine57@example.net,SR,2023-09-29,Premium,23058.84
3632,Jill Jackson,bryanlee@example.org,MD,2024-09-10,Basic,23571.16
3633,Sandra Burgess,choitina@example.org,NL,2020-03-23,Basic,18796.25
3634,Kristen Valenzuela,robert65@example.net,TT,2019-06-17,Basic,8328.68
3635,Patrick Nelson,lucasolivia@example.com,OM,2018-08-09,Premium,7731.84
3636,Mark Rangel,eneal@example.com,SY,2019-08-03,Standard,11467.84
3637,Debbie Alexander,robert77@example.com,BF,2019-11-09,Standard,21.08
3638,Angelica Stein DDS,jashley@example.net,KP,2019-08-28,Premium,22073.87
3639,Joseph Pope,williamzhang@example.com,LA,2021-05-19,Standard,2009.38
3640,Michelle Campos,david00@example.com,FJ,2020-08-25,Premium,10913.72
3641,Angela Black,yjohnson@example.net,VC,2020-09-29,Premium,17117.84
3642,Jose Norton,vaughntamara@example.com,MT,2022-03-13,Premium,11933.60
3643,John Berg,cynthia27@example.net,SL,2021-11-12,Premium,11770.02
3644,Bryce Thompson,dennis53@example.com,GQ,2022-06-03,Basic,5312.30
3645,Angela Ross,millercassandra@example.net,TH,2023-04-19,Basic,9407.29
3646,Kristi Boyd,galvandavid@example.org,MD,2023-03-14,Basic,6068.55
3647,Misty Morales,richardsonbenjamin@example.com,CF,2019-01-28,Standard,3212.56
3648,Travis Ruiz,brian33@example.com,SY,2019-07-01,Standard,19331.51
3649,Monique Harper,plyons@example.com,NG,2021-03-05,Basic,18259.30
3650,Anthony Villegas,johnsonmaria@example.org,BF,2022-10-06,Basic,9846.26
3651,Amber Rodriguez,anthony20@example.com,BE,2018-10-21,Standard,12207.73
3652,Maurice Cunningham,ginaconrad@example.org,MA,2024-07-30,Premium,5542.35
3653,Casey Miller,christineblackwell@example.com,VU,2024-10-28,Premium,19196.10
3654,Kara Wong,danielle96@example.com,UG,2022-02-20,Standard,8496.27
3655,Victoria Goodman,marie25@example.org,MV,2018-01-07,Basic,14979.25
3656,Melanie Gallagher,sullivandaniel@example.net,GH,2022-06-19,Premium,16139.43
3657,Andrew Leon,christopher33@example.com,VA,2019-07-20,Standard,4699.26
3658,Sheena Clarke,xfigueroa@example.net,UZ,2020-05-15,Standard,10885.02
3659,Joseph Paul,awang@example.net,LB,2021-10-22,Standard,16351.12
3660,Randall Stokes,qturner@example.org,ML,2022-10-10,Premium,7124.10
3661,Lisa Myers,hillbrianna@example.org,SG,2022-05-04,Basic,20531.88
3662,Tyler Robles,vjackson@example.org,GQ,2018-05-23,Standard,23962.82
3663,David Rivera,qclark@example.com,HN,2022-09-24,Premium,4088.57
3664,William Doyle,davisdarryl@example.net,BG,2023-10-21,Premium,11623.07
3665,Kelly Owen,haydenjohn@example.net,NO,2018-12-05,Standard,17151.64
3666,Lisa Barnett,candace21@example.org,MK,2019-02-20,Basic,21561.66
3667,Jennifer Porter,brianhopkins@example.net,MD,2018-02-20,Premium,7975.64
3668,Donald Giles,richbill@example.org,CY,2024-06-11,Basic,9599.76
3669,Jennifer Moore,ibates@example.org,LT,2023-02-06,Premium,12153.48
3670,Elizabeth Mckenzie,jmorse@example.org,VC,2022-07-04,Standard,19283.99
3671,Tracy Nash,thomas49@example.net,SR,2021-05-25,Standard,6466.23
3672,Eric Smith,brandywalls@example.org,RO,2019-04-20,Basic,20178.13
3673,Tamara Fleming,christopherjordan@example.com,EG,2023-01-19,Basic,9320.63
3674,Mr. Robert Cooper Jr.,rodneylin@example.com,VN,2023-04-24,Basic,8376.59
3675,Kelly Montgomery,vshepard@example.com,IT,2024-01-01,Standard,2791.80
3676,David Hayes,tammy34@example.org,CI,2020-01-03,Standard,13292.79
3677,Tammy Taylor,robertzamora@example.org,FM,2022-04-20,Basic,2000.23
3678,Lance White,ecook@example.net,TT,2018-01-29,Standard,23705.03
3679,James Wright,rodriguezmary@example.net,JO,2024-08-14,Standard,4940.33
3680,Karen Sanchez,richard15@example.com,TG,2024-11-22,Basic,21805.13
3681,Brandy Anderson,mindybrown@example.com,AT,2022-11-17,Premium,11619.08
3682,Gabriela King,delacruztammy@example.org,MT,2018-06-13,Premium,21697.42
3683,Michael Cole,john03@example.com,GQ,2023-03-01,Standard,1251.84
3684,Stephen Santos,ajones@example.net,CF,2024-09-20,Basic,9232.41
3685,Edward Brennan,robert11@example.org,YE,2022-10-10,Standard,16874.91
3686,Joshua Smith,angelafreeman@example.org,MY,2018-04-07,Basic,6680.89
3687,Francis Macias,cindy85@example.net,MZ,2021-04-16,Standard,10426.51
3688,Hayden Nguyen,christopher02@example.net,TG,2023-01-04,Standard,7442.08
3689,Casey Taylor,robinmills@example.net,MU,2018-05-26,Basic,2792.08
3690,Andrew Schaefer,peter98@example.com,EC,2018-05-30,Basic,18467.01
3691,Stephanie Holder,shane05@example.org,BD,2020-10-15,Premium,2101.17
3692,Michael Franco,lisafernandez@example.com,BW,2019-01-23,Premium,18169.69
3693,Nicole Jackson,samanthaclark@example.com,MU,2023-07-15,Standard,22317.92
3694,Veronica Martinez,vnoble@example.com,ST,2021-11-15,Standard,17224.80
3695,Jeffrey Weaver,jacob28@example.com,SZ,2020-09-26,Basic,20512.14
3696,Allen Sanchez,wagnerroberta@example.com,TJ,2024-05-19,Standard,1016.02
3697,Derrick Booker,russellelizabeth@example.org,GN,2021-08-30,Standard,957.18
3698,Mark Li,timothy56@example.org,FI,2024-10-31,Basic,15945.36
3699,Betty Brock,tporter@example.org,BG,2019-02-19,Standard,12815.81
3700,Daniel Schmidt,irobinson@example.com,GN,2018-11-19,Standard,23186.01
3701,Maureen Martinez,lisa70@example.com,KN,2021-05-21,Standard,10018.49
3702,David Hines,markmorgan@example.com,SK,2020-01-24,Basic,6421.45
3703,Rachel Sutton,dstafford@example.net,AZ,2018-11-21,Standard,24129.00
3704,Brian Woods,wardbrandy@example.net,JO,2020-02-24,Basic,6524.39
3705,Matthew Hall,vskinner@example.com,UZ,2021-05-26,Basic,12850.99
3706,Victor Ramirez,julie67@example.net,GT,2020-09-25,Basic,19973.85
3707,Michael Hanson,hannafrank@example.net,UY,2022-03-13,Basic,11822.96
3708,Joseph Hardin,qjohnson@example.com,DK,2022-11-25,Standard,18671.74
3709,Lucas Case,susan64@example.org,RU,2020-01-31,Standard,12539.08
3710,Mark Wheeler,briananderson@example.net,BE,2018-07-07,Basic,9966.77
3711,Tyler Johnston,bensonjohn@example.net,SB,2020-01-13,Basic,7122.81
3712,Peter Thomas,johncoleman@example.net,BF,2018-01-21,Standard,5178.41
3713,Stephen Hampton,johnsonemily@example.org,MM,2022-08-25,Basic,3244.17
3714,Christine Ramirez,markellis@example.org,ZW,2020-12-29,Standard,14976.99
3715,Katherine Dixon,cathy95@example.com,MC,2021-07-27,Premium,5533.09
3716,Mary Phillips,vpeterson@example.net,TN,2018-03-16,Basic,8115.22
3717,Jacob Vance,peggy36@example.org,TM,2018-09-19,Basic,7195.78
3718,Angela Wilson,nancy41@example.net,GR,2024-10-31,Standard,14697.85
3719,Teresa Norris,jocelynbates@example.com,CV,2024-09-04,Standard,13536.45
3720,Amy Chavez,kimberlyjones@example.net,KW,2023-05-03,Basic,314.18
3721,Austin Soto,christophercollier@example.com,RW,2021-10-27,Standard,8659.16
3722,Edward Hernandez,billyroman@example.org,PY,2022-12-26,Premium,11548.69
3723,Pamela Keith,gharris@example.net,SY,2023-08-06,Premium,13306.01
3724,Trevor Lopez,felicia32@example.net,BW,2019-11-28,Basic,9751.53
3725,Nancy Mitchell,alec29@example.org,NZ,2022-07-09,Premium,16517.46
3726,Mathew Bauer,johnstonchristopher@example.net,BT,2024-05-29,Premium,15784.60
3727,Stephanie Ward,michaelarmstrong@example.net,TN,2024-04-18,Standard,2077.30
3728,Alexander Buckley,qfranklin@example.org,CR,2023-12-10,Standard,7600.82
3729,Mary Strong,kevin01@example.net,UG,2021-07-15,Standard,16862.53
3730,Vincent Wilson,joyce34@example.net,KN,2018-05-02,Premium,15621.57
3731,Barry Lewis,dholt@example.com,ST,2019-11-14,Basic,8790.66
3732,Cody Allen,darrenwilson@example.org,DM,2022-11-03,Standard,24895.65
3733,Sonya Zimmerman,mcknightbenjamin@example.com,UA,2018-04-06,Standard,13910.99
3734,Kristina Martin,hawkinsdeanna@example.net,BJ,2023-07-04,Premium,9382.11
3735,Megan Turner,eric19@example.org,GD,2024-01-11,Premium,9460.72
3736,Leslie Palmer,lambertjames@example.com,TJ,2019-05-21,Premium,9893.74
3737,Melissa Davis,jesusjordan@example.net,MZ,2020-05-15,Premium,14268.63
3738,William Dickson DDS,pruittchristopher@example.net,GM,2020-01-02,Premium,19171.87
3739,Stephanie Davis,barronlaura@example.com,JP,2022-07-01,Basic,10212.90
3740,Robert Johnson,jenniferharrington@example.org,HU,2020-06-10,Standard,22511.47
3741,Robert Vargas,fjohnson@example.org,IE,2021-02-16,Standard,19262.49
3742,Karen Myers,mckenzietyler@example.com,GB,2019-03-09,Basic,22118.95
3743,Heather Heath,ehernandez@example.com,TW,2021-07-25,Basic,13390.68
3744,Autumn Johnson,eileenmoyer@example.net,ZA,2022-05-26,Premium,21476.41
3745,Matthew Farrell,stewartpamela@example.com,AT,2023-07-20,Standard,7157.09
3746,Olivia Berry,nheath@example.org,NO,2023-01-15,Premium,23097.76
3747,Joel Smith,richard96@example.com,LA,2019-12-29,Standard,7210.20
3748,Shannon Taylor,jefferymurray@example.org,SA,2023-12-22,Standard,19073.37
3749,Michael Mills,harringtonbethany@example.org,IS,2019-12-07,Basic,22682.02
3750,Kristin Gonzalez,javierlewis@example.org,GB,2022-04-20,Basic,16327.61
3751,Steve Osborne,justin88@example.net,FI,2022-09-10,Standard,4721.87
3752,Marilyn Sanchez,carol09@example.com,ER,2018-04-29,Basic,5604.82
3753,Samuel Nguyen,ginapierce@example.com,CH,2024-11-02,Basic,12584.03
3754,Eugene Berg,christinewilson@example.net,NL,2018-11-26,Basic,14264.62
3755,Tracey Calhoun,kimberlyyoung@example.com,SR,2022-08-02,Premium,8125.51
3756,Christine Page,randyhart@example.net,FI,2020-10-20,Premium,14232.65
3757,David Smith,heather64@example.com,MM,2023-04-17,Basic,2274.16
3758,Jennifer Roach,zachary74@example.org,MX,2022-02-25,Premium,18574.13
3759,Randall Anderson,dperez@example.com,LY,2022-05-14,Basic,12783.39
3760,Laura Castillo,martinezmichael@example.com,AF,2020-03-01,Premium,11444.22
3761,Ashley Parsons,lauren57@example.org,ST,2020-09-07,Premium,11804.22
3762,Eric Lewis,esnow@example.com,SO,2020-03-29,Standard,3316.25
3763,Brian Hughes,heathnatalie@example.org,BT,2018-09-23,Premium,5175.18
3764,Carol Goodman,pattonmatthew@example.net,ZM,2023-03-04,Standard,6126.17
3765,Wesley Browning,judithmason@example.org,MU,2024-10-06,Standard,24742.83
3766,Dawn Sweeney,vincentdavis@example.com,AR,2019-12-26,Standard,12505.37
3767,Shawn Rhodes,juan59@example.com,GQ,2019-04-01,Basic,20946.89
3768,Jeff Smith,yorkchristopher@example.com,BA,2019-10-15,Premium,11555.31
3769,Brittany Rowe,tanyabennett@example.net,PW,2018-10-14,Premium,18715.21
3770,Melissa Vaughn,zmanning@example.org,MW,2022-07-23,Basic,24888.36
3771,Crystal Richardson,dunlapmark@example.net,ZM,2022-04-28,Premium,19576.07
3772,William Richards,anthony99@example.org,NE,2020-12-01,Basic,13433.54
3773,Susan Johnson,jonesrobert@example.net,IL,2024-10-22,Basic,24730.22
3774,Nicole Valentine,joshuarose@example.com,TJ,2018-04-08,Standard,12020.19
3775,Seth Ali,sjohnson@example.com,EC,2018-09-02,Standard,20291.56
3776,Tanya Rivera,nancy14@example.org,UG,2018-06-13,Standard,9985.74
3777,Dawn Austin,vpatterson@example.com,CU,2023-09-27,Basic,16240.75
3778,Veronica Walton,skirby@example.com,NZ,2022-10-22,Premium,2590.58
3779,Grant Mason,rodrigueztammy@example.net,VC,2020-12-11,Basic,18839.45
3780,Mariah Griffin,brenda35@example.net,CL,2019-04-03,Basic,4223.84
3781,Michelle Pierce,robertoblankenship@example.net,UZ,2022-08-19,Basic,8495.87
3782,Mr. Tyler Phelps,martinezjennifer@example.com,ZW,2020-09-22,Standard,5252.12
3783,Joan Crane,blakenelson@example.net,KI,2019-02-02,Standard,16050.89
3784,Ann Mccall,glenn35@example.net,MG,2018-10-31,Standard,22479.88
3785,Rachel Eaton,daniellewebb@example.net,SN,2023-07-07,Premium,18924.51
3786,Michelle Villarreal,jberry@example.org,KM,2021-11-03,Standard,17229.85
3787,Thomas Perry,nicholas77@example.org,BS,2021-09-16,Standard,17489.04
3788,Justin Stephenson,houstonmichelle@example.com,AZ,2024-05-16,Standard,14860.70
3789,Kelly Wheeler,randolphsharon@example.com,ZA,2019-07-28,Premium,13044.48
3790,Audrey Butler,turnerrichard@example.com,MU,2018-04-17,Premium,22004.26
3791,Angela Garcia,bruceray@example.com,KI,2024-04-27,Standard,17845.08
3792,Randall Marks,ulewis@example.net,SI,2021-06-10,Basic,3957.56
3793,Shannon Cannon,johncooke@example.net,RO,2021-06-02,Standard,17826.97
3794,Kristin Roberson,dellis@example.com,TJ,2021-04-22,Premium,18593.33
3795,Barbara Thomas,geraldvelazquez@example.org,BT,2019-06-11,Premium,15186.24
3796,Monica Peters,piercefrank@example.org,NA,2022-04-23,Standard,15919.06
3797,Dr. Antonio Ortiz,bjenkins@example.org,SR,2018-04-25,Premium,14580.76
3798,Thomas Bridges,marialucas@example.com,PK,2019-08-31,Basic,301.67
3799,Eric Chang,theresamack@example.org,AL,2022-01-31,Basic,12714.79
3800,Willie Kennedy,griffinlisa@example.com,SK,2023-10-18,Standard,11924.36
3801,Kelsey Hunt,tellison@example.com,GB,2019-11-29,Standard,16096.29
3802,Lauren Martin,ymcbride@example.net,AU,2024-08-01,Basic,7857.41
3803,Stacy Robertson,william92@example.net,MD,2022-03-14,Standard,21635.22
3804,Katherine Torres,rgrimes@example.org,VE,2023-06-11,Basic,4228.02
3805,Anthony Wells,emily45@example.com,LB,2023-11-22,Standard,4384.68
3806,Jeffery Foster,christopher98@example.org,SC,2022-04-05,Premium,16718.62
3807,Zachary Nelson,aray@example.org,FI,2018-09-23,Standard,5620.63
3808,Phillip Fischer,lopeztheresa@example.com,VA,2020-04-25,Premium,3752.21
3809,Courtney Robinson DVM,stephaniewatson@example.com,GR,2024-10-28,Basic,19731.86
3810,Logan Baldwin,duartesteven@example.com,PS,2020-03-17,Standard,12469.76
3811,James Rogers,jrobertson@example.net,CZ,2024-05-21,Basic,22657.55
3812,James Mendoza,martinezjean@example.org,RO,2023-11-17,Premium,18534.45
3813,Laura Lucero,cortezmichael@example.org,MZ,2022-01-29,Basic,821.01
3814,Pamela Burke,jamesvasquez@example.org,GM,2019-02-09,Standard,12685.41
3815,Beverly Patel MD,xmoore@example.net,HT,2021-01-16,Basic,24041.40
3816,Steven Wall,tylerthompson@example.com,GB,2024-01-12,Premium,24260.93
3817,Ashley Hall,jennifersummers@example.net,MC,2018-08-18,Standard,14167.55
3818,Amy Daniels,douglas34@example.org,GA,2020-10-12,Premium,6401.80
3819,Alexandra Gonzalez,oliviagonzalez@example.org,ZM,2020-01-19,Basic,23408.34
3820,Stacy Robertson,michael12@example.com,KH,2020-09-30,Premium,17240.94
3821,Mr. Thomas Adams,scottvargas@example.net,BA,2023-02-12,Premium,1005.82
3822,Nicole Mcdaniel,woodsrobert@example.net,MV,2024-10-31,Standard,13799.39
3823,Stephanie Delgado,tphillips@example.com,KP,2019-01-10,Basic,4750.35
3824,Ronnie Thomas,tracy83@example.com,VN,2018-09-18,Premium,13063.94
3825,Jessica Johnson,jennifersoto@example.com,FJ,2018-09-07,Premium,5689.66
3826,Wanda Morrison,christina42@example.net,TH,2024-07-26,Basic,11932.06
3827,Robert Johnson,maustin@example.com,GD,2019-02-07,Basic,22041.02
3828,Shannon Byrd,steeleandrew@example.org,BY,2018-07-29,Standard,19750.40
3829,Jacqueline Perkins,zmaynard@example.com,BR,2018-10-27,Premium,11957.48
3830,Monica Anderson,fosterryan@example.net,CF,2022-12-16,Premium,11900.90
3831,Margaret Saunders,olucas@example.com,SA,2019-02-14,Basic,14734.40
3832,Brandon Evans,jwright@example.net,MK,2024-09-16,Standard,7499.02
3833,Ann Cross,allisonlopez@example.org,PW,2018-02-09,Basic,10743.89
3834,Christian Nguyen,rallen@example.com,KE,2019-04-02,Basic,22162.94
3835,Michael Perry,christina94@example.org,FR,2020-03-08,Basic,20144.15
3836,Hannah French,robert65@example.org,BO,2024-11-21,Standard,24805.94
3837,Jose Robinson,hernandezmelissa@example.org,HR,2020-10-28,Standard,15033.85
3838,Robert Mcdonald,omarbennett@example.net,CH,2023-07-11,Basic,4413.30
3839,Heather Myers,tharris@example.org,DO,2023-09-09,Standard,12855.01
3840,Christine Hull,nadams@example.net,BI,2021-05-12,Standard,21681.52
3841,James Robles,johnsonalex@example.net,SI,2020-10-16,Standard,6882.21
3842,Nathan Acosta,vclark@example.org,NG,2024-04-17,Basic,7720.10
3843,Thomas West,elizabethpalmer@example.net,ML,2022-12-08,Premium,24430.72
3844,Diana Washington,ynorton@example.net,SV,2020-01-17,Standard,162.93
3845,Craig Davis,xcarter@example.net,KM,2023-09-19,Standard,12394.70
3846,Margaret Hansen,mitchellkaren@example.org,VC,2020-01-03,Premium,19010.95
3847,Jeffrey Andrews,jonathan73@example.net,HT,2021-06-01,Premium,23132.38
3848,Patricia Khan,david90@example.net,LS,2022-12-21,Standard,15947.07
3849,Gregory Archer,scottlindsey@example.com,SZ,2024-01-16,Premium,4839.89
3850,Brandon Rice,tiffanyhill@example.com,MH,2019-03-22,Premium,5330.41
3851,Robert Romero,wesleyfoster@example.net,LI,2023-08-18,Standard,8000.40
3852,David Hunt,zramirez@example.net,DZ,2023-12-13,Standard,2572.93
3853,Timothy Evans,michaelrice@example.net,LS,2021-05-14,Basic,5257.30
3854,Brian Wilkins,paul38@example.com,BI,2019-09-26,Standard,3909.69
3855,Joshua Clark,robert46@example.com,AD,2022-06-11,Premium,21308.93
3856,Laurie Brown,cpowell@example.com,PK,2024-11-04,Basic,3928.32
3857,Thomas Martinez,simmonsjacob@example.org,LU,2023-10-17,Standard,16337.27
3858,Paul Acosta,whale@example.net,NE,2022-09-04,Basic,6734.58
3859,Michelle Miles,williamsmaria@example.org,KW,2020-12-12,Standard,23358.25
3860,Connie Robinson,meganperry@example.net,HR,2021-05-28,Standard,3624.66
3861,Brian Walker,leslie00@example.org,TZ,2021-09-28,Basic,8848.34
3862,Scott Lee,rodrigueznancy@example.org,BJ,2021-07-15,Standard,7700.42
3863,Edward Gomez,idavis@example.org,MR,2024-04-26,Standard,19067.38
3864,Janice Rocha,harpercathy@example.net,CI,2018-01-24,Standard,1382.69
3865,James Mueller,barry55@example.org,TR,2022-08-02,Standard,16144.82
3866,Robert Cochran,martharay@example.net,OM,2019-07-28,Standard,19176.21
3867,Jeffrey Keller,webbamanda@example.net,KR,2018-03-21,Basic,5055.33
3868,Brittany Jefferson,karengould@example.net,VC,2020-11-14,Standard,20813.79
3869,Sarah Hays,henryrhonda@example.org,US,2018-04-07,Standard,10687.46
3870,Christian Garza,lisajones@example.org,IT,2022-04-16,Standard,13951.70
3871,Carla Taylor,blake03@example.com,GD,2020-03-27,Premium,15438.90
3872,Timothy Crawford,paul74@example.net,AF,2022-12-08,Standard,2670.86
3873,Brian Vaughn,rebeccamccormick@example.net,CO,2020-09-22,Premium,8137.08
3874,Marie Rangel,xvargas@example.org,NP,2023-05-19,Basic,14823.51
3875,Michael Jackson,spencerbrandon@example.net,BI,2018-07-08,Basic,9751.58
3876,Stephanie Contreras,michellepage@example.org,GD,2023-06-18,Premium,7003.57
3877,Lisa Walker,whitemichael@example.net,SE,2024-10-21,Basic,9375.47
3878,Lauren Herman,pattersonedward@example.org,JM,2019-02-20,Premium,15990.72
3879,Gina Jordan,singletonnicole@example.net,MW,2021-02-04,Basic,9236.22
3880,Laura Sullivan,rasmussenmichael@example.com,DK,2021-03-10,Premium,11796.02
3881,Charles Williams,laurasmith@example.org,NA,2018-10-31,Standard,24429.47
3882,Patty Pugh,kingjulie@example.com,BB,2022-08-22,Premium,21848.77
3883,Meredith Holt,qmeadows@example.org,TG,2024-08-12,Standard,14352.20
3884,Denise Elliott,juan50@example.com,AG,2024-04-20,Premium,10956.53
3885,Robin Singh,gutierrezdavid@example.com,IN,2021-09-04,Basic,13664.63
3886,Jeffrey Grant,ashley07@example.com,CV,2020-12-03,Basic,13275.69
3887,Denise Torres,robertsmichael@example.net,PA,2021-04-08,Basic,546.30
3888,Cassidy Charles,shawn69@example.org,US,2018-10-06,Basic,17785.07
3889,Christie Davis,tyler86@example.org,PW,2021-07-09,Standard,22627.59
3890,Megan Bennett DDS,taylorkimberly@example.net,MW,2023-01-01,Basic,22114.63
3891,Robert Bernard,martinezpeter@example.org,WS,2020-01-25,Standard,11708.16
3892,Jessica Tate,candice24@example.com,SY,2023-03-03,Standard,8325.30
3893,Lynn Hartman,cwebb@example.org,MY,2020-11-26,Standard,15090.42
3894,Christopher Jimenez,sunderwood@example.org,DJ,2018-04-05,Premium,2979.76
3895,Jack Donovan,jamielove@example.org,LI,2022-08-10,Standard,9907.70
3896,Christopher Harris,matthewnewton@example.org,AD,2023-06-16,Premium,20791.86
3897,Natasha Mills,caroline17@example.org,CD,2018-09-04,Basic,9336.86
3898,Samuel Morgan,alanward@example.net,GT,2024-05-06,Standard,24891.36
3899,Randall Lopez,robertsonnathan@example.com,AM,2023-08-28,Standard,19753.44
3900,Tyler Hanson,elizabeth32@example.org,RS,2023-07-09,Standard,14370.39
3901,Becky Munoz,sandralane@example.com,CH,2018-10-02,Basic,1888.81
3902,Brian Olsen,campbellanthony@example.net,RU,2019-01-13,Basic,19514.71
3903,Deborah Meadows,erinreid@example.com,UA,2023-12-19,Premium,19964.77
3904,Brittany Russo,avilacolin@example.org,NP,2018-12-26,Basic,23062.42
3905,Bridget Davis,kdean@example.net,CH,2024-11-03,Basic,24823.74
3906,Kathryn Delgado,brockashley@example.org,KR,2018-10-27,Basic,10773.67
3907,Jason Holder,rcochran@example.com,ML,2021-02-08,Standard,11282.21
3908,Jocelyn Campbell,michelle63@example.net,KG,2019-09-16,Basic,8260.74
3909,Tiffany Thomas,jholloway@example.com,KR,2020-01-15,Basic,14380.59
3910,Cody Fowler,markjones@example.com,SL,2023-02-03,Basic,19527.82
3911,Nicole Spencer,brandon34@example.com,MM,2022-11-07,Premium,10036.65
3912,Noah Lopez,qmoore@example.com,MY,2021-04-18,Premium,15592.24
3913,James Gray,patelamber@example.com,KG,2022-05-17,Premium,213.45
3914,Michael Mason,sharpdavid@example.net,PW,2021-08-13,Standard,3762.37
3915,Benjamin Wilkinson,jenniferprice@example.com,UY,2020-07-01,Basic,16863.46
3916,Jacob Brady,randydavis@example.net,AU,2021-08-30,Basic,11443.83
3917,Mr. Steven Miller,jeffrey10@example.com,BR,2020-03-31,Basic,23133.91
3918,Dustin Thomas,wvelazquez@example.net,PL,2024-06-20,Premium,4721.18
3919,Timothy Lewis,hdavis@example.net,ML,2019-08-31,Premium,7712.04
3920,Robert Eaton,bmartin@example.net,PT,2019-02-18,Premium,13335.55
3921,Alexander Williams,latoyaturner@example.com,KI,2018-06-11,Premium,13501.91
3922,Kathleen Rodgers,lisa61@example.net,SM,2018-10-11,Standard,21763.90
3923,Anna Cantu,tbrown@example.org,CI,2020-07-31,Basic,5220.18
3924,Kevin Porter,jeff63@example.net,CN,2021-05-25,Premium,10607.09
3925,Dylan Dillon DVM,jasonmartin@example.org,GT,2021-01-15,Premium,23407.56
3926,Erica Hawkins,csmith@example.org,LA,2020-06-08,Standard,682.41
3927,Erik David,laurenpeters@example.com,PK,2022-12-06,Premium,20853.93
3928,Scott Scott,wheath@example.com,MZ,2022-03-17,Premium,11098.81
3929,Michael Cole,fernandoriddle@example.org,CL,2020-05-04,Standard,1230.36
3930,Catherine Mcdaniel,davidcalderon@example.org,SC,2022-12-02,Standard,4965.94
3931,Tyler Martin,kathryn26@example.com,KN,2022-04-08,Basic,20362.49
3932,Linda Gonzalez,escobarjennifer@example.com,BA,2019-01-16,Premium,12667.58
3933,Sara Hudson,mcculloughrichard@example.com,AU,2024-06-26,Basic,12912.40
3934,Kimberly Hinton,whitejohnny@example.com,GA,2019-10-30,Premium,3008.96
3935,Ms. Monica Lane DVM,rodriguezabigail@example.com,NR,2023-06-27,Basic,15121.21
3936,Christian Green,johnsonpaul@example.org,PT,2021-07-21,Standard,4774.53
3937,Anita Sherman,parkerjennifer@example.org,MT,2019-01-07,Basic,8996.46
3938,Travis Davis,lbarber@example.com,ML,2020-11-11,Basic,2799.81
3939,Samantha Drake,ashley42@example.org,VU,2023-02-15,Premium,181.39
3940,Kenneth Gonzalez,clarkmelissa@example.org,FM,2022-09-17,Standard,24039.22
3941,Kenneth Thompson,hmurray@example.com,PY,2019-02-14,Standard,9009.81
3942,Keith Ward MD,clarkkimberly@example.org,RU,2021-06-23,Premium,10853.72
3943,Kyle Richards,kimforbes@example.org,SY,2021-05-16,Premium,24992.66
3944,Rebecca White,mwyatt@example.org,UZ,2018-12-12,Basic,16089.55
3945,Meghan Burns,bwilson@example.org,BY,2022-05-16,Standard,396.25
3946,Danny Rodriguez,alicia04@example.com,EG,2021-01-30,Basic,16183.99
3947,Jennifer King,katherinegreen@example.net,UY,2021-08-17,Premium,3518.40
3948,Aaron Barber,ydavis@example.com,PK,2020-10-16,Premium,14114.48
3949,Alicia Combs,cooperrebecca@example.org,SM,2019-06-09,Basic,3893.96
3950,Alyssa Gibson,omurray@example.com,PG,2023-04-09,Premium,1529.54
3951,Andrew Lowe,williamshoward@example.org,PK,2020-05-09,Basic,16523.80
3952,Eric Craig,coxlauren@example.net,TM,2022-03-03,Basic,10371.91
3953,Christopher Adams,christine71@example.net,GB,2019-10-08,Standard,4310.50
3954,Heidi Fleming,ericwalter@example.com,AF,2023-10-26,Premium,18549.17
3955,Michael Parker,basssteven@example.com,GA,2020-01-14,Standard,21976.94
3956,Catherine Copeland,lsmith@example.com,SE,2019-03-25,Premium,749.50
3957,Jordan Watts,cwebster@example.net,LV,2020-04-15,Standard,10091.36
3958,Kara David,edowns@example.net,KE,2022-03-09,Standard,15547.84
3959,Tiffany Moon,fhill@example.org,DO,2018-04-27,Premium,8289.55
3960,Chris Foster,zbarrett@example.com,UG,2023-04-12,Premium,18373.77
3961,Shane Baker,april66@example.net,IL,2019-08-15,Standard,1162.49
3962,Mackenzie Compton,baileymeagan@example.net,GY,2022-03-25,Basic,18063.07
3963,Jeremy King,deborah24@example.org,MM,2019-11-27,Premium,2502.88
3964,Jon Burke,hansenjoshua@example.net,SL,2021-11-29,Premium,2303.10
3965,Emily Perez,marvin03@example.com,MG,2018-09-29,Premium,24218.26
3966,Sean Johnson,xwarren@example.org,SN,2023-03-18,Standard,21403.51
3967,Nicholas Watson,lcarpenter@example.net,UZ,2024-01-08,Standard,3360.13
3968,Jason James,hortonjoshua@example.org,PY,2024-10-06,Basic,18.04
3969,Daniel Ponce,christopher06@example.org,EE,2023-05-05,Standard,22488.72
3970,Michelle Roberson,dale26@example.com,SI,2020-11-18,Premium,8071.91
3971,Joseph Welch,sharris@example.com,PT,2024-01-21,Standard,23922.63
3972,Jeffery Holt,vshields@example.org,HU,2019-01-30,Standard,12320.04
3973,Scott Taylor,ygonzalez@example.net,VN,2024-05-28,Premium,3145.82
3974,Brian Wheeler,ericksonkatherine@example.com,BJ,2023-10-10,Premium,20136.19
3975,Brandon White,egraham@example.net,CG,2019-08-08,Premium,16480.25
3976,Linda Wilson,tiffany49@example.com,PY,2019-01-24,Basic,10095.96
3977,Julie Holmes,michellejohnson@example.org,IN,2024-11-24,Premium,6244.47
3978,Steve West,joseph78@example.net,GE,2020-10-23,Premium,18250.76
3979,Allison Stokes,elizabeth26@example.org,ER,2021-05-18,Standard,17761.51
3980,Alyssa Powell,wcook@example.com,BH,2023-03-08,Basic,14769.62
3981,Mr. Thomas Weaver,pughcarol@example.org,WS,2023-10-19,Basic,24691.07
3982,Brandon Robinson,andersontravis@example.com,MM,2020-12-28,Premium,8198.60
3983,Leah Sanford,gravestammy@example.org,SB,2022-03-16,Basic,3630.52
3984,Jonathan Smith,burnscarl@example.org,YE,2018-05-21,Basic,22650.36
3985,Jennifer Davidson,tannerlori@example.com,BB,2022-04-27,Basic,1200.46
3986,Vincent Rose DDS,scott48@example.org,AG,2020-03-21,Premium,358.04
3987,Joseph Mack,vlewis@example.net,JM,2018-05-20,Premium,4047.13
3988,Adrienne Carter,christine72@example.net,BG,2021-08-14,Premium,14302.17
3989,Chelsea Camacho,latoyahartman@example.com,HN,2023-06-05,Standard,4693.71
3990,Angela Vasquez,julie84@example.com,IQ,2024-06-22,Standard,11302.60
3991,Krista Hopkins,wendy93@example.org,FR,2020-05-29,Standard,15532.81
3992,Valerie Johnson DDS,ryan52@example.com,VN,2024-02-14,Standard,2945.48
3993,Amy Paul,jamiebarr@example.org,CO,2021-02-18,Basic,19212.78
3994,Linda Dean,bgonzalez@example.net,DM,2021-10-13,Standard,24917.14
3995,Heather Brandt,joseph03@example.org,OM,2020-02-03,Standard,8524.57
3996,Leslie Pratt,linda02@example.net,PL,2023-06-20,Basic,11407.90
3997,Christopher Wilson,jason85@example.org,AO,2019-01-31,Basic,21405.36
3998,Curtis Beck,hollychang@example.net,MV,2023-10-28,Standard,1577.94
3999,Beth Kerr,allison10@example.net,GW,2022-02-05,Standard,16057.32
4000,Amy Yu,alyssa73@example.net,MK,2024-02-04,Premium,2364.59
4001,Roger Greene,brendafox@example.net,CZ,2023-02-17,Premium,3006.94
4002,Mitchell Little,joel15@example.org,SO,2021-04-26,Premium,21832.67
4003,Charles Gregory,samuelhill@example.org,TZ,2021-06-11,Standard,10904.10
4004,Tyler Gordon,monicadiaz@example.com,LA,2018-12-06,Basic,4565.31
4005,Joseph Fox,rogersmatthew@example.org,HN,2023-09-24,Premium,3542.71
4006,Jose Andrews,megan48@example.com,MW,2020-06-27,Premium,4966.93
4007,Robert Smith,william49@example.net,CI,2021-12-20,Basic,15023.41
4008,Sarah Mclaughlin,destinyroberts@example.net,JP,2019-09-14,Basic,21498.15
4009,Thomas Johnson,xlarson@example.com,MH,2023-11-21,Premium,20006.50
4010,Rebecca Villa,michelle88@example.org,BH,2022-01-25,Basic,5760.59
4011,Michelle Beck,vgonzales@example.com,PE,2023-12-15,Premium,9361.80
4012,Jodi Crawford,knelson@example.org,MN,2019-02-15,Basic,4140.89
4013,Michael Martinez,shernandez@example.net,TZ,2024-12-07,Premium,21080.97
4014,Danielle Carlson,smithbryan@example.com,LS,2019-09-15,Basic,23554.80
4015,Lindsay Mitchell,ashley67@example.com,WS,2024-11-02,Standard,21457.38
4016,Ashley Simmons,ericapeterson@example.com,KM,2021-02-14,Premium,23976.42
4017,Autumn Rivera,matthewjohnson@example.org,PG,2022-06-30,Standard,9744.31
4018,Dennis Navarro,bennettdavid@example.org,DE,2023-11-08,Standard,22343.61
4019,Michael Sanders Jr.,mcmahonlisa@example.org,MD,2023-04-01,Standard,3403.00
4020,Desiree Crawford,brownjustin@example.com,LU,2021-05-13,Premium,1871.76
4021,Rachel Gomez,pam56@example.org,CM,2024-03-26,Basic,7790.13
4022,Justin Booker,jamesbauer@example.net,RO,2024-11-16,Basic,23981.89
4023,Shannon Perry,castrokimberly@example.com,PS,2018-08-31,Standard,3507.58
4024,William Manning,johnsonrobert@example.net,BF,2023-05-24,Premium,19114.82
4025,Bobby Davis,erin85@example.org,BW,2020-09-20,Standard,19657.82
4026,Lauren Aguilar,peterreyes@example.org,VE,2022-09-13,Standard,14785.41
4027,Dana Jones,debbie01@example.org,MN,2020-10-15,Standard,1763.29
4028,Phillip Gonzalez,davismike@example.org,EC,2021-02-05,Premium,22315.96
4029,Jared Williams,ginagross@example.net,GM,2019-05-21,Basic,18491.37
4030,Jessica Porter,lopezaaron@example.net,GW,2019-09-14,Premium,11084.53
4031,Makayla Stone,hansenchristina@example.net,KG,2021-02-02,Standard,269.23
4032,Todd Stone,bmejia@example.com,HU,2019-04-26,Basic,7779.01
4033,Denise Bridges,jocelynstephens@example.com,SG,2019-02-25,Basic,14961.16
4034,Charlene Lopez,egraham@example.com,CZ,2020-08-09,Basic,10956.80
4035,Jennifer Hill,scottdeborah@example.org,LA,2019-05-27,Basic,18572.79
4036,Pamela Greene,april87@example.com,KI,2023-02-05,Premium,1760.07
4037,Keith Collins,talvarado@example.com,MV,2021-10-30,Standard,23737.20
4038,Claudia Mcguire,john55@example.com,NA,2018-06-17,Standard,20949.44
4039,Charles Gilbert,davidcourtney@example.net,PS,2020-11-12,Premium,15672.46
4040,Justin Cunningham,ladams@example.com,MW,2022-10-11,Basic,4211.40
4041,Zachary Stone,stanleyamanda@example.org,TR,2023-06-19,Standard,5615.84
4042,Brianna Ortega,josephcastro@example.org,ER,2019-02-27,Premium,24940.13
4043,Courtney Clark,xmann@example.com,BF,2024-10-07,Basic,21627.13
4044,Miss Amy Robertson,tgillespie@example.net,LR,2020-09-15,Basic,12363.30
4045,David Hebert DDS,breanna57@example.net,MZ,2022-11-07,Standard,1416.31
4046,Mary Gibbs,margaret78@example.com,TJ,2019-03-07,Standard,21058.12
4047,Amy Gomez,atkinsondavid@example.com,DZ,2021-02-03,Standard,16006.64
4048,Marissa Green,shelia43@example.com,GR,2021-09-08,Standard,16674.46
4049,Andrew Jenkins,suzanne53@example.com,ID,2020-10-26,Standard,2077.33
4050,Antonio Hernandez,dramos@example.net,BZ,2019-02-19,Basic,20149.79
4051,Breanna Wright,welchchristopher@example.net,LY,2020-09-21,Basic,12374.40
4052,Mary Ballard,gbrooks@example.org,GR,2024-08-18,Standard,16640.71
4053,Samuel Flores,garrettvanessa@example.org,ER,2019-03-02,Basic,12196.55
4054,Kathryn Hickman,njenkins@example.org,RW,2024-10-20,Basic,9395.56
4055,Melissa Williams,david38@example.org,AD,2023-10-27,Basic,9564.68
4056,Thomas Manning,doyletravis@example.org,MM,2024-09-30,Premium,14758.58
4057,Larry Rice,stephen49@example.com,ML,2019-02-08,Basic,2372.84
4058,Alisha Boone,lesliebaird@example.org,BD,2020-09-04,Standard,14503.05
4059,Sean Burton,vdennis@example.net,MM,2024-10-09,Standard,20382.09
4060,Andrew Jones,pennygood@example.org,MZ,2018-06-13,Standard,16177.21
4061,Joy Morgan,madelinerodriguez@example.com,GY,2022-12-09,Standard,14333.62
4062,Brittney Campbell,lynchscott@example.org,BT,2023-11-12,Premium,23504.93
4063,Jeffery Bell,thompsonjames@example.org,NG,2022-11-04,Basic,22702.03
4064,Gina Johnson,johnnguyen@example.com,CZ,2020-06-03,Basic,4518.44
4065,Todd Shannon,richardsnow@example.net,BG,2021-09-09,Premium,7306.92
4066,Nathaniel Rodriguez,smallmichael@example.net,LA,2022-08-16,Premium,18226.43
4067,Krista Williams,floressummer@example.org,EE,2020-11-04,Standard,20459.21
4068,Joseph Atkinson,mkane@example.org,EG,2021-11-10,Standard,24339.49
4069,Holly Flynn,kathleenellison@example.org,ZM,2020-10-15,Standard,11150.17
4070,Denise Campbell,tanya65@example.com,BG,2018-07-15,Standard,11455.11
4071,Lauren Lopez,mccarthyjeremy@example.org,IR,2020-12-13,Premium,5234.53
4072,Michael Gutierrez,courtney51@example.net,AR,2024-02-20,Basic,8047.03
4073,Andrew Jones,morriskevin@example.net,AU,2022-07-02,Standard,19524.21
4074,Annette Lawson,justinhampton@example.net,HU,2019-12-06,Standard,21416.16
4075,Jason Gallagher,stewartjeanne@example.com,ME,2021-09-29,Standard,15410.07
4076,John Harrell,laneamber@example.com,CL,2020-07-21,Standard,20717.08
4077,William Hall,pjohnson@example.org,BY,2019-02-19,Basic,2260.81
4078,Alexandra Levy,scott12@example.com,MA,2022-07-22,Standard,15544.99
4079,Lisa Arnold,michelleknapp@example.net,TM,2020-02-02,Standard,5053.73
4080,Anna May,oscar17@example.com,UY,2023-06-12,Standard,8425.03
4081,Andrew Munoz,pcrane@example.net,TM,2022-11-29,Standard,18869.27
4082,Phillip Jones,jenningsjennifer@example.net,BS,2019-11-22,Standard,398.18
4083,Lisa Kelley,jenniferjones@example.net,GH,2020-02-17,Basic,7763.19
4084,Jamie Schneider MD,jennifer06@example.com,MA,2023-09-05,Basic,16057.69
4085,Lori Reilly,maria59@example.org,MN,2021-04-28,Basic,13456.36
4086,Matthew Phelps,ahancock@example.net,IL,2022-06-19,Basic,17390.90
4087,Sean Harrison,ronald27@example.org,TT,2020-03-24,Premium,2263.56
4088,Caitlin Johnson,,MV,2024-09-15,Basic,10115.93
4089,Sabrina Brown,bhunt@example.net,CL,2020-12-14,Premium,17897.20
4090,Larry Crosby,ryansmith@example.net,BJ,2023-12-23,Standard,9918.92
4091,Sarah Smith,valdezbrandon@example.org,CR,2022-04-27,Premium,21125.24
4092,Mr. Christopher Johnson DVM,fmarshall@example.com,BE,2021-04-18,Basic,14252.67
4093,Michael Marshall,ghunter@example.org,TM,2018-12-03,Standard,24985.97
4094,Matthew Mejia,btorres@example.com,PG,2022-12-18,Premium,6147.59
4095,Evan Wheeler,kdominguez@example.net,CG,2019-09-27,Basic,24816.93
4096,Ruth Hernandez MD,maddoxmicheal@example.org,ZA,2018-04-18,Standard,5611.72
4097,Taylor Bates,jessica92@example.com,BD,2020-06-15,Premium,21878.40
4098,Howard Coleman,natasha86@example.net,PY,2022-12-09,Basic,20288.13
4099,Joshua Arnold,burnstyler@example.net,PG,2019-08-19,Premium,7419.83
4100,Diane Hayes,nathanielmercer@example.net,TL,2018-03-27,Basic,12081.83
4101,Felicia Pierce,amandawatson@example.net,TT,2022-12-03,Standard,13908.06
4102,Nicole Thompson,kendrakirby@example.net,FR,2024-05-15,Premium,10308.09
4103,James King,hernandezlisa@example.org,TR,2023-10-26,Basic,9990.42
4104,Jason Richards,jasonallen@example.org,GH,2024-06-15,Standard,18669.82
4105,Danielle Peters,benjamindavidson@example.net,CO,2022-01-30,Standard,10782.87
4106,Nancy Logan,jesse55@example.org,NO,2022-02-02,Premium,8003.87
4107,Amy George,kimberly74@example.com,SD,2022-01-02,Premium,23952.28
4108,Cody Moore,kellyrichardson@example.com,HT,2019-07-05,Standard,21498.62
4109,Carmen Anderson,christophernewman@example.net,NR,2020-10-08,Basic,14473.96
4110,Timothy Mcguire,gina75@example.net,KH,2019-01-31,Basic,17708.85
4111,Gabriel Olson,xhardy@example.net,BR,2024-01-02,Standard,2620.19
4112,Damon Melendez,jason53@example.com,HU,2024-10-10,Premium,18002.66
4113,Melissa Jones,troy09@example.org,PK,2024-03-19,Premium,11632.16
4114,Malik Robertson,oscarmiles@example.com,PG,2024-06-10,Premium,11505.97
4115,Wendy Lopez,james91@example.com,SO,2022-11-29,Standard,14776.57
4116,Ronald Murray,drakeamanda@example.com,AM,2018-09-22,Premium,552.88
4117,Peter Perez,joseph10@example.net,BJ,2023-01-11,Basic,16256.94
4118,Charles Tucker,mgreen@example.com,IT,2021-11-24,Standard,21689.43
4119,Brittany Mccall,rodriguezalicia@example.org,SD,2019-08-29,Premium,17050.18
4120,Margaret Perry,lewiseric@example.net,TZ,2018-09-25,Basic,6902.26
4121,Jerome Ashley,allisonhogan@example.net,BO,2020-10-29,Basic,689.42
4122,Frederick Porter,kevinwood@example.org,BA,2024-09-14,Standard,10770.75
4123,William Jenkins,patrickturner@example.com,LI,2019-07-01,Standard,5380.10
4124,William Smith,suzannerivas@example.com,KN,2023-01-26,Standard,13459.89
4125,James Fletcher,douglaswright@example.com,AF,2021-06-01,Standard,5814.11
4126,Scott Potter II,jeremy66@example.org,VU,2023-09-12,Standard,3605.83
4127,Sandra Green,lebrent@example.org,HU,2024-01-20,Basic,14671.81
4128,Kelly Galloway,alexanderwanda@example.com,CD,2018-01-28,Basic,1324.27
4129,George Jones,singhaaron@example.org,DM,2022-01-07,Basic,2992.08
4130,Brian Morgan,reyesbobby@example.net,LU,2018-10-18,Basic,1590.72
4131,Matthew Miller,joseph33@example.net,FJ,2022-08-22,Basic,4030.18
4132,Ian Lara,aprilhooper@example.net,BJ,2020-03-08,Premium,24494.55
4133,Jeffrey Blake,andrea79@example.org,TL,2020-01-05,Premium,737.19
4134,John Jackson,padillagregory@example.com,UA,2023-07-21,Basic,2987.50
4135,Bradley Richards,daycurtis@example.com,DJ,2018-12-31,Premium,23653.68
4136,Susan Nelson,robertsjustin@example.org,GM,2024-06-09,Basic,23725.75
4137,Tonya Steele,lvalenzuela@example.org,TT,2022-05-06,Standard,9532.27
4138,Scott Gutierrez,adammartinez@example.org,KN,2023-04-28,Premium,21181.64
4139,Jerry Wu,brettbarrera@example.net,KI,2020-01-20,Premium,7779.88
4140,Jessica Petty,npowell@example.com,ST,2019-12-28,Basic,10759.02
4141,Joshua Ford,wrightpaul@example.net,LR,2020-10-29,Standard,2268.36
4142,Tiffany Gentry,sue91@example.com,ET,2020-12-03,Standard,5015.18
4143,Michelle Castro,staffordcorey@example.org,SI,2021-12-09,Basic,15825.18
4144,Chad Garcia,ipoole@example.org,GW,2021-10-23,Standard,18795.38
4145,Joshua Villa,acostadylan@example.net,LK,2023-11-16,Standard,510.02
4146,Jennifer Bender,obass@example.org,DJ,2024-10-18,Premium,24550.25
4147,Charles Wright,erik86@example.com,BB,2018-08-31,Basic,9328.67
4148,Kara Johnson,christinedennis@example.net,ZW,2019-11-22,Premium,24089.99
4149,Mary Potter,bbowman@example.net,MY,2023-12-08,Premium,116.53
4150,Elizabeth Mata,itucker@example.org,BB,2022-04-25,Standard,691.34
4151,George Leon,smithmarissa@example.net,AZ,2024-05-15,Basic,9370.90
4152,Jacqueline Jones,jlevy@example.com,PL,2018-10-12,Premium,4712.05
4153,Brenda Hill,ereed@example.com,CH,2024-12-18,Standard,4544.67
4154,Virginia Watkins,brittneywashington@example.com,GB,2020-06-13,Standard,2424.14
4155,Nicole Reeves,holly38@example.net,CA,2019-09-26,Basic,9354.21
4156,Caroline Reilly,rebeccawong@example.net,YE,2019-12-26,Standard,17659.19
4157,Roy Dunn,eblack@example.net,BB,2019-12-29,Basic,3721.24
4158,Matthew Hall,omejia@example.org,SK,2022-12-29,Premium,15552.07
4159,Holly Young,swansonerin@example.net,ER,2024-01-11,Premium,20180.12
4160,Marilyn Flores,jasmine05@example.org,PW,2021-06-30,Standard,2694.37
4161,Dr. April Mendoza,cummingsandrea@example.com,TM,2020-01-09,Basic,12962.22
4162,Kenneth Salazar,wgonzalez@example.com,MT,2019-02-13,Standard,4828.99
4163,Michele Perry,youngsarah@example.com,TT,2019-09-28,Basic,22999.98
4164,Levi Morrow,jodi42@example.org,MN,2023-02-06,Basic,13699.51
4165,Gabrielle Gonzalez,jeannewton@example.net,BJ,2022-05-12,Standard,23600.28
4166,Brent Gutierrez,daniel10@example.net,NG,2024-03-21,Premium,8458.60
4167,Mr. Michael Madden PhD,wperez@example.com,ES,2022-02-06,Premium,5986.28
4168,Terri Rogers,kingtravis@example.com,CV,2023-07-04,Premium,19851.35
4169,Dean Barnes,ybridges@example.com,BB,2018-06-20,Standard,1465.60
4170,Christina Sosa DDS,cynthiagardner@example.org,SI,2023-05-22,Basic,17690.94
4171,Arthur Sparks,michaelvalencia@example.net,PA,2024-08-18,Premium,21194.35
4172,Sarah Flores,lcurry@example.com,HN,2019-01-08,Basic,16370.10
4173,Kathleen Montoya,millercatherine@example.org,GY,2023-11-30,Basic,14377.17
4174,Ashley Smith DDS,emily00@example.org,SN,2023-12-19,Basic,9854.62
4175,Robert Sanchez,xevans@example.net,BW,2024-02-16,Basic,5023.30
4176,Tabitha Anderson,kevinmccarthy@example.org,ST,2021-08-05,Premium,11197.61
4177,Angel Holmes,obrown@example.net,PW,2020-03-22,Standard,23606.18
4178,Margaret Chen,katherinecampbell@example.net,TO,2022-10-13,Standard,10878.47
4179,Thomas Smith,sydneyramirez@example.net,KR,2018-12-04,Standard,595.85
4180,Dawn Ramsey,kevin10@example.com,ML,2019-03-04,Standard,14031.32
4181,Andrew Smith,daniel13@example.com,MM,2024-11-02,Standard,7647.44
4182,Patrick Duncan,brandonkennedy@example.org,LA,2021-03-22,Basic,17472.54
4183,Meghan Carlson,rodney72@example.net,BS,2023-12-01,Premium,4701.97
4184,Robert Jones MD,despinoza@example.com,NO,2019-01-01,Standard,22302.31
4185,Jeffrey Watson,robinsontimothy@example.net,BO,2024-05-28,Basic,4333.97
4186,Daniel Herrera,christinaday@example.org,BB,2021-07-08,Basic,1198.90
4187,John Williams,daryl45@example.com,SZ,2018-04-25,Premium,24169.20
4188,Tanya Stokes,brewerkristy@example.net,GR,2022-04-26,Premium,8794.14
4189,Joshua Roach,jimenezterri@example.net,NA,2024-01-12,Premium,20593.65
4190,Monica Williams,baileytodd@example.com,SE,2022-11-12,Basic,12709.37
4191,Corey Carroll,john62@example.org,ML,2020-01-01,Basic,9270.60
4192,Samantha Burke,brandywest@example.net,TM,2018-07-03,Premium,2466.27
4193,Andre Jenkins,,BF,2020-01-31,Premium,17810.26
4194,Tracey Jones,james84@example.org,BG,2018-10-26,Basic,5090.21
4195,Hannah Fleming,jennifer35@example.com,JM,2020-04-26,Basic,16010.53
4196,Sarah Cole,sbryant@example.net,SL,2018-03-05,Premium,23052.16
4197,Rebekah Ho,dawnmerritt@example.org,CD,2020-04-23,Basic,2908.28
4198,Amanda Williams,erinsmith@example.com,AO,2021-04-04,Premium,22609.89
4199,Lisa Simpson,benitezkimberly@example.com,NA,2021-09-16,Premium,24677.14
4200,Jeremy Barnett,staffordjoshua@example.org,MD,2020-07-24,Standard,22939.59
4201,Ms. Jennifer Miller,rscott@example.org,NR,2022-07-05,Premium,3898.22
4202,Eduardo Colon,hharrison@example.org,CL,2024-09-18,Premium,15544.09
4203,Julie Smith,ericford@example.org,MD,2020-11-23,Standard,17009.89
4204,Edward Floyd,forddennis@example.com,KM,2021-06-22,Premium,23506.82
4205,Joseph Braun,qsandoval@example.net,GD,2021-01-21,Standard,17257.03
4206,Daniel Parsons,lauren38@example.org,PL,2022-08-31,Standard,9428.29
4207,Kurt Yang,joseskinner@example.org,JM,2020-02-16,Standard,6335.64
4208,Douglas Rose,hickmanerin@example.org,BW,2018-02-12,Basic,17313.08
4209,Patricia Roberts,johncervantes@example.com,FM,2018-06-21,Basic,19178.17
4210,Jacob Hicks,martinmichael@example.org,PY,2019-06-12,Basic,17237.48
4211,David Allen,unelson@example.org,MH,2018-10-16,Basic,2859.51
4212,Renee Harrison,comptonlaura@example.net,LS,2019-10-13,Standard,1662.51
4213,Charles Davis,jamiejones@example.com,IL,2024-01-09,Standard,4184.17
4214,Austin Vargas,bowmananthony@example.org,RW,2020-11-16,Basic,17875.58
4215,Omar Banks,brianjohnson@example.org,EE,2022-06-20,Standard,13406.50
4216,Michael Baker,cmueller@example.net,HN,2021-03-12,Basic,6537.48
4217,Holly Gonzalez,walldaniel@example.net,KW,2019-05-05,Standard,20571.94
4218,Lisa Baldwin,joseph26@example.net,BS,2020-04-07,Premium,13868.75
4219,Sarah Rivera,samuelschroeder@example.com,SO,2023-08-02,Premium,3177.88
4220,Jennifer Martinez,brian14@example.net,TT,2018-05-27,Standard,11970.49
4221,Mary Ponce,laurenanderson@example.com,TH,2019-04-02,Premium,950.78
4222,David Bailey,steelestacy@example.net,YE,2022-05-09,Premium,2090.20
4223,Matthew Romero,rogerssara@example.com,KW,2018-10-04,Premium,10898.72
4224,Jonathan Wade,willisnicole@example.net,PG,2022-02-28,Standard,18458.66
4225,Heather Kramer,rhonda52@example.com,MA,2022-12-16,Basic,19228.16
4226,Katherine Olson,kimberly49@example.com,IN,2023-08-25,Premium,19213.73
4227,Danielle Torres,lindsay06@example.org,MV,2021-07-26,Premium,14220.03
4228,Shelly Bradshaw,bevans@example.org,SZ,2019-09-18,Standard,21487.19
4229,Helen Diaz,tylerwheeler@example.net,MH,2020-10-24,Premium,8752.93
4230,Sharon Delgado,gsmith@example.org,CM,2020-04-01,Basic,1410.70
4231,Ryan Johnson,micheleking@example.com,ES,2022-04-06,Premium,23670.53
4232,Jeffrey Davis,nbrown@example.org,CV,2023-09-02,Premium,5630.89
4233,Natalie Harrison,zelliott@example.org,ML,2020-03-07,Standard,16450.31
4234,Stephanie Garcia,hphillips@example.net,MX,2022-12-03,Premium,21783.43
4235,Claudia Watson,karagood@example.net,KG,2018-10-12,Premium,15041.50
4236,Mark Romero,stacie27@example.net,TO,2021-03-24,Basic,4027.45
4237,Michael Sanchez,hartmanvictor@example.com,TN,2024-02-20,Standard,1417.83
4238,Dennis House,cassandra59@example.com,PH,2018-09-24,Standard,12951.18
4239,Sherri Thompson,jessicasnyder@example.com,KZ,2018-03-13,Basic,18012.06
4240,Mary Thomas,ricedavid@example.org,KZ,2021-08-10,Standard,960.75
4241,Alexander Lewis,phillipwade@example.org,PY,2019-03-02,Basic,5841.55
4242,Joel Hull,jennifer40@example.com,ZA,2022-04-11,Premium,14067.79
4243,Gabrielle Richardson,martinnicholas@example.net,BR,2022-05-07,Basic,2991.05
4244,Traci Bell,jasmineballard@example.net,VC,2020-07-08,Basic,879.88
4245,Amanda Hampton,erin59@example.com,DO,2024-02-13,Premium,494.83
4246,Tara Madden,scottvelazquez@example.com,RW,2023-05-06,Basic,16119.75
4247,Mr. Daniel Clark,jay37@example.org,ES,2021-03-02,Basic,15401.23
4248,Michelle Meyer,cathycarrillo@example.net,ER,2023-01-16,Basic,5941.73
4249,Tyler Wilson,tayloraaron@example.com,TW,2023-07-03,Basic,6251.06
4250,David Shannon,stephanie86@example.net,TL,2023-02-07,Standard,22985.66
4251,Valerie House,jay71@example.com,MK,2019-09-20,Standard,13411.37
4252,Brian Johnson,adambradley@example.org,BI,2022-01-15,Premium,3610.19
4253,Courtney Ortega,brett93@example.org,PT,2019-12-16,Standard,24978.51
4254,Ronald Perez,cherylzhang@example.com,BS,2019-10-19,Standard,18500.14
4255,Kelly Williams,gabriellechavez@example.com,UZ,2022-11-04,Standard,3599.59
4256,Stephanie Johnson,robertmoran@example.org,UZ,2023-02-27,Standard,17767.15
4257,Chris Johnson,kmiller@example.org,SK,2024-01-27,Premium,24687.23
4258,Nicole Ramirez,johnferrell@example.net,LI,2019-05-28,Basic,8823.53
4259,Patricia Anderson,charlesmurphy@example.net,VU,2022-07-21,Standard,22090.54
4260,Julie Bell,yward@example.net,AT,2023-03-02,Basic,11307.80
4261,Craig Fuentes,bauermichelle@example.net,JM,2022-05-11,Standard,9089.01
4262,Julie Smith,david30@example.org,PA,2021-08-28,Basic,9972.08
4263,Kimberly Snyder,zachary75@example.com,KZ,2023-12-11,Premium,6150.18
4264,Tiffany Smith,bailey14@example.com,BD,2020-02-22,Basic,4865.05
4265,Ronald Kim,peterhowell@example.net,MX,2024-12-09,Standard,22508.86
4266,Christopher Patterson,dan14@example.net,CR,2024-02-24,Standard,9370.42
4267,Ricky Ellison,kathy50@example.net,FM,2021-06-11,Premium,9820.74
4268,James Rodriguez,michelestrong@example.org,NO,2023-04-11,Premium,13570.72
4269,Tammy Espinoza,ccole@example.com,TH,2023-01-27,Standard,22616.90
4270,Kristin Wiley,velliott@example.net,ML,2024-12-29,Standard,1272.14
4271,Jill Oliver,browndebbie@example.com,PK,2020-06-08,Standard,13792.33
4272,Veronica Roberts,gordoncolleen@example.net,TT,2019-10-04,Basic,9607.26
4273,Levi Stewart,ekennedy@example.org,IT,2023-10-21,Standard,4507.88
4274,Sherry Rodriguez,michael98@example.org,IL,2022-12-20,Premium,17349.24
4275,Dr. Jessica Smith,csmith@example.com,YE,2022-04-30,Basic,16674.84
4276,Jasmine Jones,ybrooks@example.net,EE,2021-01-24,Basic,17015.75
4277,Dr. Stephanie Taylor,basskiara@example.org,SV,2019-10-01,Basic,10046.91
4278,Molly Harrison,tamaraparsons@example.org,CV,2020-03-21,Premium,10282.24
4279,Steven Branch,moorejohn@example.org,TG,2023-04-04,Premium,21700.75
4280,Judith Hunter,kristin15@example.org,CV,2019-06-19,Standard,7905.37
4281,Catherine Rowe,lsmith@example.net,RS,2024-11-13,Basic,18382.94
4282,Sheri Cook,nshepherd@example.com,TD,2018-05-25,Basic,2426.62
4283,Melissa Harris,racheladams@example.org,DZ,2018-09-25,Premium,536.65
4284,Matthew Martinez,ryan84@example.net,GD,2018-08-05,Standard,21315.02
4285,Shannon Glenn,bvelasquez@example.net,SB,2021-07-07,Standard,5075.18
4286,Jessica Johnson,sheila14@example.org,HU,2019-09-09,Premium,7689.05
4287,Amanda Williams,jessica17@example.com,JM,2018-09-28,Standard,15580.79
4288,Justin Miller,sallen@example.com,NZ,2021-07-16,Basic,22612.88
4289,Bobby Howard,zzimmerman@example.com,AF,2023-01-04,Standard,8465.52
4290,Dawn Brooks,hpatterson@example.org,JP,2019-12-19,Standard,7581.01
4291,Misty Parker,george85@example.org,YE,2024-04-20,Premium,22520.43
4292,Brian Gross,nthompson@example.net,IL,2019-09-15,Premium,10379.65
4293,Carolyn Schultz,jamierobinson@example.net,SL,2023-12-21,Basic,10242.00
4294,Ruth Moore,anna00@example.com,MC,2024-04-19,Basic,15717.06
4295,Christine Booker,robertsjoshua@example.net,IL,2021-02-25,Basic,21199.87
4296,Heather Chavez,grosssteven@example.net,MU,2020-10-18,Premium,16596.73
4297,Edward Butler,barbaramcclain@example.com,LA,2019-08-24,Standard,2426.72
4298,Emily Alexander,yvasquez@example.net,PG,2018-06-11,Premium,22005.80
4299,Jennifer Watson,yball@example.com,ID,2023-04-21,Standard,11922.00
4300,Mr. Justin Martinez,melissa29@example.com,KR,2018-03-23,Basic,17203.04
4301,Frank Lopez,scox@example.net,VU,2022-01-24,Standard,14622.28
4302,Kathleen Taylor,dferrell@example.com,KG,2020-01-15,Standard,22349.70
4303,Brenda Smith,mcdanielangela@example.net,BB,2023-07-08,Basic,14169.58
4304,Lawrence Larson,obowers@example.net,SL,2021-10-23,Premium,22162.27
4305,Michael Johnson,imcbride@example.com,NI,2018-10-10,Premium,3373.59
4306,Jessica Silva,francisdelacruz@example.com,HU,2021-05-14,Basic,9840.39
4307,Brandon Horton,johnsmith@example.org,CD,2019-09-05,Premium,24822.42
4308,Rebecca Romero,moralesjohn@example.net,LI,2020-03-18,Basic,8017.46
4309,Jonathan Watson,michael96@example.org,LV,2018-12-07,Standard,15070.31
4310,Corey Franklin,michael83@example.com,BN,2023-07-20,Premium,15546.55
4311,Tina Hobbs,debrabryant@example.org,KM,2024-08-14,Standard,24792.55
4312,Gregory Sanders,bsloan@example.org,KM,2022-02-04,Standard,4800.58
4313,Dr. Kimberly Shaffer,jennifer86@example.net,ID,2021-02-21,Basic,22607.00
4314,Matthew Mclean,shirley60@example.net,CM,2018-04-07,Standard,7964.19
4315,Nicole Kaiser,banderson@example.net,KP,2019-11-15,Premium,16235.13
4316,Jennifer Rush,phillipmcclure@example.net,JM,2021-06-09,Standard,11223.28
4317,Joseph Cox,washingtonbrittany@example.org,NZ,2022-11-09,Standard,1011.39
4318,Dr. Larry Downs,hessadam@example.net,SA,2023-02-20,Basic,2006.10
4319,Lisa Brown,melissa20@example.org,SR,2024-03-08,Premium,3266.25
4320,Jordan Garcia,daviddalton@example.com,DZ,2024-12-31,Premium,18366.03
4321,Andrew Hill,jessica62@example.com,RS,2018-03-20,Standard,9516.78
4322,Michael Hernandez,myersronald@example.org,ZM,2023-04-10,Standard,9709.93
4323,Lindsay Duke,benjamin24@example.org,ES,2021-01-12,Basic,9378.55
4324,Carl Allen,bestalexis@example.org,BA,2022-02-11,Basic,21340.67
4325,Erik Wyatt DDS,cameron42@example.org,CV,2022-10-05,Standard,17682.01
4326,Kendra Lopez,brandon45@example.org,PS,2019-06-27,Standard,17977.93
4327,Lindsay Mclaughlin,shellyrobertson@example.net,DZ,2024-03-12,Premium,12220.76
4328,Krystal Moody,taylorjoseph@example.com,FR,2020-12-28,Premium,22833.93
4329,Terry Smith,jdavis@example.org,GW,2018-12-14,Basic,22833.54
4330,Michele Allen,katherineburns@example.net,BA,2023-09-16,Premium,575.19
4331,Jeffrey Cooper,csanders@example.org,PA,2019-06-11,Premium,6074.03
4332,Travis Morgan,angela14@example.com,BY,2019-12-27,Standard,1623.98
4333,James Patterson,patricia39@example.org,TR,2024-05-31,Premium,19471.92
4334,Bethany Adams,izimmerman@example.org,LY,2018-11-05,Premium,18077.68
4335,Martin Clark,maria33@example.net,BE,2021-10-29,Basic,1759.57
4336,John Bond,william47@example.com,ET,2024-07-14,Basic,24141.11
4337,Stephen Cunningham,carriemunoz@example.org,GN,2023-03-03,Basic,21835.04
4338,Brian Burke,valeriereed@example.org,TN,2019-03-10,Basic,3049.46
4339,Heidi Murray,rushlaurie@example.org,SZ,2019-07-23,Premium,22950.05
4340,Todd Lopez,arthurhowe@example.com,TD,2018-11-29,Premium,2292.60
4341,Erika Davis,lovemary@example.org,MX,2019-01-11,Premium,10824.23
4342,Daniel Adams,jason29@example.com,TZ,2020-08-12,Premium,1249.97
4343,Charles Vaughn,welchsteven@example.org,DM,2018-11-22,Standard,8010.12
4344,Tina Sanders,luismurray@example.org,YE,2023-12-09,Premium,11901.10
4345,Sonya Griffin,elizabeth10@example.net,GM,2020-03-19,Basic,24698.24
4346,Paul Robinson,williamsbradley@example.org,TL,2024-10-15,Basic,4651.62
4347,Mark Taylor,ebrewer@example.com,LS,2021-03-25,Basic,16903.98
4348,Jacob Gutierrez,qmartin@example.com,PL,2018-09-08,Standard,4623.20
4349,Daisy Hill,olittle@example.org,LC,2018-01-26,Premium,4396.27
4350,James Wong,cookkaitlyn@example.net,FR,2020-03-20,Standard,3597.32
4351,John Simpson,teresa18@example.com,CD,2024-01-30,Basic,24318.09
4352,Sarah Porter,khoward@example.com,TT,2019-05-23,Basic,19041.66
4353,Richard Smith,janicewest@example.com,DE,2020-02-10,Premium,21215.41
4354,Ryan Doyle,dana10@example.net,DJ,2020-07-21,Premium,9866.70
4355,Stephen Nguyen,matthew79@example.net,MN,2024-08-23,Standard,15038.85
4356,Christina Davidson,toddgutierrez@example.com,BJ,2023-09-07,Basic,7135.08
4357,Timothy Parker,lopezmeghan@example.org,ST,2022-10-14,Standard,20611.71
4358,Richard Moore,davidharvey@example.org,ML,2020-09-13,Basic,174.58
4359,Brittany Stafford,catherinemartin@example.net,MN,2020-10-27,Standard,18857.43
4360,Mike Nunez,ashley28@example.com,AR,2018-09-22,Premium,1569.57
4361,Jeffrey Lucas,james08@example.com,SO,2021-11-10,Basic,1510.10
4362,Mary Douglas,rpowell@example.net,AR,2022-10-28,Premium,16850.88
4363,William Wagner,kevin66@example.com,UZ,2023-01-01,Premium,24429.19
4364,Justin Reynolds,frazierannette@example.com,GE,2018-12-28,Standard,14703.47
4365,Kathy Koch,rebecca08@example.com,LT,2022-01-20,Basic,17027.02
4366,Felicia Schultz,ashleysparks@example.com,MU,2018-09-27,Basic,6560.93
4367,Sarah Clark,marknavarro@example.org,RU,2021-07-30,Standard,8952.81
4368,Tony Robbins,tweeks@example.net,LC,2023-05-22,Standard,12492.37
4369,Tyler Luna,taylor33@example.com,DZ,2023-06-27,Standard,13647.92
4370,Shawn Jordan,wgarcia@example.org,KG,2020-02-19,Premium,14680.73
4371,Natasha Miller,bairdmolly@example.com,DO,2018-06-24,Basic,8822.37
4372,Kimberly Todd,nbender@example.org,IR,2023-03-20,Standard,8109.19
4373,Lindsey Mercer,molinaerin@example.net,GD,2022-07-10,Standard,21717.06
4374,Heather Meyer,uhowell@example.com,BT,2023-03-18,Standard,3817.12
4375,Elijah Williams,heatheryoung@example.org,ST,2022-04-29,Standard,23740.85
4376,Alexander Foster,josephfisher@example.org,CR,2019-07-26,Standard,9536.43
4377,Rachel Harris,ymorrison@example.org,ZM,2019-09-04,Standard,9142.75
4378,Kristen Smith,ernestmarsh@example.org,MV,2022-11-15,Basic,22634.06
4379,Jonathan Richardson,smitheric@example.net,BZ,2019-09-11,Basic,23651.07
4380,Daniel Hebert,lisafoster@example.net,GM,2020-06-07,Premium,409.73
4381,Doris Smith,christopherwashington@example.org,HN,2023-04-19,Premium,6772.25
4382,Kurt Simmons,austinrodriguez@example.net,MG,2020-03-21,Premium,12433.06
4383,Stephanie Fry,alvaradostephen@example.net,LB,2019-10-11,Standard,20744.45
4384,Kenneth Norris,lyonshannah@example.net,TT,2024-02-29,Standard,5693.48
4385,Nicole Miller,vbennett@example.org,TW,2023-06-16,Basic,18093.23
4386,Edward Parker,jonathanrobinson@example.net,RO,2022-11-08,Standard,23683.27
4387,Thomas Edwards,ntorres@example.org,CI,2019-10-17,Standard,24227.50
4388,Mark Hurst,esmith@example.org,SN,2018-09-02,Standard,24035.99
4389,Susan Anthony,callahanamy@example.net,FR,2018-10-02,Standard,17650.60
4390,Micheal May,maryjackson@example.com,TL,2024-10-25,Standard,3536.94
4391,Allison Callahan,gregorywolfe@example.net,HT,2023-10-26,Standard,20090.55
4392,Noah Bell,xcruz@example.org,TD,2022-09-02,Standard,324.19
4393,Stacey Davis,garciatanner@example.com,RS,2021-06-15,Basic,3965.06
4394,Joseph Whitehead,garyhughes@example.net,AR,2021-06-26,Basic,15462.00
4395,Peter Morales,rodriguezryan@example.com,SZ,2024-11-10,Premium,14977.90
4396,Nancy Benton,whitecody@example.org,SD,2023-12-10,Standard,8527.43
4397,David Jackson,billyberry@example.org,RO,2022-03-10,Basic,21602.44
4398,Tara Morgan,campbellemily@example.com,FJ,2022-02-22,Basic,24260.77
4399,Joseph Maxwell,ortegaanthony@example.com,LB,2018-09-16,Premium,11176.96
4400,David Flores,robert77@example.org,HT,2022-09-05,Premium,5236.40
4401,Kathy Graham,awilliams@example.net,TD,2021-08-29,Basic,5835.96
4402,Whitney Santos,snelson@example.org,LU,2021-07-04,Basic,22893.45
4403,Crystal Murphy,millerraven@example.com,DM,2023-05-05,Standard,13874.89
4404,Kurt Ramos,amycunningham@example.org,FM,2024-06-22,Standard,17458.24
4405,Cynthia Smith,daviseric@example.org,IE,2019-06-05,Standard,19539.88
4406,Steven Horn,joneschristine@example.org,MM,2024-06-02,Premium,17702.62
4407,Eric Morales,jonestaylor@example.net,IR,2024-11-01,Premium,20333.05
4408,Karen Jones,murrayelizabeth@example.com,SR,2020-10-17,Standard,14082.45
4409,Robert Gonzales,jgaines@example.com,FI,2018-03-21,Standard,12774.01
4410,Ann Shannon,maria79@example.org,KP,2019-01-27,Standard,18754.81
4411,Kimberly Miller,amysandoval@example.org,TR,2024-12-29,Standard,2032.69
4412,Caleb Shea,lori56@example.com,MD,2023-07-04,Standard,15064.99
4413,Jeffrey Barrera,david96@example.net,AT,2020-12-25,Premium,11237.12
4414,Andrew Hernandez,colekirk@example.org,RO,2020-03-02,Standard,17797.69
4415,Julie Lindsey,nicolewade@example.net,AF,2022-01-30,Premium,11843.67
4416,William Bernard,shannon27@example.com,KM,2020-07-03,Basic,76.33
4417,Scott Chandler,williamsonmichael@example.net,BA,2021-12-29,Basic,12063.83
4418,Kim Warren,xbowers@example.net,SC,2019-08-22,Standard,23916.69
4419,Dr. Tyler Harvey PhD,jasonhardy@example.net,PW,2023-06-09,Standard,15119.28
4420,Lori Martin,anthony93@example.net,SC,2024-01-06,Premium,20603.41
4421,Jeff Reeves,katie48@example.com,IQ,2020-02-10,Basic,15127.04
4422,Jesse Richards,luisblake@example.net,LY,2021-04-25,Basic,1514.07
4423,David Jones,zstanley@example.org,DE,2020-03-09,Basic,19971.21
4424,Gavin Hooper,mariavincent@example.org,MW,2021-03-02,Premium,19767.73
4425,Amy Garcia,rlee@example.org,CI,2022-09-29,Basic,20464.66
4426,Shawn Davis,qnorris@example.net,LV,2018-02-14,Standard,6524.70
4427,Shane Lewis,laurenrice@example.com,EG,2019-08-14,Standard,632.09
4428,Chloe Stevens,joshua55@example.net,CL,2022-09-23,Premium,9215.79
4429,Stacey Harding,josephroberts@example.org,BS,2019-08-28,Standard,15647.25
4430,John Baker,kelly95@example.com,BA,2024-03-24,Premium,14846.13
4431,Preston Miller,hayden46@example.org,SD,2021-07-10,Premium,23422.57
4432,Jacob Martin,martinezrenee@example.com,GB,2023-02-11,Standard,4944.52
4433,Leroy Barrera DDS,gregory98@example.com,EC,2024-10-20,Standard,7119.07
4434,Nicholas Morris,pbrooks@example.net,CL,2024-07-30,Premium,8070.09
4435,Scott Brown,lisa45@example.net,BO,2018-03-11,Premium,1310.59
4436,Connie Ramirez,samanthahurst@example.org,LU,2021-08-30,Basic,11927.54
4437,Robin Grant,mark31@example.org,RS,2019-08-04,Standard,20795.11
4438,Brenda Sullivan,rebecca37@example.net,DZ,2022-03-17,Basic,636.63
4439,Veronica Case,jamie01@example.com,ZM,2022-11-14,Basic,8097.11
4440,Jeffery Doyle,bwilson@example.com,UG,2019-12-31,Standard,15327.05
4441,Dana Griffin,catherine21@example.net,RW,2018-05-22,Basic,7072.72
4442,Melissa Johnson,albert14@example.com,BS,2024-05-05,Basic,984.54
4443,Adam Rodriguez,lucastaylor@example.org,BR,2023-09-27,Premium,18069.42
4444,Aaron King,lopeztonya@example.org,TH,2019-06-25,Standard,1596.95
4445,Lisa Perry,daniellerodriguez@example.org,BH,2018-10-06,Premium,3789.25
4446,Stacy Baker,donald07@example.net,MY,2023-11-12,Premium,23503.07
4447,Lisa Olsen,qwagner@example.org,AU,2020-08-20,Premium,18866.49
4448,Maria Mitchell,mary24@example.com,AL,2022-01-02,Standard,2028.97
4449,Courtney Freeman,janiceferguson@example.com,BJ,2021-11-08,Premium,12311.39
4450,Heather Richardson,jodi94@example.com,LI,2024-02-11,Premium,13116.98
4451,Melissa Lewis,mpark@example.net,DO,2022-06-10,Basic,3874.60
4452,Alyssa Edwards,qandrews@example.net,BA,2019-01-02,Premium,11212.45
4453,Sandra Price,tsmith@example.net,YE,2019-04-18,Standard,5684.90
4454,Jacob Robinson,jessica81@example.com,AF,2018-08-20,Basic,17088.05
4455,Ruth Hall,hestermatthew@example.com,SZ,2018-04-10,Premium,16072.56
4456,Casey Kelly,ymontgomery@example.com,VC,2020-07-12,Standard,1059.87
4457,Luis Lewis,erica60@example.com,LR,2020-06-16,Premium,23749.15
4458,Rebecca Miller,masondavid@example.org,HR,2019-07-18,Basic,7986.48
4459,Eric Rios,foxnancy@example.org,IT,2022-05-07,Basic,16756.58
4460,Edward Shaw,marcbrooks@example.com,DJ,2018-03-20,Basic,19138.42
4461,Margaret Ruiz,lgallagher@example.com,AZ,2023-07-10,Premium,16741.05
4462,Miranda Butler,kiara57@example.org,RU,2022-08-27,Basic,1699.04
4463,Darlene Burnett,jessica25@example.org,DO,2020-03-30,Basic,900.14
4464,Gary Meyers,robert90@example.org,KM,2020-07-29,Basic,12286.63
4465,Frederick Jackson Jr.,ochapman@example.org,VU,2021-12-02,Basic,2015.69
4466,Michael Abbott,kmurphy@example.org,VU,2022-02-16,Basic,22464.47
4467,David Marks,thomaslori@example.net,SI,2019-11-04,Standard,5319.46
4468,Andrew Smith,katherine59@example.net,BS,2024-01-06,Premium,22880.02
4469,Diane Perry,terry53@example.net,ST,2024-12-25,Standard,6641.17
4470,Michael Harris,pbrooks@example.com,DK,2022-03-14,Basic,9710.49
4471,Jennifer Collins,badkins@example.com,BH,2020-04-05,Basic,6406.96
4472,Brenda Sanders,jamesmcclure@example.org,BJ,2020-03-12,Standard,22448.20
4473,Kathleen Crawford,lthomas@example.net,MU,2022-05-28,Premium,16261.57
4474,Yesenia Orozco,donnaholt@example.org,JO,2023-01-24,Premium,11138.59
4475,Troy Jones,brocklinda@example.org,HN,2023-09-28,Standard,5114.75
4476,Ronald Lara,bruceochoa@example.com,JM,2019-04-07,Premium,9686.30
4477,Matthew Wright,mccoysamantha@example.org,GN,2019-03-14,Basic,23327.09
4478,Juan Williams,gabriellejones@example.net,GY,2020-04-22,Premium,18993.98
4479,Karla Bray,djimenez@example.com,PH,2021-05-08,Basic,16855.16
4480,Jason Hubbard,wbennett@example.com,KG,2024-08-26,Standard,9023.46
4481,Stephen Clark,austinlinda@example.net,ID,2018-08-11,Basic,15652.94
4482,Raymond Bowen,wintersdonald@example.net,GA,2024-05-10,Standard,5420.15
4483,Jacqueline Young,medinajessica@example.org,FI,2018-04-08,Standard,309.01
4484,Chelsea Shah,harriserika@example.org,KR,2020-01-12,Standard,5158.82
4485,Kelly Rogers,marshalldouglas@example.com,AM,2022-05-11,Basic,8183.97
4486,Robert Henderson,talexander@example.org,LB,2022-05-20,Basic,18846.47
4487,Barbara Summers,lisa76@example.org,CD,2023-07-07,Standard,14020.75
4488,Sue Fisher,anna34@example.net,CR,2021-03-14,Basic,21433.98
4489,Shawn Snow,lwright@example.net,JM,2020-10-14,Premium,15409.26
4490,Keith Bryan,michaelestrada@example.org,GT,2018-01-02,Premium,15481.92
4491,Patricia Ward,shawntate@example.org,MR,2018-02-15,Standard,23253.99
4492,Kimberly Schmidt,vargaspamela@example.net,TZ,2021-05-27,Standard,9535.52
4493,Elizabeth Morrison,cruzjessica@example.net,TV,2024-05-15,Premium,2430.82
4494,Michael Silva,mary64@example.com,NR,2022-02-16,Premium,16144.30
4495,Frank Allen,johnsoncharles@example.com,DO,2022-09-30,Basic,21911.12
4496,Christopher Liu,xsimpson@example.com,IE,2018-11-08,Standard,10437.18
4497,Adam Jones MD,wgeorge@example.org,CM,2018-04-02,Standard,19261.09
4498,Elizabeth Hayes,goodmanchristina@example.org,NO,2019-05-07,Standard,3545.95
4499,Peter Benton DVM,rebeccawolfe@example.org,FM,2023-02-15,Premium,3008.13
4500,Billy Webb,pooletyler@example.com,ME,2018-05-05,Standard,4364.53
4501,Amanda Wright,qdavis@example.com,AL,2019-04-07,Premium,18120.23
4502,Laurie Anderson,cruzjoseph@example.com,LI,2023-02-08,Basic,17372.96
4503,Katherine Roberts,jenniferdawson@example.net,FR,2021-01-23,Standard,563.97
4504,Paige Webster,gmcdaniel@example.com,BW,2024-04-25,Standard,1582.10
4505,Melanie Henderson,gmeyer@example.org,LY,2019-09-20,Premium,1628.94
4506,John Schwartz,mary61@example.com,NI,2022-03-26,Premium,929.03
4507,Lauren Turner,knightrobert@example.net,GY,2022-11-07,Standard,10310.61
4508,Jason Smith,lee61@example.org,GN,2018-02-24,Basic,22435.20
4509,Geoffrey Joyce,davidescobar@example.org,SE,2018-09-16,Standard,17747.54
4510,James Powell,christopherthomas@example.net,NP,2023-05-17,Premium,20048.53
4511,Joanne Stevenson,angela69@example.com,TG,2018-04-10,Basic,6799.06
4512,John Molina,fstevenson@example.net,NO,2020-02-10,Premium,17241.88
4513,Amy Martin,greenjamie@example.net,EG,2018-01-08,Basic,1103.08
4514,Gregory Elliott,hendersondean@example.org,CL,2024-04-25,Standard,13973.61
4515,Douglas Willis,rodriguezpeter@example.org,GB,2023-06-25,Premium,17889.23
4516,Laura Shaw,rsanchez@example.net,AM,2018-07-13,Standard,9100.87
4517,Heidi Reed,jamesgutierrez@example.com,NI,2024-09-15,Standard,11406.44
4518,Martin Gomez,gabriel98@example.com,BI,2023-04-20,Basic,4097.37
4519,Edward Smith,robinsonjulie@example.com,GA,2022-03-01,Basic,13775.60
4520,Paul Parker,jennatorres@example.net,MU,2019-08-20,Standard,18379.87
4521,Riley Anderson,kristincombs@example.org,CI,2021-11-21,Standard,4349.07
4522,Melissa Hernandez,maryfernandez@example.net,NP,2022-07-04,Standard,11687.10
4523,Megan Cortez,william62@example.net,BJ,2021-11-24,Standard,3690.83
4524,Christina Banks,mckinneyclifford@example.org,SC,2023-07-19,Basic,13556.71
4525,Julie Pope,pachecojason@example.com,NO,2022-01-15,Standard,2161.14
4526,Darryl Curtis,timothy81@example.net,HU,2020-11-03,Premium,8320.10
4527,Trevor Nguyen,matthew33@example.net,RW,2022-01-09,Basic,11663.88
4528,Michelle Contreras,vanessa03@example.com,ML,2024-01-18,Basic,4106.90
4529,Mark Gonzalez,kellereric@example.com,SZ,2018-06-25,Standard,12658.82
4530,Ryan West,robert19@example.net,LV,2019-08-18,Basic,8541.25
4531,Robert Bowers,brianpowell@example.com,TH,2019-10-16,Basic,3488.03
4532,Richard Martinez,srivera@example.net,JP,2020-04-23,Basic,9908.75
4533,Lindsey Mason,laurengreene@example.net,GW,2022-09-13,Premium,24762.60
4534,Stephanie Blankenship,murphyjoshua@example.com,PA,2024-02-07,Premium,12989.22
4535,Derrick Davis MD,russellmichael@example.com,LY,2024-06-15,Premium,6367.93
4536,Steven Jackson,jacquelineballard@example.com,CD,2024-03-04,Basic,23557.25
4537,Mary Douglas,prestonsusan@example.net,KP,2020-07-17,Basic,17743.82
4538,Deborah Osborne,emilygarner@example.com,SZ,2021-10-03,Standard,2923.03
4539,Judith Bass,eboyer@example.net,GW,2022-03-10,Basic,23423.20
4540,Kimberly Kim,allen09@example.org,MC,2023-11-13,Basic,20484.02
4541,Gregory Ross,jrobertson@example.org,TM,2020-06-16,Basic,8778.36
4542,Valerie Mueller,susan93@example.com,AL,2022-07-30,Basic,18789.14
4543,Lauren Mitchell,danajohnson@example.com,CD,2019-03-12,Premium,16011.73
4544,Erin Hall,thorntontrevor@example.org,OM,2023-02-02,Premium,20858.73
4545,Michael Johnson,sarajoseph@example.net,SY,2020-02-11,Basic,14.90
4546,Austin Smith,efoster@example.com,GN,2023-08-29,Premium,12380.07
4547,Tony Gonzalez,xwalker@example.com,SC,2018-10-23,Basic,23752.77
4548,Steven Ward,osmith@example.org,TT,2020-09-17,Standard,7571.44
4549,April Sullivan,tracy43@example.net,NE,2020-05-07,Basic,15956.22
4550,Andrew Green PhD,carolynjones@example.com,RS,2020-02-22,Premium,405.50
4551,Leslie Newton,joseph68@example.net,SN,2021-04-26,Premium,5177.18
4552,Walter Higgins Jr.,zachary86@example.net,CM,2018-10-20,Premium,6335.85
4553,Christopher Lewis,taylorbrittany@example.org,NO,2019-05-03,Standard,23621.87
4554,Jennifer Stewart,dwaters@example.net,AU,2022-07-09,Premium,17445.46
4555,Kelli Torres,chanpaul@example.com,UZ,2021-05-14,Standard,9693.68
4556,Patricia Smith,jonesbethany@example.org,AU,2020-05-03,Standard,10713.10
4557,Joseph Hurley,philip34@example.net,SB,2024-08-12,Standard,15880.49
4558,Ryan Mullins,lorifields@example.org,TG,2024-08-27,Premium,16977.94
4559,Ashley Rodriguez,stacey67@example.org,SL,2018-05-10,Standard,7990.80
4560,Brian Haley,kelly84@example.net,KN,2018-05-08,Standard,17515.79
4561,Mark Garcia,gonzalezmichael@example.com,AE,2022-04-21,Basic,19244.68
4562,Edward Stanley,bryan25@example.net,PE,2022-09-28,Basic,14678.12
4563,Nancy Lawrence,kathleentaylor@example.net,SR,2021-12-08,Basic,12257.71
4564,Meghan Archer,cphelps@example.net,MW,2018-04-22,Standard,966.79
4565,Sarah Mills,paula13@example.com,AM,2023-06-20,Premium,11871.79
4566,Kristy Meyers,ipierce@example.com,JO,2024-02-06,Premium,2074.12
4567,Michael Lee,dixonrick@example.org,FM,2019-01-21,Standard,9496.28
4568,Mary Schultz,lthornton@example.com,GB,2021-10-13,Premium,15090.22
4569,Jordan Rich,tmartinez@example.net,BR,2023-04-07,Premium,8071.81
4570,Autumn Walker,jonesterry@example.com,BG,2024-03-13,Basic,21366.05
4571,Ronald Sullivan,lsnyder@example.org,MA,2020-06-06,Basic,10265.18
4572,Robin Hansen,kathrynbaxter@example.org,DE,2018-02-12,Basic,3209.60
4573,Vickie Wallace,wnelson@example.net,VU,2018-04-26,Basic,11110.75
4574,Charlene Frazier,clarkalexander@example.com,RW,2023-08-19,Premium,11579.50
4575,Ashley Wiggins,josephharper@example.net,EC,2024-05-03,Standard,20032.69
4576,Glenn Gilmore,lopezrichard@example.net,NI,2024-01-04,Basic,18108.27
4577,David Cox,leslie75@example.org,MH,2020-11-03,Basic,2941.71
4578,Eric Roman,tonyamorris@example.net,NL,2023-10-18,Standard,4347.97
4579,Tiffany Berry,mannlisa@example.com,CA,2023-01-25,Standard,21338.88
4580,Ashley Rodriguez,palvarez@example.org,ST,2018-06-13,Standard,15028.01
4581,Angela Stevens,jill70@example.net,MN,2022-10-14,Premium,17170.18
4582,Jason Glenn,walleramy@example.net,LK,2018-11-11,Premium,12053.65
4583,Barry Aguilar,ryan02@example.com,LB,2020-10-17,Premium,9682.59
4584,Jessica Wright,julie56@example.org,FM,2019-12-25,Standard,1096.87
4585,Daniel Fernandez,johnhanson@example.com,CU,2020-01-19,Premium,8501.76
4586,Frank Brown,stewartnicole@example.com,WS,2024-07-18,Standard,5718.31
4587,Joseph Cisneros,richardnichols@example.org,DZ,2022-12-27,Basic,23701.03
4588,Christopher Adams,stevengray@example.net,SL,2019-04-21,Premium,4110.83
4589,Jean Martin,dcarpenter@example.net,ID,2019-06-25,Basic,24469.92
4590,Dr. Christopher Mcclain,cynthiajohnson@example.net,TH,2024-10-14,Basic,591.96
4591,Wyatt Harrison,sgoodwin@example.org,NG,2023-07-26,Standard,19858.43
4592,Laura Parrish,hoganeric@example.net,TO,2022-10-28,Premium,17710.22
4593,Ann Bauer,sarahmiles@example.org,SE,2022-02-17,Basic,13587.12
4594,April Crosby,plopez@example.net,TT,2022-09-11,Standard,838.42
4595,Nicholas Pruitt,joshua54@example.org,SR,2022-11-23,Basic,17551.19
4596,Emily Merritt,christophercannon@example.org,HT,2018-10-02,Premium,2181.07
4597,Danny Harris,williamjordan@example.org,LR,2022-01-04,Standard,10033.17
4598,Shelby Smith,,MU,2020-09-23,Premium,3025.27
4599,Brett Clayton,fpena@example.org,CY,2019-10-26,Premium,14260.52
4600,Rebecca Brown,ithompson@example.com,SO,2020-03-15,Standard,16496.55
4601,Eduardo Weber,samuel08@example.net,EC,2024-02-15,Standard,13934.21
4602,Kenneth Rosales,mthompson@example.net,DZ,2023-05-12,Premium,24271.63
4603,John Golden,phillipmiller@example.org,HN,2020-01-30,Basic,10331.39
4604,Julian Hughes,harrisonjulie@example.org,SG,2024-04-11,Premium,5806.21
4605,Cynthia Clark,dcollins@example.net,JM,2019-08-27,Standard,3330.37
4606,Mary Campbell,welchryan@example.org,IE,2022-05-20,Premium,9296.46
4607,Michelle Garrison,perezcody@example.net,FM,2023-09-21,Premium,2818.81
4608,Jason Mack,wwhite@example.org,SL,2020-12-25,Basic,13262.98
4609,Russell Torres,karen85@example.com,VE,2021-05-27,Premium,7988.23
4610,Sarah Gray,pattybell@example.org,ZW,2020-09-25,Standard,20030.63
4611,Erik Simmons,reyestoni@example.com,AE,2020-02-12,Basic,11868.99
4612,Matthew Brown,smacdonald@example.com,UA,2023-05-15,Premium,2476.18
4613,Brian Green,ivance@example.com,IT,2022-05-08,Basic,15834.91
4614,Alexander Price,sgardner@example.com,PW,2024-01-27,Premium,3652.81
4615,Connie Carey,jordanbrian@example.org,KZ,2019-06-05,Basic,3635.07
4616,Steven Schroeder,michaelnewton@example.org,PK,2018-10-06,Standard,12834.61
4617,Barry Buckley,navila@example.net,MR,2018-10-25,Basic,4118.32
4618,David Hopkins,danielle06@example.com,PA,2022-08-21,Basic,9043.06
4619,Joshua Young,dianeparsons@example.com,BR,2020-07-12,Standard,10159.79
4620,Kenneth Stewart,jill12@example.net,TG,2022-11-04,Premium,21766.72
4621,Eileen Chang,erichoover@example.org,SD,2022-06-05,Premium,4815.14
4622,Stephanie Jones,brandonwillis@example.net,MH,2022-03-11,Standard,11245.71
4623,Ryan Salas,wilsonlisa@example.com,UZ,2020-07-09,Basic,22687.70
4624,Geoffrey Williams,katherine73@example.net,CR,2023-05-18,Basic,23734.70
4625,Thomas Brown,john32@example.com,BD,2023-09-19,Standard,16151.02
4626,Caroline King,ycervantes@example.org,TJ,2019-10-07,Premium,14974.47
4627,Tyler Phillips,timothylong@example.com,GE,2021-03-24,Standard,19327.48
4628,Leslie Moore,jo03@example.org,AR,2022-11-08,Basic,772.85
4629,Margaret Nicholson,angela32@example.net,CF,2018-09-29,Basic,2121.07
4630,Francisco Smith,molinajoseph@example.net,SE,2019-08-20,Basic,998.71
4631,Mary Cook,huffdavid@example.org,GH,2021-02-10,Standard,7020.84
4632,Christopher Brown,webbkeith@example.com,TO,2021-10-30,Standard,20908.11
4633,Laura Holt,qmartinez@example.net,AG,2024-10-15,Standard,22983.17
4634,Michael Kelly,rose86@example.com,GQ,2023-04-09,Basic,12194.69
4635,Nicole Mendoza,carol66@example.org,PA,2024-08-11,Basic,14004.69
4636,James Blair,melissa74@example.org,CY,2024-10-14,Basic,16525.22
4637,Brian Smith,nblack@example.net,DZ,2024-06-09,Premium,11733.20
4638,Ryan Anderson,adam39@example.org,MM,2019-01-08,Basic,12241.89
4639,Albert Foster,timothy75@example.org,FM,2021-11-03,Basic,12924.94
4640,Jennifer Roberts,robinsonjoy@example.com,FJ,2018-09-15,Standard,15728.03
4641,Joseph Stevens,joseholland@example.org,HU,2021-01-16,Standard,14860.85
4642,John Tanner,chelseasuarez@example.net,GT,2020-07-22,Standard,23170.50
4643,Connie Clark,john52@example.net,MC,2021-08-20,Premium,14150.37
4644,Jennifer Boyd,jacob98@example.com,GW,2021-11-28,Standard,4796.16
4645,Sean Davis,christine97@example.net,KI,2021-10-04,Basic,16902.50
4646,Gary Luna,emilypena@example.com,AZ,2021-02-14,Standard,14944.01
4647,Kevin Gilbert,eellis@example.net,KR,2020-02-11,Basic,22263.76
4648,Ricky Davila,bailey73@example.net,MV,2019-07-25,Basic,7375.38
4649,Timothy Alvarado,andrew73@example.com,SR,2022-01-20,Basic,13569.40
4650,Monica Davis,stonejulie@example.com,CG,2021-08-08,Premium,19950.77
4651,Kathleen Stephenson,rweber@example.org,AU,2024-07-10,Basic,4335.39
4652,Micheal Martin,hurstwesley@example.net,PH,2021-04-08,Basic,6175.68
4653,Rebecca Byrd,kbenton@example.net,BZ,2024-09-15,Basic,20759.73
4654,Jonathan White,wwright@example.org,CL,2020-01-20,Basic,20239.44
4655,Joshua Rivera,hcole@example.org,MV,2022-03-16,Premium,9790.76
4656,John Moore,trandouglas@example.net,CL,2021-01-13,Basic,11476.98
4657,John Hart,rhonda24@example.net,GQ,2021-10-30,Premium,6368.14
4658,Lori Sullivan,cory58@example.com,MN,2018-10-23,Standard,3110.73
4659,Micheal Brown,jason63@example.org,SM,2022-03-23,Basic,24596.69
4660,Keith Maddox,snyderdavid@example.net,IE,2018-01-14,Premium,4723.20
4661,Michael Boone,kara00@example.org,AE,2020-11-09,Standard,11369.01
4662,Amanda Wallace,pwilliams@example.org,BF,2024-03-05,Basic,20528.96
4663,Emily Rowe,mmack@example.com,DJ,2023-09-25,Basic,10512.33
4664,Kelly Martin,kara42@example.com,GA,2020-12-24,Premium,24539.44
4665,Deanna Chapman,vjohnston@example.net,CZ,2023-06-29,Basic,2701.98
4666,Jade Robles,znorris@example.com,NE,2022-11-26,Standard,7828.55
4667,Sherri Braun,xoconnor@example.net,PL,2019-07-27,Premium,3072.91
4668,Michaela Case,stephaniewashington@example.org,BH,2018-08-12,Premium,21179.37
4669,Erica Dickson,michaelklein@example.org,NR,2021-02-10,Premium,13712.27
4670,Kathleen Martinez,james60@example.net,CD,2021-01-04,Premium,19596.77
4671,Timothy Haynes,bryan25@example.com,BH,2022-09-30,Premium,998.43
4672,Bryan Mccullough,ffleming@example.com,MH,2024-05-09,Premium,246.40
4673,Ricardo Smith,ewingnicole@example.net,MA,2021-10-14,Basic,17989.30
4674,Julie Gonzales,judithnguyen@example.com,PS,2021-03-10,Standard,6017.01
4675,Zachary Ellis,wattsjason@example.net,ZM,2020-06-21,Basic,15091.53
4676,Terry Russell,ktaylor@example.com,AU,2020-12-28,Basic,8838.79
4677,Gregory Wright,fostertracey@example.org,TR,2020-08-26,Premium,573.85
4678,Jordan Forbes,nina25@example.com,BF,2024-07-20,Standard,19058.78
4679,Janet Mcdonald,tinawilliams@example.org,NZ,2019-12-05,Standard,5078.53
4680,Jeanette Odonnell,jennifer50@example.net,ER,2024-11-29,Premium,23861.83
4681,Austin Scott,iperez@example.org,GQ,2019-01-09,Basic,18511.40
4682,Robert Reynolds,ugraham@example.com,TD,2021-01-09,Standard,3114.08
4683,David Reid,eric16@example.net,IT,2020-10-05,Standard,5524.34
4684,Danny Jackson,dmcintyre@example.net,TL,2023-02-26,Basic,4141.06
4685,Julian Jones,mckayshawn@example.org,CI,2019-12-12,Premium,6986.77
4686,Reginald Wallace,vphillips@example.com,CR,2018-01-13,Premium,16779.04
4687,Ethan Johnson,haneymichael@example.com,SB,2022-11-18,Basic,21522.38
4688,Victor Moore,barry68@example.com,IQ,2022-05-03,Standard,5334.70
4689,Cameron Lee,urios@example.net,MY,2019-02-16,Premium,10213.37
4690,Shelly Wright,matthewreed@example.com,BT,2022-12-25,Standard,3759.64
4691,Dr. Kevin Campos,charles93@example.com,SK,2022-04-24,Basic,18767.35
4692,George Jones,shawngonzalez@example.com,LT,2018-04-05,Basic,19126.40
4693,Alicia Jones,khenderson@example.org,FJ,2020-04-20,Basic,12288.00
4694,Jennifer Davis,felicia15@example.org,ME,2023-11-17,Standard,8052.00
4695,Jessica Rogers,lisaanderson@example.net,IL,2023-08-07,Basic,15390.95
4696,Patricia Williams,bairdaaron@example.com,SM,2022-12-17,Basic,5136.74
4697,Carol Le,gilbertamanda@example.org,TH,2019-08-15,Basic,1933.92
4698,Tracy King,ttate@example.net,TL,2022-03-27,Premium,19701.75
4699,Sharon Luna,pachecopatricia@example.net,CG,2020-04-28,Premium,7855.29
4700,Dr. David Luna,morrisamber@example.net,UZ,2022-07-18,Standard,6219.14
4701,Erin Pena,paynejoseph@example.org,GM,2021-04-05,Premium,9486.10
4702,Ryan Morgan,tranjoyce@example.net,WS,2023-04-08,Premium,17162.30
4703,Gina Pollard,matthewmay@example.net,KM,2024-04-26,Premium,16136.93
4704,Robert Garza,suzannestrickland@example.org,BY,2018-09-22,Standard,17826.74
4705,Jason Turner,prestonsusan@example.org,DK,2018-03-31,Standard,14291.41
4706,Sheryl Bullock,xgallegos@example.com,CV,2022-01-12,Standard,512.35
4707,Brittany Jennings,ashlee36@example.org,BF,2022-11-23,Basic,11133.19
4708,Robert Howell,brenda59@example.org,EC,2022-10-04,Premium,10934.06
4709,Scott Hernandez,jeffreyramsey@example.com,CH,2021-11-27,Premium,6728.04
4710,Jason Mcdaniel,hbaldwin@example.com,MX,2020-11-30,Standard,3952.45
4711,Samuel Ellison,clarkjustin@example.net,VU,2020-06-16,Basic,16125.22
4712,Anthony Young,groberts@example.com,IR,2024-09-19,Basic,20253.55
4713,Joseph Thomas,james22@example.org,AO,2018-05-29,Standard,9114.30
4714,Charles Nelson,gcruz@example.org,NG,2020-07-25,Premium,17677.61
4715,Daniel Delacruz,lisa57@example.com,LI,2019-10-13,Premium,15386.25
4716,Barbara Reese,melissa39@example.org,KR,2024-03-14,Premium,6259.78
4717,Amanda Robinson,cynthia42@example.net,DZ,2023-11-22,Standard,11327.52
4718,Joseph Cunningham,lawrencealexis@example.net,MV,2021-04-15,Premium,21462.51
4719,Louis Thompson,dpatrick@example.com,FM,2021-02-14,Premium,5727.22
4720,David Ryan,draketheodore@example.org,IE,2021-06-30,Premium,13012.70
4721,Daniel Stevenson,tammy78@example.net,AU,2020-08-07,Premium,15523.62
4722,Vernon Hebert,patriciasmith@example.com,SB,2024-06-03,Basic,19577.52
4723,William Fisher,michael02@example.net,MV,2019-12-22,Standard,13698.46
4724,Laura Adams,kimberlyestrada@example.com,BY,2022-09-30,Premium,5906.13
4725,Sara Campbell MD,johnsonjay@example.org,LK,2020-03-11,Basic,17813.23
4726,Samantha Reynolds,kburch@example.net,BE,2018-10-03,Premium,6726.10
4727,Jennifer Tucker,thomas20@example.net,BY,2020-01-03,Basic,3103.43
4728,Shane Phillips,williamwright@example.com,TH,2023-03-10,Basic,19021.51
4729,Albert Miller,eharrison@example.net,GB,2020-01-03,Premium,13341.43
4730,Daniel Delacruz,douglas53@example.net,GR,2020-02-05,Premium,19672.71
4731,Beverly Baker,nicole77@example.com,EG,2021-08-26,Premium,19158.74
4732,David Griffin,brandon18@example.net,LY,2023-10-04,Premium,12522.83
4733,Brett Frost,ryan03@example.net,MT,2018-08-21,Standard,3373.73
4734,David Wilcox,gweaver@example.com,EE,2018-07-18,Standard,3897.74
4735,Alexis Adkins,steven98@example.org,MN,2019-06-26,Premium,21542.21
4736,Rebecca Collins,ybrown@example.net,ME,2022-02-13,Basic,19578.94
4737,Sandra Fleming,aliciaallen@example.net,DZ,2023-03-10,Premium,11373.60
4738,William Peck,richard67@example.net,JP,2019-03-27,Basic,6205.37
4739,William Newman,meyerkathleen@example.net,NZ,2024-10-18,Premium,1676.85
4740,Jason Calhoun,mollynguyen@example.net,JP,2022-03-26,Premium,14.33
4741,Erin Glover,janetbrown@example.net,TJ,2023-03-03,Basic,19970.95
4742,Jeffrey Hall,susan01@example.net,IT,2022-06-06,Basic,13536.72
4743,Johnny Duncan,richardgonzalez@example.net,MU,2022-07-13,Basic,11665.51
4744,Heather Cannon,kshelton@example.org,KN,2023-10-30,Standard,19659.62
4745,Mark Hernandez,andrewpierce@example.net,CM,2024-06-23,Basic,20940.69
4746,Alvin Newton,williamrussell@example.com,UG,2022-07-18,Standard,13086.76
4747,Clarence Miller,vmorris@example.org,ID,2022-07-28,Premium,12578.81
4748,Pamela Juarez,ogriffin@example.net,SV,2023-08-09,Premium,20120.97
4749,Alexis Dixon MD,crystal58@example.net,RO,2020-04-27,Premium,14994.96
4750,Denise Hopkins,phodge@example.com,WS,2022-02-14,Standard,2888.40
4751,Tina Henderson,christinecabrera@example.org,BD,2022-08-17,Standard,9398.61
4752,Haley Bryant,vmoore@example.org,EG,2022-03-11,Premium,7863.63
4753,Sharon Scott,markblackburn@example.com,MR,2020-03-24,Premium,5389.26
4754,Melanie Jimenez,xlloyd@example.com,SN,2019-08-26,Standard,21629.93
4755,Erica Clark,smithjeanne@example.net,OM,2019-07-27,Basic,19844.01
4756,Dawn Ruiz,rjones@example.net,EG,2022-06-12,Premium,3557.88
4757,Amanda Kramer,bentleyvickie@example.net,AZ,2020-07-19,Standard,6323.00
4758,Mr. James Clay,fmunoz@example.net,IR,2022-06-24,Standard,17822.26
4759,Riley Hurst,stevenskaren@example.org,JP,2022-03-02,Premium,11582.48
4760,Isabella Henderson,kimberlymoss@example.org,DE,2022-08-31,Premium,6134.15
4761,Craig Conrad,jennifer55@example.net,PE,2019-08-20,Basic,23068.67
4762,Stacy Burns,jessica78@example.org,AE,2021-04-25,Standard,1327.98
4763,Jonathan Mills,deniseevans@example.com,MV,2023-03-21,Standard,22176.16
4764,Nicholas Curry,whitenicholas@example.com,VA,2022-11-11,Premium,14955.91
4765,Rachel Harris,psantiago@example.org,TO,2021-12-24,Basic,13790.17
4766,Scott Rangel,preston44@example.org,TT,2018-06-15,Standard,1693.89
4767,Amanda Flores,phillip63@example.org,BH,2021-09-19,Premium,7758.54
4768,Christina Thomas,sparksbrian@example.net,BO,2023-09-07,Premium,276.40
4769,Anthony Dixon,pittsmary@example.net,CD,2019-02-19,Premium,18608.44
4770,Patrick Cox,morganwatts@example.com,AE,2024-04-19,Standard,1497.17
4771,Megan Sanchez,kdiaz@example.com,YE,2023-09-18,Premium,15766.86
4772,Pamela Larson,cookkenneth@example.net,TV,2022-03-01,Premium,11208.97
4773,Amanda Davis,heathermora@example.com,UZ,2021-09-30,Basic,11507.27
4774,Tara Nguyen,terrieverett@example.org,BE,2024-12-21,Standard,7123.18
4775,Laura Robinson,lewisdavid@example.net,TO,2018-07-28,Basic,14640.53
4776,Robert Fisher,calebhamilton@example.net,SO,2022-12-01,Standard,10835.20
4777,Ian Olson,judyewing@example.net,IQ,2023-10-07,Premium,16658.00
4778,Mario Brooks,laura17@example.com,TL,2024-02-23,Basic,18723.43
4779,Holly Grant MD,heatherward@example.org,FM,2023-09-04,Premium,24966.11
4780,Kristie Barnett,ylee@example.net,CZ,2019-09-21,Standard,8253.80
4781,Kimberly Kane,charlenewalker@example.org,MK,2022-12-07,Basic,18063.59
4782,Kimberly Gonzales,ugarcia@example.org,MG,2020-12-30,Premium,3555.28
4783,Linda Ortiz,aharding@example.net,TL,2020-03-15,Premium,15421.86
4784,Omar Adams,erica50@example.com,LA,2021-02-03,Standard,5505.94
4785,Joseph Garcia,leblancdavid@example.net,MH,2018-06-30,Standard,302.87
4786,Amber Payne,vstewart@example.com,MG,2019-06-29,Premium,10459.40
4787,Nicole Morgan,santosluke@example.org,CD,2020-03-04,Standard,19986.79
4788,Tanner Hawkins,ftucker@example.com,ID,2019-09-14,Standard,13676.40
4789,Mr. Daniel Schmidt DDS,ybennett@example.net,KE,2020-11-11,Premium,14.17
4790,Gary Boyle,kevinwallace@example.com,CH,2018-09-29,Premium,21471.02
4791,Valerie Gonzalez,jray@example.org,MD,2020-12-23,Basic,12066.61
4792,Steven Shaw,cooperhoward@example.com,JP,2018-09-28,Premium,11707.67
4793,Stephen Jimenez,valerie05@example.org,CI,2019-11-10,Basic,12337.06
4794,Alexa Odonnell,kingdavid@example.com,AR,2018-11-24,Basic,11490.16
4795,Sharon May,emartin@example.com,MH,2021-11-04,Basic,18198.05
4796,Katelyn Young,kgray@example.net,GB,2022-03-05,Standard,23891.71
4797,Emily Wilson,gonzaleskenneth@example.net,HT,2020-11-23,Basic,13964.21
4798,Jacob Mendez,alexandria48@example.net,UG,2021-09-16,Basic,16623.54
4799,Hannah Pena,shawn31@example.net,VA,2023-11-28,Premium,16693.80
4800,Tina Baker,bbrown@example.org,TM,2024-08-12,Basic,17065.04
4801,Gerald King,pwebb@example.com,DZ,2024-08-29,Premium,5654.97
4802,Charles Romero,ywallace@example.org,VN,2018-04-02,Standard,12084.90
4803,Joshua Hart,frivera@example.net,SV,2021-09-06,Basic,7514.22
4804,Valerie Martinez,lisawilliams@example.org,BH,2022-07-16,Premium,23802.51
4805,Adam Mitchell,kimnoah@example.net,MM,2021-05-15,Standard,2662.42
4806,Frank Bradley,joshuafrost@example.com,NE,2019-08-30,Basic,5590.63
4807,Matthew Kane,hooperjacob@example.org,HU,2020-06-15,Premium,11608.69
4808,Susan Hampton,mrogers@example.com,FI,2019-09-20,Premium,17434.54
4809,Isabella Duffy,sarah98@example.org,TO,2023-09-03,Standard,10316.13
4810,Robert Gordon,wheelersabrina@example.net,RW,2022-06-26,Standard,14164.32
4811,Pamela Nguyen,jgordon@example.org,ME,2021-05-10,Premium,6062.35
4812,Victoria Marshall,lwright@example.com,PH,2024-12-27,Standard,23712.29
4813,Martin Robertson,,AR,2018-09-29,Standard,23153.11
4814,Mary Forbes,sarah00@example.net,BA,2018-08-22,Standard,10148.12
4815,Zachary Stanley,mpadilla@example.com,DJ,2022-11-06,Premium,10355.57
4816,Stephanie Daniel,parksandre@example.com,VA,2018-05-06,Standard,23439.85
4817,Christopher Herring,ckelly@example.net,DJ,2019-04-30,Standard,5892.06
4818,James Smith,emily56@example.com,CL,2023-07-08,Standard,14710.58
4819,Jeremy Harris,zmartin@example.net,KW,2022-07-19,Standard,21236.25
4820,Michelle Garza,glambert@example.net,SC,2021-03-19,Premium,15264.32
4821,Johnny Joseph,hannahdrake@example.com,FJ,2019-11-07,Standard,3979.80
4822,Gina Sims,samuelrobinson@example.net,MN,2021-09-01,Basic,9421.19
4823,Jesse Wolfe,baileylauren@example.org,NE,2018-12-06,Premium,2052.37
4824,Joan Brown,amandastewart@example.net,HN,2018-02-04,Premium,13509.26
4825,Rachael Clayton,timothyblackburn@example.com,GR,2023-07-11,Premium,23359.36
4826,Shawn Hawkins,danielgood@example.net,TO,2019-09-15,Premium,52.18
4827,Bradley Kennedy,ballen@example.net,FI,2019-12-29,Premium,3337.08
4828,Sandra Rice,arthurhansen@example.net,SC,2022-02-11,Basic,17141.54
4829,Scott Osborne,hendersonfernando@example.net,MY,2022-01-03,Basic,14299.93
4830,Melvin Williams,xwells@example.com,TM,2018-06-15,Premium,22321.99
4831,Richard Moss,kelly05@example.net,TW,2021-09-14,Premium,973.56
4832,Stacy Olson,markbryan@example.net,SN,2024-07-15,Premium,24704.62
4833,Nancy Kelley,fullerrhonda@example.com,SM,2024-11-21,Premium,20535.74
4834,Daniel Washington,katelyn72@example.org,SL,2020-02-27,Premium,22426.40
4835,Dwayne Wilson,christopher07@example.net,KI,2023-07-02,Premium,6683.26
4836,Audrey Gray,pattersonerin@example.org,BT,2021-04-08,Basic,20921.25
4837,Jacob Reyes,pdavis@example.com,AM,2018-10-21,Basic,7111.12
4838,Jessica Pena,williamsmonica@example.com,LT,2018-09-24,Standard,15154.19
4839,Amanda Davidson,davidwoods@example.com,TO,2020-11-30,Premium,16086.60
4840,Amanda Curtis,catherine49@example.org,LT,2023-10-10,Premium,12410.39
4841,Gregory Horton,knappjeffrey@example.net,MX,2020-07-05,Basic,7092.43
4842,Daniel Carter,monicatorres@example.com,SE,2022-05-31,Standard,16625.21
4843,Anne Johnson,joebrown@example.com,BA,2023-04-21,Standard,8968.80
4844,Debbie Lucas,pmorales@example.net,UZ,2023-09-16,Standard,7341.33
4845,Andrew Johnson,jason80@example.com,ME,2022-07-01,Standard,20174.15
4846,Stephanie Pierce,ksimpson@example.com,CA,2020-08-21,Standard,16656.38
4847,Michael Bennett,lwilliams@example.net,PE,2020-05-12,Premium,11532.17
4848,Jonathan Smith,claytara@example.net,TJ,2019-09-28,Premium,1986.33
4849,Steven Hall,noah12@example.net,BY,2024-08-04,Premium,3692.00
4850,Brian King,sara62@example.com,OM,2023-01-13,Premium,3733.17
4851,Christopher Bailey,crodriguez@example.com,UA,2018-10-28,Standard,19259.17
4852,Jennifer Townsend,kristinraymond@example.net,MH,2021-08-03,Basic,5981.35
4853,Rebecca Fowler,tracy50@example.net,BH,2023-05-27,Standard,10247.01
4854,Maria Jensen,owilson@example.net,GN,2024-03-11,Basic,14691.77
4855,George Crawford,rjohnson@example.org,MU,2020-05-09,Standard,16404.54
4856,Samantha Baker,seth65@example.org,IN,2022-01-31,Premium,9769.86
4857,Brian Lopez,justin58@example.net,ZW,2021-11-14,Premium,1222.80
4858,Steven Gutierrez,jessica54@example.org,KM,2020-10-29,Standard,4664.06
4859,Laura Stephenson,sarahmeyers@example.net,BD,2023-08-01,Standard,16458.24
4860,Jonathan Poole,andrewlopez@example.net,FI,2022-06-17,Basic,21564.36
4861,Kristopher Galvan,larrythompson@example.com,SV,2023-01-16,Premium,20394.53
4862,Michael Tucker,collinsjose@example.com,AD,2022-09-26,Basic,7869.71
4863,Jessica Martinez,james25@example.com,LV,2024-05-09,Basic,4599.05
4864,Justin Thomas,fcortez@example.org,SN,2019-11-04,Standard,10395.03
4865,Bryce Watts,charles09@example.net,MH,2023-06-18,Standard,3704.19
4866,Casey Faulkner,kendra75@example.org,MN,2019-07-29,Premium,12819.61
4867,Joshua Fowler,deborah82@example.net,AL,2023-07-22,Standard,22682.67
4868,John Hernandez,jamiejohnson@example.net,ER,2020-01-10,Standard,961.23
4869,Christy Moreno,quinnjohn@example.com,PW,2018-02-07,Basic,9018.19
4870,David Moore,cmartinez@example.net,NP,2021-11-05,Basic,9325.60
4871,Jeffrey Mendez,carpentermegan@example.com,SO,2018-01-12,Premium,12069.96
4872,Margaret Ellis,brandy29@example.com,IQ,2023-08-15,Premium,5276.54
4873,Cheyenne Jones,oburns@example.com,DJ,2021-09-23,Basic,16466.64
4874,Sandra Christensen MD,jenna90@example.net,LS,2023-08-31,Standard,13271.73
4875,Matthew Merritt,kathrynjohnson@example.org,MY,2023-12-06,Basic,15311.59
4876,Micheal Waters,webbcandice@example.com,HN,2024-11-12,Premium,10873.44
4877,Thomas Spencer,jaimegarcia@example.com,TL,2018-06-11,Standard,24103.56
4878,Monica Hunt,sandersjoshua@example.org,DJ,2024-08-17,Basic,7254.83
4879,Chad Brown,savagejeffrey@example.net,MD,2023-02-13,Premium,7112.14
4880,Lisa Marks,charlesgomez@example.net,GY,2018-03-15,Standard,14733.01
4881,Kimberly Davis,zsanchez@example.org,LB,2018-09-15,Standard,20738.82
4882,Angela Nunez,asmith@example.org,GW,2022-09-06,Standard,22852.63
4883,Heather Roberts,sampsonrobert@example.net,EC,2024-10-29,Basic,5773.63
4884,Emily Crane,duanemclean@example.com,CA,2021-07-14,Basic,5572.49
4885,Krista Horton,gnixon@example.org,LU,2020-12-20,Standard,22287.83
4886,Jason Brown,antonio57@example.net,TT,2018-06-08,Premium,16710.81
4887,Matthew Foster DDS,johnsonyolanda@example.com,BA,2024-07-01,Standard,9870.31
4888,Sean Henderson,xbarnes@example.org,SN,2018-01-18,Basic,5730.52
4889,Juan Farmer,danielwilliams@example.org,PW,2020-06-27,Standard,5974.50
4890,Mrs. Melissa Chavez,karen90@example.org,VN,2018-01-10,Standard,1194.09
4891,Steven Moore,petersonkrystal@example.net,MX,2018-11-08,Standard,13381.44
4892,Robert Olson,traciwalls@example.com,JO,2024-02-17,Standard,408.59
4893,Erin Delgado,bryanjackson@example.org,SN,2021-06-08,Basic,16582.85
4894,Gary Thompson,geraldandrews@example.net,GD,2023-07-28,Basic,5335.36
4895,Randy Scott,phillipsemily@example.net,HU,2024-03-12,Standard,19491.87
4896,Tiffany Orozco,xtownsend@example.com,GW,2020-08-19,Standard,14018.87
4897,Katie Morales,michael47@example.net,BF,2021-09-07,Premium,13626.58
4898,Robert Guerra,jilladams@example.com,GM,2020-03-31,Premium,17127.10
4899,William Houston,timothybell@example.net,CF,2018-11-23,Standard,16171.07
4900,Alan Decker,amy87@example.com,AZ,2023-05-20,Premium,2486.50
4901,Patrick Adkins,williamsonbrian@example.org,CI,2020-11-23,Premium,16436.43
4902,Charles Mccoy,leonkatie@example.net,MA,2020-11-19,Standard,4046.54
4903,Diane Clark,drakenicholas@example.com,TT,2022-10-13,Premium,18229.04
4904,Albert Williams,richard19@example.net,FR,2022-01-20,Premium,19127.32
4905,Tamara Murphy MD,ljackson@example.com,BF,2021-03-28,Standard,24947.13
4906,Christine Fritz,david66@example.org,HT,2024-02-26,Basic,1714.74
4907,Brandon Williams,jamessmith@example.com,BS,2019-09-30,Premium,21325.76
4908,Barbara Bauer,,CG,2018-01-14,Premium,1649.56
4909,Mallory Cox,harperjenna@example.org,TW,2021-01-11,Premium,2834.27
4910,Jennifer Alexander,danamoore@example.com,GR,2023-01-23,Standard,3035.98
4911,Jacob Ruiz,lallen@example.com,CG,2023-12-30,Standard,12769.49
4912,Tony Hernandez,lindakaufman@example.com,QA,2023-05-26,Basic,15359.15
4913,Amy Perry PhD,jacksonbianca@example.org,MM,2018-12-08,Standard,19725.00
4914,Jessica Roberts,bethany57@example.org,SB,2021-12-17,Premium,9697.02
4915,Chris Reeves,rbenson@example.com,DK,2020-02-15,Basic,23623.52
4916,Bryan Rose,moralesjessica@example.org,BZ,2018-03-16,Basic,20109.38
4917,Brian Glenn,davisjonathan@example.net,IN,2018-12-20,Premium,4057.30
4918,Edward Shaffer,virginia46@example.com,GM,2021-11-02,Premium,13052.17
4919,Michael Harris,leblanctheodore@example.net,IN,2023-12-31,Premium,11967.26
4920,Steven Smith,umorales@example.com,LB,2021-12-10,Premium,8504.52
4921,Kimberly Alvarez,leeadrian@example.org,CF,2022-05-14,Standard,2589.23
4922,Mrs. Katherine Andrade,murraypaul@example.org,CF,2023-09-30,Standard,5309.00
4923,Ashley Powers,olewis@example.org,TL,2020-02-18,Basic,15937.23
4924,Lynn Santos,pmartin@example.com,PW,2024-07-29,Basic,17433.87
4925,Heather Roberson,alexander19@example.org,TL,2020-07-17,Basic,23344.91
4926,Marie Fitzgerald,kelly26@example.net,BG,2023-07-18,Basic,19270.98
4927,Shelley Tran,melissajones@example.com,IT,2022-05-06,Standard,16063.18
4928,Philip Thompson,huffjon@example.com,LB,2020-03-26,Premium,909.49
4929,Mary Bender,joshuamullins@example.org,CN,2020-02-10,Premium,14273.48
4930,Ryan Newman,david11@example.com,SE,2018-03-12,Basic,23348.00
4931,Anthony Stone,corey59@example.org,GW,2021-10-19,Standard,18743.32
4932,Michael Myers,calvinmolina@example.com,NO,2018-01-31,Standard,21550.17
4933,Cole Schaefer,pottskaren@example.com,TT,2018-12-16,Premium,21075.56
4934,Alexandra Johnson,debbie41@example.org,FM,2024-09-01,Basic,14035.31
4935,Karen Kidd,velazquezdarlene@example.com,BA,2019-04-23,Basic,3394.26
4936,Stephen Allen,shermanalexander@example.com,ST,2023-07-18,Basic,24903.39
4937,Melinda Fowler,rray@example.net,LI,2021-10-27,Premium,15623.66
4938,James Rodriguez,traceyhill@example.net,GQ,2018-05-14,Basic,7926.67
4939,Scott Ramirez,tracy73@example.org,IQ,2021-07-02,Basic,20554.11
4940,Jacqueline Pena,wwright@example.net,QA,2021-04-16,Premium,21466.42
4941,Maurice Shaw,eric53@example.org,TL,2018-08-13,Standard,16620.59
4942,Michaela Robles,brandon09@example.org,PY,2019-07-15,Basic,6457.04
4943,Thomas Wilson,christine89@example.net,PE,2022-04-04,Premium,7016.70
4944,Albert Oliver,annettemurphy@example.net,MH,2022-08-15,Premium,24378.24
4945,Gregory Dorsey,wayneschmidt@example.com,ZA,2022-01-30,Premium,12457.18
4946,James Williams,joyceobrien@example.net,EC,2021-05-13,Standard,568.31
4947,Jeffery Reid,carlsonmichelle@example.org,FM,2021-03-13,Standard,4619.40
4948,Tammy Fields,fthompson@example.net,KH,2019-01-17,Premium,23285.26
4949,Lisa Dixon,longlauren@example.org,CM,2024-10-05,Basic,21289.25
4950,Michael Wilson,carrie82@example.org,GE,2022-01-24,Premium,2378.93
4951,Brad Murphy,wjimenez@example.org,FM,2020-12-18,Standard,7957.79
4952,Cindy York,lmartinez@example.net,PK,2019-05-22,Premium,14410.28
4953,Tina Green,joshuathompson@example.net,KN,2024-07-12,Premium,5787.98
4954,Charles Stewart MD,lroy@example.org,GD,2021-02-06,Standard,21036.68
4955,Miranda Smith,jacob79@example.org,RO,2024-03-03,Basic,22824.33
4956,Jacob Romero,williamsonchristina@example.org,LV,2018-11-23,Basic,13723.41
4957,Scott Murphy,elizabethbradford@example.com,GR,2024-06-22,Basic,13651.62
4958,Stephanie Roman,boyerautumn@example.com,FM,2024-03-12,Basic,7438.65
4959,Melinda Vasquez,randallpowers@example.org,RW,2022-07-12,Premium,7797.30
4960,Kevin Chavez,abigailsims@example.com,KZ,2022-09-18,Premium,16447.44
4961,Andrea Aguilar,allendale@example.net,ZW,2021-01-07,Basic,1301.34
4962,Matthew Williams,alvarezjacob@example.net,BD,2018-10-09,Premium,23724.60
4963,David Mccann,stephanie41@example.org,GH,2024-08-06,Premium,2670.72
4964,Nicholas White,rebeccagrant@example.org,SL,2023-05-08,Premium,11730.58
4965,Stacey Dalton,xbrown@example.net,TR,2022-01-19,Standard,13549.11
4966,Kevin Bass,timothyriggs@example.com,TJ,2020-12-18,Premium,14771.35
4967,Tina Harris,daviddodson@example.org,NO,2024-04-17,Premium,2050.22
4968,Natalie Lopez,hbanks@example.org,VN,2019-11-21,Premium,16212.14
4969,Linda Griffin MD,charlescole@example.net,KI,2024-05-19,Basic,21667.30
4970,Kyle Hansen,ambergonzalez@example.net,IT,2018-03-10,Standard,5460.45
4971,Mrs. Natalie Hall,davislaura@example.com,BH,2019-06-03,Premium,18446.54
4972,Laura Foster,megan54@example.org,OM,2023-09-19,Premium,24741.17
4973,Sonya Smith,robin55@example.net,SD,2018-01-22,Basic,13074.38
4974,Sarah Stark,estradakimberly@example.org,TL,2021-01-24,Basic,19866.53
4975,Cassidy Pearson,zacharymorris@example.org,ZA,2020-02-08,Standard,13689.09
4976,Diana Olson,suzannerobertson@example.net,MH,2018-09-01,Standard,5275.19
4977,Benjamin Watson,craig33@example.net,AU,2022-05-11,Premium,20625.63
4978,Alan Jenkins,berryvalerie@example.net,NR,2021-04-13,Standard,3405.26
4979,Yvonne Hays,matthew30@example.net,HN,2024-08-16,Standard,22768.66
4980,Nicholas Randall III,halltrevor@example.org,PT,2021-03-24,Standard,6225.77
4981,Travis Tucker,anthonydavis@example.net,TT,2019-05-26,Basic,10505.60
4982,Anthony Smith,zachary07@example.org,BY,2024-10-15,Standard,36.32
4983,Ronald Cole,xsanchez@example.com,BH,2019-04-15,Standard,14768.43
4984,Theresa Davenport,rogerspatricia@example.com,OM,2020-11-02,Basic,3204.78
4985,Barbara Johnson,vhatfield@example.net,AU,2020-01-26,Basic,14505.10
4986,Karen Hess,boonelee@example.net,LI,2020-10-16,Premium,17776.70
4987,William Garcia,zryan@example.net,IN,2020-08-03,Premium,18622.00
4988,Jeffrey Bean,vduarte@example.net,WS,2018-10-23,Basic,9867.97
4989,Angela Daniel,kelly20@example.com,IL,2020-06-12,Standard,23985.00
4990,Tyler Ward,beltransamantha@example.net,TL,2024-06-11,Premium,16296.32
4991,John Benitez,elliottgrant@example.org,ZA,2019-03-30,Basic,344.00
4992,Jonathan Stewart,austinpollard@example.org,GR,2019-03-15,Standard,5158.34
4993,Sharon Miller,baileycrystal@example.org,MW,2019-08-15,Premium,18107.86
4994,Alicia Jones,krista46@example.com,KR,2019-05-20,Standard,8127.79
4995,Abigail Williams,prestonbenjamin@example.com,LC,2022-08-11,Standard,16488.01
4996,Samuel King,ycruz@example.org,KE,2021-01-31,Standard,16577.99
4997,Kimberly Alexander,michaelsmith@example.net,TT,2019-08-21,Premium,9730.28
4998,Shannon Foster,lesliehenderson@example.org,FI,2020-02-10,Basic,21452.84
4999,Melissa Morrison,daviswilliam@example.org,TL,2020-09-21,Standard,12222.84
5000,Rebecca Cruz,erinwatson@example.net,GQ,2021-01-26,Standard,1223.34
5001,Keith Guzman,john50@example.com,BN,2018-01-13,Standard,11589.56
5002,Dawn Chen,timothy76@example.org,BZ,2018-09-09,Premium,18708.11
5003,Melissa Orozco,jackiemartinez@example.com,MZ,2023-11-18,Standard,5096.00
5004,Christopher Parker,ggarcia@example.com,JP,2019-03-29,Standard,3517.45
5005,Kevin Campbell,johnparker@example.net,SR,2021-02-18,Premium,10653.81
5006,Jordan Barton,chaselaura@example.com,ZM,2018-02-26,Standard,19642.38
5007,Todd Vega,katrina92@example.net,PK,2023-12-10,Premium,14662.11
5008,Erika Andrews,rose48@example.net,KP,2021-11-25,Standard,16106.25
5009,Aaron Guerrero,wmorgan@example.net,IE,2023-01-15,Premium,17210.77
5010,Cynthia Waller,dawnroberts@example.net,SC,2021-02-02,Standard,24087.70
5011,Albert Rosario DDS,osanders@example.net,QA,2021-01-09,Premium,12008.76
5012,David Armstrong,shawnwilliams@example.org,IS,2022-11-30,Premium,428.64
5013,Heather Hart,imartinez@example.net,TO,2020-08-18,Basic,12147.56
5014,Jeremy Roman,zcoleman@example.org,MD,2020-06-15,Basic,12742.44
5015,Leah Guzman,frank42@example.com,TR,2019-08-16,Premium,6691.89
5016,Lisa Wilson,fhancock@example.org,SM,2022-02-27,Basic,6370.28
5017,Jennifer Mathews,barbara05@example.net,NZ,2019-02-09,Standard,21550.06
5018,Christy Vance,qwashington@example.com,IT,2023-10-17,Standard,18660.07
5019,Karen Olson,nelsonmichael@example.com,PT,2018-03-25,Premium,14178.90
5020,Amy Costa,terrymichael@example.com,IE,2019-03-15,Premium,22469.39
5021,Amanda Rivas,stephen52@example.com,MW,2020-10-29,Premium,18943.42
5022,Cindy Green DVM,michael57@example.com,GB,2024-03-27,Basic,14360.34
5023,Christine Clayton,teresa05@example.org,TM,2023-12-11,Premium,15687.98
5024,Tiffany Deleon,umartin@example.com,CO,2023-12-05,Premium,3727.41
5025,Michelle Hampton,uprice@example.net,SD,2018-03-22,Standard,19212.33
5026,Kathleen Arroyo,mckenzie26@example.com,AO,2024-03-18,Standard,14198.78
5027,Timothy Shepherd,frenchjacob@example.com,NZ,2018-01-06,Standard,4835.48
5028,Elizabeth Weaver,james50@example.org,RO,2019-03-21,Basic,7658.45
5029,Jennifer Garcia,jeffrey77@example.net,SL,2022-10-07,Standard,17400.67
5030,Donald Rodriguez,anne19@example.org,MW,2021-01-18,Basic,4986.67
5031,Michael Perkins,bondglenda@example.org,LV,2022-07-05,Basic,21047.75
5032,Hailey Garcia,baileychloe@example.net,BH,2024-09-30,Basic,14100.55
5033,Mr. Daniel Mendoza,smithbryan@example.org,TW,2019-01-29,Standard,11796.36
5034,Elizabeth Mclaughlin,thomasstacey@example.com,KG,2020-03-14,Premium,8117.88
5035,Ronald Reynolds,katherineramirez@example.com,BZ,2021-10-08,Standard,11784.60
5036,Ann Gray,rebecca91@example.org,KH,2020-09-14,Basic,8335.73
5037,Laura Turner,benjamin11@example.net,DE,2020-07-21,Standard,23937.54
5038,Wendy Bullock,ryan59@example.com,BY,2018-03-09,Basic,1906.71
5039,Martha Johnson,margarethart@example.net,BH,2024-05-03,Premium,5782.61
5040,Lindsey Cruz MD,qlucas@example.org,GM,2018-06-29,Premium,11677.07
5041,Tammy Wilcox,jenniferhoward@example.net,CH,2024-01-01,Basic,1815.10
5042,Donna Moore,paul77@example.org,KP,2024-02-25,Standard,17960.77
5043,Lori Nguyen,aleczavala@example.org,PE,2020-06-23,Basic,5363.34
5044,Chad Mcguire,ejohnston@example.com,DJ,2022-02-28,Premium,915.40
5045,Travis Rivera,ericramos@example.net,CY,2018-02-17,Basic,10228.45
5046,Ryan Schultz,hannahthomas@example.net,VC,2021-02-22,Basic,14715.66
5047,Michael Lawrence,jessicahobbs@example.net,TN,2023-01-17,Premium,2337.07
5048,Shannon Miller,melissaponce@example.com,DM,2020-08-27,Basic,2969.48
5049,Karen Jimenez,fcalhoun@example.org,KE,2020-10-22,Basic,13422.28
5050,James Wiggins,candicecline@example.com,KW,2020-09-14,Premium,11900.31
5051,Paul Garcia,todd18@example.org,CV,2021-02-08,Basic,4175.94
5052,Alejandro Jones,stevenscurtis@example.org,CR,2018-01-27,Standard,20426.64
5053,Regina Wright,stephenmcneil@example.org,NO,2020-06-05,Standard,22186.71
5054,Joseph Garcia,millerjason@example.org,BI,2019-02-14,Premium,12592.51
5055,Amanda Wilson,william56@example.com,GR,2020-07-28,Basic,6941.75
5056,Anna Robinson,bensonjennifer@example.net,BI,2022-10-16,Basic,8723.97
5057,Miss Denise Lee,bward@example.com,HT,2022-01-01,Standard,13907.17
5058,Tony Thornton,nlewis@example.org,UG,2019-11-04,Premium,18472.52
5059,Mr. Andrew Skinner,davisnicole@example.com,TM,2024-05-30,Premium,16682.46
5060,Christopher Wilcox,samanthamoore@example.net,GD,2020-02-28,Premium,20557.85
5061,Alexis Smith,clarkpatrick@example.com,MD,2020-08-17,Basic,1130.10
5062,Tammy Brown,melissa43@example.com,SR,2020-01-05,Premium,20681.94
5063,Sandra Poole,brownangela@example.org,AU,2020-03-20,Premium,7375.00
5064,Gina Miller,julie11@example.net,LR,2018-09-08,Basic,11236.68
5065,Susan Hayden,mburke@example.net,IS,2024-12-08,Premium,787.27
5066,Veronica Snyder,alawson@example.org,LR,2020-04-16,Standard,15678.26
5067,Jonathan Macdonald,monroegary@example.com,MZ,2021-05-12,Basic,10795.56
5068,Nicole Hughes,elizabeth86@example.org,ZA,2018-09-17,Premium,11843.25
5069,Gail Scott,rodgerserik@example.com,CD,2018-02-01,Premium,9363.39
5070,Elizabeth Grant,reyesmiguel@example.net,AO,2023-12-24,Premium,17110.99
5071,Latoya Lambert,michael70@example.net,DO,2022-09-18,Premium,2120.68
5072,Oscar James,paige44@example.net,JP,2019-10-08,Premium,1830.33
5073,Edwin Terrell,claudiaglass@example.org,AE,2022-08-28,Premium,10865.46
5074,Richard Smith,gravesmelanie@example.org,LS,2019-11-12,Standard,17842.43
5075,Crystal Caldwell,lkrause@example.com,SE,2024-03-23,Basic,13271.65
5076,Luis Mcknight,carterjonathan@example.com,RS,2024-08-20,Basic,24610.19
5077,Kathy Phillips,griffinpatrick@example.net,BR,2023-01-30,Premium,20719.39
5078,Adam Patterson,wintersjeffrey@example.com,TR,2024-08-31,Basic,16512.92
5079,Michael Perez,vmyers@example.org,KZ,2020-06-02,Standard,10622.16
5080,David Glenn,morrisanthony@example.com,NR,2024-11-07,Standard,6979.38
5081,Michael Harrell,katherine18@example.org,AF,2020-12-01,Basic,5353.68
5082,Susan Spencer,williamdickson@example.com,PH,2018-03-24,Premium,10145.40
5083,Joseph Patterson,colson@example.com,NP,2022-03-19,Basic,11621.71
5084,Michael Munoz Jr.,angelahall@example.net,CL,2019-01-08,Basic,2883.69
5085,Adam Reid,danielmoore@example.org,CH,2019-06-04,Premium,5743.45
5086,John Walker,dmckay@example.com,FM,2023-12-26,Premium,14001.62
5087,Joseph Johnston,gloriawilliams@example.net,TV,2022-06-05,Basic,14516.56
5088,Rhonda Watts,igarza@example.net,AT,2019-07-08,Premium,12948.86
5089,Michael Martin,dsalinas@example.net,GM,2024-01-17,Premium,19973.57
5090,Patrick Heath,hernandeztravis@example.net,AZ,2020-09-12,Premium,12710.40
5091,Sarah Golden,jennifermoss@example.com,VC,2024-10-21,Basic,22110.53
5092,Antonio Valenzuela,christine91@example.com,CM,2020-09-16,Basic,13806.93
5093,Steven Mullins,jthornton@example.net,NA,2021-10-21,Basic,13439.16
5094,Tracy Weaver,vbradshaw@example.org,MV,2020-11-29,Standard,8301.90
5095,Amy Norman,tinabennett@example.com,ET,2019-07-12,Premium,1100.46
5096,Rhonda Montgomery,markhill@example.org,SY,2023-07-03,Premium,3492.81
5097,Susan Hughes MD,ipruitt@example.org,ZW,2020-06-22,Basic,15906.23
5098,Stephanie Fischer,bowmansamuel@example.com,SR,2023-10-23,Premium,15621.00
5099,Dustin Choi,melissafischer@example.net,HT,2018-10-20,Standard,18023.00
5100,Nicole Hill,perezlisa@example.net,LC,2024-02-18,Premium,18443.53
5101,Michael Lynch,yclay@example.com,TM,2021-08-11,Standard,4115.87
5102,Melinda Ruiz,mitchelltaylor@example.net,BF,2021-02-05,Standard,749.00
5103,Theresa Adkins,brianharrison@example.org,RW,2018-02-17,Premium,19382.61
5104,Laura Moore,xcoleman@example.org,ET,2018-04-10,Basic,758.69
5105,Tony Williams,princedavid@example.net,ST,2021-08-13,Premium,18938.96
5106,Erin Henry,timothy88@example.org,SR,2024-07-27,Premium,2065.82
5107,John Johnson,williammason@example.org,PA,2020-02-19,Standard,23827.22
5108,Ernest White,heather85@example.org,LB,2019-02-07,Standard,19591.24
5109,Stephanie Wilson,eric71@example.org,OM,2024-01-17,Basic,9288.49
5110,Kara Hodges,alexander51@example.org,VU,2024-10-13,Premium,17980.64
5111,Barbara Schmidt,christopher05@example.net,BW,2021-12-18,Standard,9476.13
5112,Ashley Johnson,vasquezcrystal@example.org,IS,2019-04-17,Basic,16140.18
5113,Jacqueline Rivera,javieringram@example.com,NE,2021-04-11,Standard,3981.86
5114,Brianna Schroeder,shane87@example.net,FR,2024-02-14,Premium,15008.71
5115,Timothy Craig,melissamorrison@example.com,BF,2024-06-18,Basic,11919.46
5116,Craig Shepherd,tmiller@example.org,GA,2023-07-05,Basic,22756.34
5117,Leonard Phillips,taylorlawrence@example.org,TN,2018-11-10,Premium,4393.12
5118,Jeffrey Lane,ryanclark@example.com,MG,2021-03-29,Basic,15541.37
5119,Chloe Barrett,heather94@example.com,NL,2018-06-23,Standard,9486.13
5120,Autumn Johnson,victoria46@example.net,HT,2018-06-15,Basic,10867.25
5121,Tanya Rodriguez,lwilliamson@example.com,NG,2018-04-18,Premium,14980.29
5122,Cynthia Nunez,andersonalan@example.org,GE,2018-01-12,Basic,6532.13
5123,Daniel Holmes,dalehudson@example.org,CY,2020-10-03,Standard,8633.80
5124,Leroy Reeves,tylergreen@example.org,KR,2021-10-30,Premium,9036.67
5125,Ruben Stark,tpatterson@example.com,BB,2023-10-15,Standard,13250.88
5126,Marissa Price,stevenwoods@example.net,UZ,2022-07-18,Standard,14075.04
5127,Jeffery Gutierrez,kellytasha@example.com,FI,2020-08-23,Standard,3731.83
5128,Sarah Hampton,jamesandrade@example.org,TM,2021-01-08,Basic,5696.12
5129,Brandon Robles,kennethporter@example.net,LA,2021-08-10,Standard,16533.10
5130,Brett Schwartz,ataylor@example.net,SD,2022-02-08,Standard,20539.46
5131,Sherri Douglas,zfranco@example.com,SM,2024-06-20,Standard,18239.99
5132,Melissa Wagner,suarezamy@example.net,MW,2024-03-13,Basic,984.40
5133,James Henson,gcastaneda@example.net,SL,2023-04-09,Premium,10168.30
5134,Terry Tucker,collinsmichelle@example.com,DO,2020-09-11,Standard,15052.56
5135,Deborah Morris,hendersonkimberly@example.net,PG,2024-11-20,Basic,11500.59
5136,Brooke Mitchell,cholder@example.org,GM,2021-12-25,Premium,19309.16
5137,Justin Schmidt,angelica09@example.net,LY,2023-11-24,Premium,3144.17
5138,Deanna Odonnell,cpierce@example.com,SN,2018-09-06,Standard,20049.84
5139,David Mccullough,amber72@example.com,BH,2019-05-17,Standard,6320.38
5140,Daniel Santiago,hendersonroberto@example.net,NI,2023-12-06,Premium,22255.12
5141,Francisco Bowman,treid@example.org,DZ,2023-12-08,Basic,124.29
5142,Jonathan Peters,seanthompson@example.net,LT,2020-11-25,Basic,4436.13
5143,Sarah Gonzales,robertmcdowell@example.net,SM,2023-04-25,Standard,22011.35
5144,Dustin Woodard MD,tommy13@example.net,ES,2020-10-16,Basic,4846.41
5145,Miguel Campbell,teresawilson@example.com,SV,2020-02-08,Basic,16193.56
5146,William Nelson,tammy43@example.org,CG,2022-06-26,Standard,6055.68
5147,Joshua Cole DDS,bellmichelle@example.com,NE,2018-09-26,Premium,17416.11
5148,Andrew Parker,dorseyscott@example.com,VC,2024-12-10,Basic,7378.78
5149,Dawn Smith,riverashane@example.com,MV,2019-12-01,Basic,14285.51
5150,Kyle Wolfe,megan52@example.com,LV,2021-06-13,Standard,7439.67
5151,Elizabeth Baker,lmorales@example.net,EE,2018-03-26,Premium,21986.15
5152,Amy Ford,tonifisher@example.net,IR,2019-06-19,Standard,18056.24
5153,Melvin Garcia,damon82@example.com,VC,2023-12-05,Standard,5346.86
5154,Cynthia Russell,veronicajensen@example.org,SO,2021-06-22,Standard,2054.21
5155,Lisa Myers,michaelibarra@example.com,CF,2018-06-17,Standard,7290.63
5156,Jennifer Hart,dbird@example.org,ML,2022-05-16,Premium,8866.90
5157,Jonathan May,hansenlarry@example.com,CF,2022-03-11,Standard,21656.84
5158,Michelle Wall,robertcastillo@example.net,MM,2018-06-23,Premium,10081.98
5159,James Williams,hernandezronnie@example.com,MW,2020-07-27,Basic,16893.77
5160,Amanda Lloyd,mitchellkrista@example.net,BS,2021-10-24,Basic,17079.58
5161,Kyle Jordan,mary95@example.com,LU,2021-04-18,Premium,23980.46
5162,Taylor Wright,michelle20@example.net,KW,2018-04-06,Basic,2115.17
5163,Miguel Morgan,mparks@example.org,SB,2022-03-26,Standard,10279.79
5164,Christina Rodriguez,xbrooks@example.com,TN,2021-02-20,Standard,12824.50
5165,Amber West,epotter@example.org,SA,2023-12-13,Basic,22906.86
5166,Michael King,michaelsampson@example.com,IR,2018-04-03,Premium,18269.50
5167,William Mcknight,john94@example.net,NG,2022-02-17,Premium,13902.26
5168,Thomas Nunez,bruce53@example.com,SB,2023-08-14,Basic,4461.37
5169,Megan Baker,ferrellalexis@example.net,MR,2021-02-02,Standard,18137.37
5170,Sherry Lee,mcooper@example.net,TJ,2019-07-04,Standard,15252.38
5171,Eugene Frederick Jr.,jennifer55@example.org,SM,2018-09-10,Basic,17206.43
5172,Sara Martin,brandonatkins@example.com,IS,2018-06-03,Standard,17170.69
5173,Alicia Hopkins,carriesimpson@example.net,IT,2018-08-24,Standard,5970.43
5174,Raymond Perez,brittanyparker@example.net,PH,2020-06-04,Premium,24243.30
5175,Tiffany Herman,natalie04@example.com,PH,2021-12-25,Premium,20713.14
5176,Mark Duran,robin72@example.net,SE,2020-11-21,Basic,7876.85
5177,Raymond Garcia,ortizcourtney@example.net,BO,2019-05-16,Standard,18211.28
5178,Kyle Ramos,kelly29@example.net,DM,2019-08-03,Premium,2251.44
5179,Danielle Gray,david28@example.org,NO,2024-09-23,Standard,13155.29
5180,Gregory Munoz,poncemichelle@example.org,JM,2019-05-22,Basic,1208.26
5181,Andrea Peterson,terrence99@example.org,ML,2020-03-24,Premium,14832.94
5182,Sandra Paul,josephtravis@example.com,MG,2020-03-21,Standard,5419.56
5183,Marie Mcknight,justinellison@example.com,BG,2022-07-17,Basic,8075.50
5184,Julie Johnson,perrydenise@example.org,ES,2020-07-13,Premium,22059.57
5185,Gary Wong,marcuscole@example.net,TD,2018-05-23,Basic,1921.02
5186,Shannon Harvey,sclark@example.net,CM,2018-12-10,Basic,19033.84
5187,Christopher Walsh,whitekyle@example.org,BY,2023-07-28,Standard,24785.55
5188,Kayla Flores,kayla88@example.net,GM,2019-01-26,Standard,24018.50
5189,Madison Bryant,bbrown@example.com,AR,2022-07-26,Basic,18007.15
5190,Theresa Griffith,ycantu@example.net,GM,2023-11-19,Premium,266.80
5191,Jared Huynh,davidcook@example.org,AD,2020-01-28,Premium,20508.72
5192,Kathleen Fox,joanne07@example.net,VU,2018-05-01,Basic,2668.64
5193,Dr. Margaret Alexander DVM,vsimpson@example.org,ME,2022-08-27,Premium,13743.51
5194,Cheryl Chapman,mhouston@example.com,TM,2024-09-12,Basic,23108.16
5195,Rita Turner,joseph98@example.net,GR,2020-09-28,Basic,9432.28
5196,Dr. Jodi Higgins,alisonross@example.org,CH,2023-04-19,Basic,17570.97
5197,Ashlee Pratt,daniel99@example.com,DM,2020-12-16,Basic,7091.23
5198,Mr. Samuel Daniels,xrosario@example.net,LS,2024-09-07,Premium,24009.21
5199,Cheryl Harris,xandrews@example.org,BN,2022-08-29,Premium,22057.03
5200,Christy Evans,yrivera@example.org,VE,2020-05-25,Standard,9197.62
5201,Nicole Villarreal,dward@example.org,CG,2021-11-17,Premium,22147.10
5202,Rebecca Hartman,victorcoleman@example.net,VA,2018-11-09,Standard,15092.29
5203,Heather Velasquez,abrown@example.com,CL,2019-05-20,Basic,15982.21
5204,Terri Perez,baxterkristen@example.org,BY,2024-06-13,Standard,2721.40
5205,April Mccullough,ydavenport@example.net,GE,2021-04-12,Premium,5783.74
5206,Justin Schultz,jennaschaefer@example.com,JO,2023-12-11,Standard,8573.76
5207,Rebecca Hampton,randallrobertson@example.net,PY,2018-04-19,Basic,3482.34
5208,Brandon Burgess,frank43@example.net,RW,2022-07-27,Premium,4265.02
5209,Matthew Wallace,umorrison@example.org,KR,2019-10-08,Premium,15164.21
5210,Elizabeth Valdez,lisa19@example.net,TM,2023-09-03,Premium,1837.54
5211,Devin Costa,qthompson@example.net,FR,2023-01-23,Standard,8379.78
5212,Abigail Andrews,katiegriffin@example.net,BO,2022-09-10,Premium,2305.62
5213,Joanna Mclean,arice@example.net,PA,2018-05-30,Basic,18650.39
5214,Michael Huang,michaellucas@example.org,AT,2021-04-19,Premium,12992.01
5215,Ann Schmidt,beth44@example.net,MR,2022-07-27,Basic,1071.34
5216,Trevor Jones,ushaffer@example.com,LA,2022-02-11,Basic,531.36
5217,Adam Davis,brian43@example.com,AD,2021-10-14,Premium,12309.39
5218,April Lopez,matthew64@example.com,MN,2022-06-08,Standard,10884.28
5219,Marvin Carrillo,,RS,2018-07-09,Basic,17342.16
5220,Marvin Castillo,christopher05@example.org,NR,2019-04-23,Basic,3219.66
5221,Lisa Sparks,johnbrown@example.com,NP,2018-03-15,Premium,23596.20
5222,Charlene Collins,afields@example.org,MT,2018-08-15,Basic,22123.43
5223,Felicia Atkinson,yrobinson@example.org,LI,2022-01-19,Standard,9945.76
5224,Shaun Phillips,tapiajenna@example.org,ZW,2024-10-24,Premium,20454.31
5225,Jennifer Riley,michaelleah@example.com,CG,2018-04-22,Standard,3849.80
5226,Anthony Rodriguez,reynoldsdavid@example.net,BF,2023-02-10,Premium,8009.46
5227,Ryan Stevens,barbara41@example.org,PK,2020-05-21,Premium,23819.67
5228,Laura Bond,bramos@example.net,FR,2020-06-14,Standard,22437.34
5229,Kenneth Mitchell,njohnson@example.com,GQ,2021-12-28,Premium,20434.94
5230,Joel Gilbert,royedward@example.net,GN,2023-09-17,Basic,4585.10
5231,Michael Henry,jennifer79@example.net,SE,2024-06-01,Premium,12134.65
5232,Brittany Strickland,zbailey@example.net,SZ,2023-06-11,Standard,19076.30
5233,Michael Davies,gdowns@example.org,MC,2019-08-08,Basic,5271.47
5234,Shane Landry,ubrown@example.com,RU,2023-11-19,Standard,7260.02
5235,Leslie Kelly,burnettjames@example.org,MV,2018-06-15,Premium,6052.50
5236,Christian Barrett,conleypatrick@example.net,SK,2024-03-21,Premium,19845.28
5237,Destiny Nichols,staceygoodwin@example.com,KP,2023-01-07,Premium,8565.23
5238,Maria Wall,davidsonshannon@example.com,LR,2020-08-30,Standard,21570.84
5239,Donald Bowman,donnabrooks@example.net,NE,2024-03-03,Basic,22343.12
5240,Julie Ryan,davidvaldez@example.net,BI,2019-07-14,Standard,1153.01
5241,Jose Jones,patrickcarpenter@example.org,AR,2020-08-15,Basic,9357.57
5242,Jeremiah Williams,sgross@example.net,IN,2019-05-24,Premium,2561.87
5243,Gregory Trujillo,,VE,2022-02-26,Standard,17277.69
5244,Christopher Castro,keyjacqueline@example.org,VU,2018-03-15,Basic,20556.42
5245,Caitlyn Clarke,smithvincent@example.com,GD,2023-09-10,Standard,24829.76
5246,Jay Weeks,staffordmarissa@example.com,BR,2024-07-07,Basic,1621.00
5247,Mark Pitts,edavis@example.com,LA,2021-03-31,Standard,14352.19
5248,Lee Martin,ortizmichelle@example.org,TH,2018-03-06,Basic,24884.09
5249,Gloria Stone,angela40@example.com,VU,2020-11-11,Basic,20183.12
5250,Kari Sutton,jacqueline24@example.org,AU,2022-07-09,Basic,17654.04
5251,Craig Diaz,wdavis@example.net,TH,2024-12-29,Basic,10518.45
5252,Cassandra Hernandez,cheryl76@example.com,KH,2024-06-03,Standard,21739.50
5253,Lisa Lawrence,michelle32@example.com,BO,2021-04-29,Basic,16043.73
5254,Amanda Smith,qhall@example.net,CR,2024-09-24,Basic,18243.95
5255,Mrs. Nicole Terry,ubrown@example.net,KP,2023-02-12,Premium,22228.78
5256,Carol Hunter,christinapaul@example.net,MN,2021-04-25,Premium,13381.62
5257,Michael Scott,christophermills@example.org,CL,2022-02-08,Basic,9602.47
5258,Matthew Morgan,xguzman@example.org,GQ,2024-05-18,Premium,3673.30
5259,Sheila Garcia,toni32@example.org,PW,2024-05-04,Premium,7360.19
5260,Jonathan Lewis,dallen@example.com,DM,2023-08-12,Standard,14237.04
5261,Brittany Hooper,dylanyoung@example.net,CY,2020-03-07,Premium,22263.49
5262,Daniel Bailey,bmoody@example.com,NZ,2019-03-20,Premium,20979.66
5263,Aaron Gonzalez,nathanielsmith@example.net,IL,2020-07-02,Standard,19513.20
5264,Erika Nguyen,duartekevin@example.net,DO,2022-10-27,Standard,14097.88
5265,Eileen Alvarez,aprillopez@example.net,LY,2018-08-13,Standard,15555.45
5266,Nicole Ray,bjohnson@example.org,ZM,2018-04-05,Basic,11824.44
5267,Sheila Lynn,oscarmills@example.com,MH,2022-06-19,Basic,2942.92
5268,Samantha Taylor,katelyngiles@example.net,BS,2022-09-07,Premium,16048.40
5269,Wendy Brooks,brownmitchell@example.org,ZW,2019-12-14,Basic,5397.67
5270,Nicole Mcneil,marywang@example.com,PA,2024-04-19,Basic,5702.76
5271,George James,flewis@example.org,GW,2024-10-21,Premium,8144.45
5272,Dr. Leah Kennedy,hensleyhannah@example.com,HU,2024-10-03,Standard,16254.74
5273,Kimberly Aguilar,yatesjanet@example.net,GR,2023-11-01,Premium,16431.48
5274,Dr. Jeanette Carey,xwatts@example.org,PS,2024-04-17,Premium,20899.28
5275,Rebecca Price,martin25@example.com,DE,2021-03-12,Premium,22431.27
5276,Brittany Weaver,kristeningram@example.com,GD,2022-07-28,Basic,2945.13
5277,William Chapman,hmartinez@example.org,PE,2019-08-07,Basic,14156.70
5278,Michael Bender,moonryan@example.net,CF,2022-11-14,Standard,748.50
5279,Kyle Morgan,beandiane@example.net,FR,2019-08-27,Standard,14762.80
5280,Brittany Thomas,shunter@example.com,CD,2022-01-09,Basic,16913.85
5281,Danielle Curtis,wardcarmen@example.net,CF,2022-11-14,Basic,6650.96
5282,Susan Stewart,parkspatrick@example.com,BN,2024-03-05,Standard,14322.83
5283,Francis Payne,byrdsherry@example.net,PS,2021-11-12,Standard,15758.82
5284,Taylor Farmer,davispaula@example.com,BZ,2020-06-06,Premium,14044.85
5285,Patrick Sloan,janejohnson@example.com,SE,2022-10-11,Premium,16800.29
5286,Matthew Jarvis,jose43@example.com,CR,2019-08-20,Premium,20180.81
5287,Sara Thompson,achaney@example.org,TJ,2021-07-08,Basic,8421.31
5288,Courtney Bender,suttonwilliam@example.com,HT,2019-05-08,Standard,21082.70
5289,Elizabeth Allen,fhudson@example.com,MT,2020-12-29,Standard,13536.70
5290,Rachel Thompson,hawkinssusan@example.org,SL,2020-09-12,Basic,19907.09
5291,Kaitlyn Ford,reevesheather@example.org,CA,2021-06-26,Basic,6797.54
5292,Vincent Kelly,aparker@example.org,BG,2018-06-16,Premium,20813.25
5293,Daniel Anderson,crose@example.org,KP,2019-11-04,Standard,18808.32
5294,David Taylor,alicia81@example.org,SN,2018-01-05,Premium,16692.91
5295,Robert Johnson,andrewgreen@example.com,LY,2023-10-06,Standard,15009.81
5296,Jesse Mcdowell,tranashley@example.org,TR,2022-05-14,Premium,24961.09
5297,Brent Williams,stevensdonna@example.org,TW,2019-04-24,Standard,12597.48
5298,Darin Dillon,ericdaniels@example.org,BO,2018-11-04,Premium,16707.88
5299,Jerry Johnson,jeffersondenise@example.net,BW,2024-11-11,Standard,20589.01
5300,Emily Jones,paul61@example.net,GW,2018-04-15,Premium,23633.59
5301,Amanda Marshall,patriciamoore@example.net,CH,2022-03-17,Basic,1399.66
5302,Anthony Marquez,hamiltonmegan@example.org,FM,2021-02-17,Premium,7325.86
5303,Stacey Perez,michaelrodriguez@example.com,KN,2024-10-20,Premium,21445.92
5304,Carlos Mccann,collinsmartha@example.com,MT,2021-08-09,Premium,11328.42
5305,Karina Johnson,elizabeth51@example.org,GN,2019-12-27,Basic,13045.19
5306,Alyssa Foster,brianhancock@example.net,CZ,2024-07-13,Standard,16051.83
5307,Aaron Parker,matthewwelch@example.com,NI,2019-08-12,Premium,18249.41
5308,David Williams,hperez@example.com,RO,2020-06-22,Basic,6995.01
5309,Daniel Garcia,morgan00@example.org,TG,2018-03-10,Standard,11016.24
5310,James Maldonado,fward@example.net,KR,2024-09-18,Standard,9768.45
5311,David Martinez,ycox@example.org,GR,2018-08-27,Basic,23573.27
5312,Patricia Mckee,michelle58@example.net,GQ,2019-07-27,Basic,10080.48
5313,Tiffany Price,dawn01@example.net,CD,2022-08-14,Basic,3250.72
5314,Suzanne Smith,garydavis@example.com,CA,2019-07-16,Standard,486.56
5315,Kimberly Munoz,mmanning@example.org,RU,2019-01-13,Basic,21811.21
5316,Amanda Costa,ellisonjulia@example.org,MW,2023-04-27,Standard,23077.25
5317,Julia Walters,ramirezclinton@example.com,KH,2019-10-22,Basic,17482.01
5318,Charles Walsh,victoria96@example.com,NO,2024-09-30,Premium,19227.83
5319,Natalie Fields,kmueller@example.org,CV,2020-12-15,Premium,9931.97
5320,Dawn Booker,vlogan@example.org,JM,2023-11-17,Basic,13338.40
5321,Paul Davis IV,jenniferpage@example.net,PW,2018-10-03,Premium,4960.98
5322,Terry Walls,matthew14@example.com,TT,2023-02-03,Premium,2229.67
5323,Adrian Castro,williamscourtney@example.org,NP,2019-06-28,Standard,8946.97
5324,Hayley Ruiz,roger42@example.com,FM,2019-12-03,Premium,8618.53
5325,David Gutierrez,johnsonkrista@example.org,TM,2022-07-02,Premium,11679.82
5326,Caitlin Morris,bakerryan@example.com,PA,2018-11-21,Standard,266.03
5327,Russell Barnes,fphillips@example.org,NP,2019-11-04,Basic,2541.41
5328,Christopher Jackson,rebecca31@example.org,IE,2024-10-05,Premium,11.61
5329,Joanna Lopez,amysolomon@example.com,KG,2019-04-07,Premium,18758.44
5330,Katherine Adams,davisjohn@example.com,VE,2020-09-01,Basic,24488.61
5331,Raymond Adams,angelagriffin@example.net,GA,2021-07-25,Premium,11693.19
5332,Ryan Paul,johnsonsally@example.net,DK,2024-02-15,Basic,24410.83
5333,Jenny Guerrero,ryan12@example.org,MU,2022-03-21,Premium,4759.68
5334,Donald Ortiz,dbennett@example.net,MK,2023-01-07,Premium,22285.01
5335,Gary Williams,sandra01@example.net,KP,2024-02-12,Standard,7677.46
5336,William Hanna,michaelandrade@example.net,TT,2024-08-24,Premium,18149.67
5337,Kayla Wilson,abigailfuller@example.org,ID,2019-11-22,Basic,8075.57
5338,Michael Hernandez,donald32@example.net,RS,2019-07-31,Standard,7350.41
5339,Jennifer Wall,herreratamara@example.net,SM,2018-06-26,Premium,10778.99
5340,Gregory Moreno,lisawise@example.org,LU,2021-03-12,Premium,5912.69
5341,Wesley Burns,grossamber@example.org,GT,2020-04-19,Basic,6253.15
5342,Kelsey Smith,dwalsh@example.com,UA,2019-02-21,Standard,11759.95
5343,Michael Brown,navarromark@example.com,BZ,2019-03-20,Premium,22626.07
5344,Amanda Gomez,wcarter@example.com,MG,2023-08-09,Basic,12834.77
5345,Destiny Atkinson,prestonjohn@example.com,NZ,2020-02-04,Premium,350.34
5346,Juan Torres,ingramsara@example.com,CH,2019-10-24,Basic,2306.71
5347,Jennifer Coleman,carol79@example.org,TM,2023-07-07,Basic,13406.10
5348,Norman Perez,qrobinson@example.org,RW,2020-01-18,Premium,15706.64
5349,Cheryl Hensley,duncanvanessa@example.com,NE,2020-12-05,Basic,23264.64
5350,Frank Shaffer,bradshawjoseph@example.net,HT,2022-09-16,Premium,14312.99
5351,Alex West,edwardray@example.net,PA,2021-10-25,Basic,20743.69
5352,Michael Miller,wjohnson@example.net,YE,2024-10-20,Standard,5846.61
5353,Brian Sparks,erinlopez@example.org,NP,2022-10-11,Premium,21868.33
5354,Jessica Daniel,stevenferguson@example.org,GM,2024-01-19,Premium,21916.08
5355,Kelly Baker,charles57@example.net,CL,2023-10-12,Premium,13587.79
5356,Nicole Thomas,jonesjoy@example.com,PL,2021-07-28,Standard,728.92
5357,Steven Johnson,jonathanryan@example.org,ES,2020-07-26,Basic,18756.78
5358,Bryan Summers,sarah64@example.com,FI,2018-04-04,Standard,19640.19
5359,Brent Sanders,brittany66@example.org,PY,2024-08-07,Basic,17979.57
5360,Alicia Gardner,jeffrey30@example.org,KG,2022-10-22,Standard,17018.63
5361,Holly Hunter,sullivanrachel@example.org,SI,2019-05-03,Standard,11958.03
5362,Amber Byrd,penny89@example.org,GB,2018-09-08,Standard,21522.60
5363,Beverly Mitchell,ldrake@example.net,SL,2023-07-27,Premium,22507.81
5364,Jessica Mcdonald,heather08@example.com,GM,2023-10-24,Premium,21502.53
5365,Jessica Harris,anne18@example.org,ET,2018-03-05,Standard,19113.40
5366,Casey Hernandez,abigailforbes@example.com,LU,2022-03-21,Basic,3590.74
5367,Daryl Parsons,joshuarodriguez@example.org,MZ,2019-12-02,Premium,5597.71
5368,Jason Carpenter,sgonzalez@example.com,TH,2021-12-01,Standard,16847.08
5369,Christina Hall,sbanks@example.org,ZW,2018-12-20,Standard,16968.68
5370,Mr. Justin Grant,michael39@example.org,MM,2022-02-08,Premium,19432.16
5371,Kimberly Johnson,christophersanders@example.org,NE,2024-01-18,Standard,23426.47
5372,David Gordon,sloanthomas@example.net,PH,2020-12-21,Standard,14235.79
5373,Christopher Snyder,kennedyrobert@example.net,LA,2018-10-26,Basic,16282.54
5374,Jordan Smith,wrightchristopher@example.com,SO,2019-12-15,Premium,24542.55
5375,Joseph Caldwell,olynch@example.net,KH,2019-07-23,Standard,14196.68
5376,Susan Bradley,waterspatricia@example.org,PE,2023-02-14,Basic,23872.28
5377,Kelly Hill,john53@example.com,UA,2024-04-02,Basic,13356.49
5378,Brittany Potts,bradjackson@example.com,SE,2021-01-04,Premium,10749.03
5379,Scott Miller,rmarsh@example.org,HT,2024-10-30,Basic,7220.10
5380,Ruth Price DDS,sheltonjoshua@example.com,AZ,2024-02-18,Premium,23827.17
5381,Destiny Terrell DVM,scottsamuel@example.org,AZ,2019-06-04,Premium,21271.81
5382,Mrs. Jennifer Mitchell,vparker@example.com,ER,2018-05-19,Basic,17294.83
5383,Jerry Lucas,epark@example.org,CO,2020-07-30,Basic,21044.10
5384,Judy Russell,mmccann@example.net,CF,2022-11-10,Basic,14955.57
5385,Margaret Mccarthy,lgrant@example.org,NP,2020-10-24,Basic,24226.64
5386,John Jones,qwheeler@example.net,GN,2019-06-17,Standard,22062.28
5387,Jennifer Huynh,emmaalvarez@example.com,NI,2021-10-15,Basic,15243.25
5388,Susan Hunter,jeffrey77@example.com,LC,2024-03-17,Basic,1650.43
5389,Joseph Hart DDS,tamara83@example.com,BN,2018-12-11,Standard,8669.48
5390,Melanie Ballard,scottcollins@example.net,DM,2024-02-14,Basic,11447.14
5391,Manuel Mayo,campbelljoseph@example.com,AF,2018-05-27,Basic,16370.82
5392,Ronnie Price,moorevalerie@example.net,EC,2019-01-11,Standard,23091.23
5393,Rachel Matthews,gentrykatherine@example.net,AD,2020-08-21,Basic,10041.33
5394,Jessica Jenkins,briannasmith@example.net,RS,2022-05-19,Standard,4899.72
5395,Elizabeth Henry,garrettsamuel@example.net,AG,2020-02-04,Premium,23347.61
5396,Jaime Flores,smithrobert@example.org,VE,2023-01-26,Standard,9511.21
5397,Julia Hooper,vcharles@example.net,GA,2018-11-16,Basic,1587.03
5398,Christine Miller,cindyjohnson@example.net,PW,2023-03-05,Standard,15260.80
5399,Leah White,jonesshelby@example.com,PE,2023-07-11,Standard,13549.42
5400,Francisco Turner,jlewis@example.net,BN,2024-12-29,Basic,22882.96
5401,Melissa Estrada,muellerphillip@example.com,KW,2023-09-03,Standard,17963.49
5402,Joseph Garrett,darrell96@example.org,AT,2019-09-23,Premium,8002.91
5403,Tanya Clayton,zjohns@example.net,BJ,2024-06-20,Premium,12347.68
5404,Cheryl Miller,zsullivan@example.net,DM,2018-06-06,Basic,13303.52
5405,Michael Bennett,fpark@example.net,BS,2023-11-18,Premium,9964.84
5406,David Vaughn,cdelacruz@example.com,PK,2020-02-02,Basic,15630.00
5407,Ricky Baker,cruzjames@example.org,NI,2020-08-30,Standard,1296.80
5408,Cory Pitts,lisacollins@example.net,TZ,2021-01-08,Premium,16589.25
5409,Leah Bennett,paynekimberly@example.net,LA,2022-01-16,Standard,9523.48
5410,John Flores,robertskeith@example.org,FI,2024-12-12,Standard,17140.31
5411,Daniel Torres,ggreen@example.org,CH,2024-05-20,Premium,765.85
5412,Terry Hobbs,ksalazar@example.org,TD,2019-05-27,Premium,6989.93
5413,Lisa Suarez,kelly12@example.org,FJ,2024-01-29,Premium,19459.48
5414,Samuel Morris,mlawson@example.org,BB,2021-11-04,Standard,6708.06
5415,Grant Hughes,panderson@example.org,MU,2020-01-18,Basic,9829.33
5416,Teresa Bailey,scottjones@example.net,MN,2024-08-28,Standard,4902.68
5417,Richard Mitchell,raymondgibson@example.com,RU,2021-12-16,Basic,7354.10
5418,Regina Douglas,juliaball@example.org,IR,2020-10-07,Basic,23791.00
5419,Janet Robinson,,PG,2023-12-22,Basic,14401.33
5420,Bailey Anderson,matthew02@example.net,MA,2021-01-07,Standard,20757.71
5421,Melissa Barrera,anitadoyle@example.org,MT,2020-06-29,Premium,13654.55
5422,Jillian Duncan,youngpaul@example.com,IR,2024-06-03,Premium,8504.65
5423,Kelly Randall,amorrison@example.net,QA,2019-11-05,Standard,1990.17
5424,Crystal Durham,david35@example.net,AZ,2021-09-04,Premium,13326.01
5425,Stephanie Mitchell,mcdanielkristy@example.com,PT,2021-10-15,Basic,24734.53
5426,Jimmy Chavez,kevin52@example.com,TJ,2023-06-03,Premium,22848.85
5427,Antonio Cook,kwilcox@example.net,PY,2021-11-07,Standard,4191.98
5428,Anthony Stewart,wigginsjohn@example.org,ID,2024-06-15,Premium,10091.29
5429,Adam Cole,tinashepard@example.org,GT,2024-08-10,Premium,21708.36
5430,Joseph George,loweandrew@example.net,KH,2020-06-29,Standard,13243.52
5431,Johnny Stevens,ghoward@example.org,TR,2022-02-24,Premium,5588.84
5432,Lori Massey,tracielong@example.com,VA,2023-08-29,Premium,13998.34
5433,Zoe Mendoza,kerri63@example.org,QA,2022-05-22,Standard,9145.11
5434,Andrea Powell,iclark@example.org,GY,2023-06-29,Basic,6571.23
5435,Craig Garner,randerson@example.net,SI,2022-05-02,Basic,8109.41
5436,Alexander King,rdiaz@example.net,RU,2024-11-03,Standard,18899.70
5437,Richard Walker,joseph34@example.net,CF,2021-03-22,Standard,5605.17
5438,Brian Rodriguez,djames@example.net,CF,2020-03-06,Standard,15703.19
5439,Billy Thompson,peggyhardin@example.org,SN,2019-05-07,Basic,22346.68
5440,Alexander Craig,mackenziekelly@example.com,LI,2024-06-21,Premium,23157.97
5441,Mark Ross,mmontgomery@example.org,AZ,2019-04-09,Standard,14975.03
5442,Lindsay Mcdowell,christopherescobar@example.org,KG,2019-11-07,Premium,4978.70
5443,Dominic Benton,heather27@example.com,SI,2021-09-28,Basic,5900.45
5444,Ryan Pearson,timothyolsen@example.net,TO,2018-06-04,Premium,20964.07
5445,Christina Allen,mariagraham@example.net,KR,2020-05-10,Standard,7689.51
5446,Alicia Arnold,laura76@example.com,BS,2021-08-25,Standard,11341.92
5447,Ronald Barnett,nicolerandall@example.net,MM,2021-08-31,Standard,5057.43
5448,Jason Jones,christianparker@example.net,CF,2020-06-06,Basic,4337.74
5449,Wendy Barron,daniellerichardson@example.org,GH,2024-12-11,Premium,20438.47
5450,Zachary Wood,juan12@example.net,BH,2023-05-04,Basic,21146.89
5451,Peter Ramirez,lgibson@example.com,IL,2023-11-19,Premium,5953.72
5452,Anthony Salas,janicedixon@example.net,CI,2022-10-12,Standard,21288.98
5453,Meghan Wilcox,matthewochoa@example.com,EG,2018-07-07,Premium,23995.01
5454,Mike Cardenas,mariapatel@example.com,AE,2020-12-24,Premium,17428.15
5455,Kathleen Fritz,houstonjohn@example.net,JM,2019-03-23,Standard,23759.67
5456,Jordan Cook,sanchezkathy@example.org,PL,2018-12-23,Premium,19408.34
5457,Lisa Shaw,andrew82@example.net,IL,2019-12-28,Standard,9573.31
5458,Gregory Peck,robert51@example.org,BH,2023-12-08,Premium,17401.97
5459,Alexander Burton,nrodriguez@example.net,MG,2023-11-16,Standard,14037.14
5460,Jordan Fowler,markgibbs@example.org,CL,2024-10-14,Basic,20872.80
5461,Don Parker,joseph28@example.org,FM,2023-05-12,Premium,6792.05
5462,Michael Brown,kimberlysimon@example.org,CD,2019-06-16,Premium,21117.55
5463,Taylor Williams,pcastro@example.org,LV,2023-11-28,Basic,21411.33
5464,Lauren Sweeney,katherinewalters@example.net,GE,2021-11-27,Standard,4069.74
5465,Nichole Moore,vthomas@example.net,MM,2019-07-15,Standard,13935.16
5466,Holly Reed,gfuentes@example.com,UZ,2022-10-20,Standard,1459.23
5467,Mr. Gregory Glass MD,marypatrick@example.net,HN,2021-08-21,Basic,12660.99
5468,Patricia Clark,kathleen87@example.net,ER,2023-01-17,Basic,11055.04
5469,Kendra Wyatt,timothy83@example.net,PE,2021-05-08,Premium,3455.48
5470,Alexandria Nash,ocervantes@example.net,TZ,2021-10-15,Basic,8432.13
5471,Melanie Carter,wallkaren@example.com,NL,2021-02-19,Basic,15804.31
5472,Francisco Francis,nsmith@example.org,PE,2024-08-06,Standard,24113.39
5473,Joseph Fowler,ckelly@example.com,BF,2021-07-23,Basic,21039.41
5474,Kristen Johnson,austinpeterson@example.net,CN,2021-03-25,Premium,12550.78
5475,James Shannon,tannertina@example.org,TT,2021-06-01,Basic,22762.17
5476,James Green,timothy73@example.net,DM,2018-12-06,Basic,10702.68
5477,Edward Bauer,alexander73@example.net,BZ,2021-09-23,Premium,3403.13
5478,Angela Weaver,martinezhenry@example.org,TW,2018-01-26,Premium,1071.87
5479,Theodore Bishop,mosschristine@example.net,ID,2021-06-10,Standard,15979.13
5480,Stephanie Miller,aperry@example.com,RO,2024-07-29,Basic,21960.19
5481,Allen Benson,michaelramos@example.com,MM,2018-10-25,Premium,3278.20
5482,Michael Johnson,danielcohen@example.org,AG,2019-04-20,Standard,21712.13
5483,Angela Hughes,gregoryrivera@example.net,BD,2018-10-11,Premium,139.24
5484,Troy Phillips,twalter@example.net,IQ,2021-10-24,Standard,844.73
5485,Andrew Gray,eddie31@example.com,RW,2020-04-15,Basic,15825.13
5486,Carlos Esparza,qcopeland@example.com,PY,2024-03-25,Basic,4553.73
5487,James Gibbs,jordansusan@example.org,RW,2019-02-16,Standard,7581.56
5488,Kelsey Mcclure,charlesmartinez@example.org,BB,2023-10-31,Basic,15422.71
5489,Christopher Franklin,thomas80@example.net,CA,2022-04-30,Basic,15499.06
5490,Joy Navarro,onelson@example.net,NP,2023-07-03,Premium,12489.61
5491,Kimberly Wood,shannon03@example.net,GR,2020-06-28,Standard,11225.11
5492,Joel Chandler,kayla91@example.org,TV,2022-12-12,Basic,23736.44
5493,Michelle Silva,juliadavid@example.net,JM,2022-08-20,Premium,18672.50
5494,Sarah Edwards,kellimedina@example.com,KW,2019-06-16,Standard,21149.08
5495,Cheryl Wiley,bakerlisa@example.org,AR,2019-11-18,Standard,7197.83
5496,Sarah Smith,philiphammond@example.com,LU,2018-10-13,Basic,5460.97
5497,Gregory Burnett,fryjason@example.org,LV,2019-12-10,Basic,13584.12
5498,John Cardenas,briancameron@example.com,SD,2019-03-10,Basic,3343.14
5499,John Rosario,rfrye@example.org,AT,2018-09-15,Premium,5004.53
5500,Susan Patton,angela08@example.net,SG,2019-08-10,Basic,177.11
5501,Shirley Miller,kelseyshaw@example.com,KI,2021-06-02,Basic,2315.10
5502,Crystal Sanders,erin77@example.org,BW,2022-03-25,Basic,202.87
5503,Jeremy Park,smithalyssa@example.org,KM,2019-01-04,Basic,6118.71
5504,Yvonne Mccullough,robertaanderson@example.com,CZ,2020-12-10,Standard,4003.77
5505,Karen Clayton,,AF,2024-03-14,Standard,8625.18
5506,Kimberly Fox,vhill@example.com,BZ,2023-12-22,Premium,19173.38
5507,Stephen Bell,ronald95@example.org,ZW,2022-07-13,Basic,17654.17
5508,William Cooper,stephen68@example.net,TN,2023-02-11,Premium,19673.07
5509,Katherine Olson,erinarmstrong@example.org,MW,2021-12-04,Standard,11606.54
5510,Janice Walker,terricurtis@example.net,QA,2020-12-02,Basic,24332.40
5511,Amanda Baker,maciasmichael@example.net,BH,2024-04-21,Basic,6640.76
5512,Rebecca Cochran,dawn19@example.net,MU,2019-07-10,Standard,3868.87
5513,Lynn Walker,brianparker@example.com,CZ,2024-05-28,Premium,8135.86
5514,Kevin Jones,wardtamara@example.net,MA,2024-12-08,Premium,12773.20
5515,Michael Garrison,lindawagner@example.com,BW,2023-02-01,Standard,22491.29
5516,Thomas Travis,hamiltonamy@example.net,BT,2024-03-18,Premium,18238.91
5517,Michael Ortiz,stanleylatasha@example.org,AR,2022-05-27,Premium,13734.35
5518,Laura Brown,fowlerjason@example.org,IS,2020-01-15,Basic,10988.41
5519,Christine Wright,srose@example.net,SB,2019-05-11,Basic,11719.31
5520,Mark Todd,justinthomas@example.net,IL,2018-09-17,Standard,17187.07
5521,Jeff Hughes,owentravis@example.com,GY,2020-03-23,Standard,19680.29
5522,Jason Porter,carrieharris@example.com,SM,2020-06-08,Basic,16384.90
5523,Eric Webb,brandyrogers@example.com,GQ,2020-02-02,Premium,8145.57
5524,Michael Williams,michael82@example.com,CU,2019-12-08,Premium,14416.20
5525,Taylor Walker,matthewdavis@example.net,TJ,2024-05-10,Basic,5352.46
5526,Jennifer Powell,adrian19@example.com,CH,2022-08-15,Premium,23883.55
5527,Thomas Mcdonald,jennifer24@example.com,VA,2022-10-16,Standard,16431.18
5528,Robert Bentley,gutierrezgregory@example.com,MN,2024-07-24,Premium,16008.94
5529,Brian Watson,cristinaphillips@example.com,BA,2020-08-25,Basic,13766.47
5530,Michael Flowers,garrettmichael@example.com,IL,2020-08-26,Premium,8127.56
5531,Michelle Friedman,tperry@example.net,PK,2022-01-29,Basic,24103.79
5532,Ashley Gardner,davidbryant@example.org,SA,2024-06-23,Basic,5079.66
5533,Cynthia Bell,amber24@example.com,CN,2024-03-27,Standard,6669.46
5534,Troy Sherman,hughesalexis@example.org,MM,2019-05-16,Standard,18119.65
5535,Ellen Freeman,larry14@example.org,CA,2023-03-12,Basic,18591.50
5536,Lauren Rodriguez,carterkimberly@example.org,TN,2023-07-13,Premium,4039.04
5537,Melanie Miller,mariahunter@example.net,GW,2022-05-30,Standard,6178.38
5538,Emily Wright,craigdennis@example.com,BN,2018-03-22,Basic,8315.60
5539,Jeremy Burns,rochapaul@example.net,LU,2020-11-05,Basic,20269.09
5540,Roy Smith,maldonadojuan@example.com,TN,2023-08-03,Basic,17887.27
5541,Dawn Barr,sandovalanthony@example.net,UG,2019-04-23,Premium,22331.80
5542,Carol Reid,vnguyen@example.com,AU,2024-10-08,Basic,10969.90
5543,Karl Marshall,marc65@example.net,PG,2020-02-05,Basic,4358.26
5544,Kelly Mcfarland,andreacruz@example.com,EE,2018-10-14,Premium,1385.94
5545,Amanda Smith MD,caldwelldavid@example.net,TG,2020-10-06,Basic,22526.81
5546,Adriana Wright,cookjames@example.net,DE,2023-04-04,Basic,22766.59
5547,Jennifer Warren,ysoto@example.net,TD,2019-04-06,Premium,12258.19
5548,Brittney Odonnell,alejandrojones@example.net,BI,2021-08-31,Premium,14489.46
5549,Jessica Rojas,jamiezimmerman@example.com,MT,2024-04-05,Basic,6075.68
5550,Jenna Rodriguez,cesar19@example.net,BH,2019-09-04,Premium,20308.02
5551,Ryan Shelton,shawnanderson@example.net,DM,2019-02-08,Premium,19830.84
5552,Melissa Parker,eileenortiz@example.com,SO,2022-06-15,Basic,19764.64
5553,Cynthia Silva,lgonzalez@example.net,SR,2018-08-11,Basic,4711.01
5554,Mr. Luis Bell,browndonald@example.net,GT,2018-06-04,Premium,6632.79
5555,Heather Sweeney,stanley28@example.net,GN,2024-03-20,Standard,15164.50
5556,Matthew Holland,claychristopher@example.net,AR,2023-03-23,Basic,12586.52
5557,Tyler Peters,jared29@example.com,BT,2024-05-19,Standard,8732.82
5558,Kevin Caldwell,hoopernancy@example.net,KG,2020-05-12,Basic,18499.53
5559,John Murphy,deniselopez@example.net,SE,2022-03-05,Basic,12858.36
5560,Monica Davis,melissa81@example.org,TJ,2020-01-27,Premium,15935.68
5561,Tina Kennedy,williamrogers@example.net,KI,2022-06-04,Premium,19967.30
5562,Karen Matthews,skinnerbarbara@example.org,NL,2018-06-15,Premium,433.43
5563,Thomas Black,ireed@example.org,SA,2021-05-22,Premium,23063.62
5564,Victoria Clayton,kellyleah@example.org,TN,2018-12-02,Basic,21379.64
5565,Dominique Clark,sean29@example.org,LS,2024-06-08,Standard,2737.02
5566,Robert Terry,morgan68@example.org,ME,2018-09-30,Standard,20879.60
5567,Debra Meyers,smithmatthew@example.net,TJ,2019-10-30,Premium,21800.17
5568,Richard James,joshualopez@example.net,KH,2024-05-25,Premium,571.01
5569,Mrs. Karen Johnson,teresacooper@example.net,MD,2019-09-04,Basic,14429.71
5570,Steven West,kyleadams@example.com,BE,2024-07-31,Basic,8706.19
5571,Heather Nixon,smerritt@example.net,QA,2018-04-09,Premium,7569.77
5572,Mr. David Hurst,raymondamanda@example.com,OM,2023-05-12,Standard,16343.87
5573,Joshua Johnson,trevinoemily@example.org,VC,2023-09-26,Premium,1417.22
5574,Jennifer Adams,xparker@example.net,BR,2020-03-15,Premium,14413.73
5575,Sally Preston,brandonmoore@example.org,AL,2023-04-10,Premium,5260.43
5576,Sean Woods,stephen36@example.net,TD,2024-08-27,Standard,2323.23
5577,Tara Sweeney,ccooper@example.com,ZA,2019-04-17,Premium,9945.49
5578,Charles Hicks,shelley85@example.org,RS,2019-09-11,Basic,3794.68
5579,Pamela Adams,qwarren@example.com,KR,2020-04-28,Premium,2951.98
5580,Katrina Rodriguez,williamsgregory@example.com,IL,2023-03-01,Standard,11663.82
5581,Derek Allison,justinhowell@example.com,CR,2019-07-26,Premium,2879.15
5582,Madison Daugherty,keith04@example.org,FM,2019-01-01,Premium,2817.74
5583,Jacqueline Murphy,mlewis@example.com,BB,2022-07-08,Premium,3237.56
5584,Theodore Banks,millsbrittany@example.net,CL,2020-01-11,Premium,3023.92
5585,Matthew Foley,diana55@example.net,IT,2018-05-11,Standard,3399.67
5586,Kenneth Crosby,johngalvan@example.org,JO,2021-11-05,Basic,18564.49
5587,Michael Stevens,fhiggins@example.net,AF,2023-12-08,Standard,23310.06
5588,Michelle Bennett,gallegosamy@example.org,UA,2020-03-21,Basic,18669.33
5589,Lindsey Gonzales,jeffrey69@example.com,PW,2020-05-26,Premium,7340.31
5590,Larry Costa,kimberly68@example.net,TV,2020-02-28,Standard,9507.09
5591,Jonathan Miller,haynesalicia@example.com,PK,2020-05-03,Basic,335.23
5592,Walter Stewart,fernandezjaime@example.net,NI,2020-01-03,Standard,16265.66
5593,Carla Jones,vhood@example.org,DZ,2021-05-19,Basic,2590.74
5594,Shannon Lee,andersonrobert@example.com,LB,2021-03-01,Premium,2511.47
5595,Katherine Brown,sara95@example.net,PA,2021-03-11,Premium,19745.92
5596,Frank Cunningham,bowmanrobert@example.org,GT,2022-06-06,Basic,13120.41
5597,Joseph Hayes,danielmeyer@example.net,GY,2021-10-12,Premium,14410.74
5598,Thomas Rodriguez,kathyhays@example.com,TV,2021-08-30,Premium,3753.20
5599,Christina Cochran,oconnellherbert@example.com,LB,2021-03-20,Standard,3220.19
5600,Angela Garcia,zchaney@example.net,PT,2024-08-19,Premium,17515.64
5601,Daniel Garcia,candice86@example.org,CR,2022-02-11,Standard,18039.36
5602,Anthony Harris MD,andersonjulia@example.org,MU,2018-09-28,Basic,18399.58
5603,Mark Washington,mariahill@example.org,IT,2018-01-06,Premium,17891.83
5604,April Banks,nwaller@example.org,RS,2024-05-19,Basic,8630.97
5605,Donald Page,brittanykelley@example.com,AZ,2024-07-17,Standard,20587.34
5606,Erin Davis,adamsdanielle@example.net,GT,2019-02-03,Premium,24222.14
5607,Sarah Davis,debrabarnett@example.net,MM,2019-05-01,Premium,6886.55
5608,Nicholas Bauer,amanda26@example.org,ZW,2022-10-03,Standard,13742.37
5609,Brenda Bowen,matthewrios@example.org,DO,2024-01-20,Standard,9684.22
5610,Steven Pennington,leah30@example.com,BO,2019-06-18,Premium,21158.55
5611,Wendy Salazar,adamsdiana@example.net,CR,2020-11-28,Premium,22202.56
5612,Ryan Martin,brett70@example.com,NL,2019-10-02,Premium,3521.15
5613,Stephanie Riddle,jefferydiaz@example.com,MZ,2023-05-28,Premium,10561.49
5614,Jacob Peters,angelaandrade@example.net,TM,2022-01-22,Basic,4048.85
5615,Elizabeth Tyler,williamsmichael@example.com,RW,2020-08-03,Basic,12371.43
5616,Christine Boyer,rebeccasmith@example.net,LK,2018-09-05,Premium,14976.67
5617,Jennifer Price,alejandro47@example.com,AR,2018-09-09,Standard,17971.02
5618,Robert Smith,zshelton@example.com,LI,2018-12-16,Standard,10654.97
5619,Pamela Schultz,brewermarcus@example.com,UA,2024-08-16,Premium,10308.53
5620,Richard Joseph Jr.,garywhite@example.com,GY,2019-06-17,Premium,21500.27
5621,James Vaughn,dillonmargaret@example.net,PW,2023-12-16,Basic,23628.81
5622,Ashlee Abbott,vblake@example.net,BR,2019-03-15,Standard,7985.88
5623,Rebecca Davis,tina20@example.org,SY,2019-10-12,Basic,15793.37
5624,Casey Thomas,angelashelton@example.org,IR,2018-02-01,Premium,17530.03
5625,Raymond Fields,kenneth24@example.net,UG,2021-03-15,Premium,6242.44
5626,Dustin Johnson,heatherschroeder@example.org,AL,2019-05-26,Premium,15403.43
5627,Connor West,amypowers@example.com,HR,2022-07-20,Standard,14110.71
5628,Antonio Willis,tbradley@example.org,LT,2023-01-24,Standard,10579.73
5629,Christopher Morris,fwilson@example.com,ER,2021-06-16,Basic,1622.06
5630,Stephanie Horton,ricky76@example.com,BG,2022-12-19,Basic,16926.71
5631,Kimberly Levy,xellis@example.org,MT,2021-11-26,Standard,7126.09
5632,Donald Arnold,maybernard@example.org,MX,2019-12-08,Premium,6282.03
5633,Timothy Bennett,toddlopez@example.org,WS,2019-03-12,Premium,20919.26
5634,Jenny Franco,robertburns@example.org,NP,2020-10-25,Standard,10854.62
5635,Charles Morris,dzimmerman@example.org,ST,2019-03-29,Premium,13873.54
5636,Catherine Turner,calebreynolds@example.net,DJ,2019-05-01,Basic,3065.92
5637,William Shah,jamesle@example.org,FJ,2020-04-28,Premium,20152.42
5638,Tanya Thompson,jeffguzman@example.org,MV,2022-08-17,Basic,5746.27
5639,Michael Wise,samantha01@example.com,KG,2023-01-15,Standard,6904.25
5640,Eric Middleton,brittanymoore@example.com,MW,2019-01-04,Standard,4046.86
5641,Alexander Ortega,barbaraperez@example.net,BA,2023-10-16,Premium,13609.32
5642,Douglas Stout,jamesbest@example.com,CG,2023-10-19,Premium,20308.40
5643,Craig Peterson,jaredboyd@example.net,BA,2022-02-09,Standard,2685.05
5644,Holly Weber,petersonkathryn@example.net,DZ,2024-08-24,Premium,21710.81
5645,Gina Olson,brian25@example.com,CO,2019-03-20,Standard,17607.59
5646,Patrick Becker,smithadam@example.com,BJ,2023-03-14,Premium,4887.14
5647,Lindsey Turner,phillip74@example.com,WS,2018-06-23,Standard,11324.08
5648,Hayley Paul,adamsjohn@example.com,KH,2020-10-06,Premium,11548.65
5649,Jack Hawkins,qduncan@example.org,PK,2020-07-27,Standard,1992.69
5650,Sharon Guerrero,masonanderson@example.net,MN,2018-07-15,Standard,9028.03
5651,Madison Mann,flynnjulie@example.org,GB,2023-12-14,Standard,12300.83
5652,Heather Jenkins,tiffany26@example.net,NE,2020-03-28,Standard,4374.52
5653,Steven Romero,stephanie59@example.com,KI,2020-03-16,Premium,435.74
5654,Mr. Jeff Adams,megan53@example.net,DE,2022-11-18,Premium,8723.34
5655,Francisco Jefferson,donaldrussell@example.org,KE,2023-12-04,Basic,8883.34
5656,Elizabeth Brown DDS,timothyreed@example.net,IQ,2022-10-11,Basic,10737.12
5657,Bryan Franklin,emma68@example.org,CF,2020-11-05,Standard,742.10
5658,Lisa Barry,john12@example.org,MM,2019-05-09,Basic,136.67
5659,Scott Morales,jcampbell@example.com,BH,2020-03-25,Basic,20091.34
5660,Matthew Contreras,juan86@example.net,HT,2020-03-31,Basic,10064.50
5661,William Mclaughlin,vwarren@example.org,ES,2022-12-06,Standard,20958.27
5662,Andrew Taylor,alexandra05@example.com,UZ,2022-06-01,Standard,20579.83
5663,Terri Garcia,lparker@example.net,AO,2018-11-20,Standard,14628.68
5664,David Jones,barrettkimberly@example.org,OM,2023-11-19,Premium,20767.33
5665,Corey Jones,samantha20@example.com,TN,2023-04-30,Premium,802.12
5666,Alexis Rosario,brownbilly@example.com,LA,2020-12-25,Standard,10370.10
5667,Angela Owen,kristi31@example.com,ZA,2019-02-15,Standard,24127.02
5668,Joy Stewart,xperry@example.com,PA,2024-08-10,Premium,18877.40
5669,Heather Wilson,bakerjeremy@example.org,LT,2019-04-23,Premium,11173.28
5670,Keith Martinez,sarahwells@example.net,DE,2023-06-13,Basic,11683.97
5671,Richard Fernandez,garciamatthew@example.org,BR,2020-10-30,Premium,491.20
5672,Jessica Hancock,qmathis@example.org,GB,2020-12-11,Basic,5898.80
5673,Corey Rodriguez,agarcia@example.com,AG,2024-03-11,Premium,20513.69
5674,Tiffany Marks,staceybailey@example.org,MC,2024-04-24,Basic,21448.01
5675,Curtis Mosley,dustingonzales@example.com,ES,2021-01-09,Basic,75.67
5676,Matthew Torres,kevinsmith@example.net,NZ,2020-10-18,Basic,24937.13
5677,Amanda Lynch,louislandry@example.org,NE,2018-09-27,Standard,19611.44
5678,Michael Livingston,kimberlywhitaker@example.net,BZ,2018-06-23,Standard,15263.96
5679,Michele Adams,johnsonbrooke@example.net,SD,2023-08-18,Premium,20195.80
5680,Ruben Hensley,hdavid@example.net,CR,2021-05-04,Basic,20753.27
5681,Sarah Day,tmathews@example.net,BO,2023-07-29,Standard,19583.15
5682,Kevin Mckee,laurenbaker@example.org,KG,2023-12-08,Standard,15972.04
5683,Samantha Hernandez,lgreen@example.com,HN,2018-09-24,Premium,11581.19
5684,Michelle Garrett,rlarsen@example.net,BI,2022-12-04,Basic,3006.95
5685,Amanda Jones,arianablair@example.net,PT,2022-08-26,Standard,15074.67
5686,Devin Smith,fvasquez@example.net,SI,2021-04-13,Premium,10272.18
5687,James Ellis,smithaaron@example.net,CR,2022-04-14,Premium,3711.00
5688,Anthony Lynch,cynthiamiller@example.net,GN,2023-06-10,Standard,23813.66
5689,Philip Holder,djohnston@example.net,EG,2023-06-10,Standard,14275.45
5690,Raven Cruz,bday@example.org,PE,2020-10-13,Premium,20772.91
5691,Sylvia Lawrence,jessica26@example.net,MZ,2021-08-13,Standard,4575.38
5692,Michael Hendricks,btapia@example.org,BT,2023-10-13,Basic,14774.38
5693,Alicia Nelson,colleennewton@example.org,KM,2021-03-30,Basic,14211.56
5694,Theresa Woods,arobinson@example.org,SM,2019-04-12,Basic,11151.70
5695,Stephen Clark,bradley66@example.net,SA,2018-03-02,Premium,17787.17
5696,Ricky Peterson,foxanthony@example.org,LU,2020-12-17,Premium,22085.62
5697,Amber Franklin,bradleygarrett@example.org,ML,2019-07-26,Premium,5358.56
5698,Michael Gill,belltheresa@example.com,NR,2018-07-28,Basic,11518.54
5699,Emily Miller,kimberly24@example.org,NI,2024-01-24,Premium,2642.28
5700,Anthony Smith,caitlynwalton@example.net,VA,2022-08-10,Premium,21025.69
5701,Jessica Davis,farmerwilliam@example.net,KR,2018-04-23,Basic,20081.24
5702,Kimberly Gutierrez,chelsea32@example.org,PG,2020-11-28,Premium,21240.48
5703,Justin Sosa,dicksonkatie@example.com,OM,2024-02-14,Premium,5880.27
5704,Alexander Steele,ramirezmargaret@example.com,BA,2024-11-24,Basic,12823.88
5705,Nancy Garcia,qgomez@example.org,EE,2023-08-29,Basic,11214.51
5706,Amy Ryan,mjohnson@example.net,BH,2019-08-24,Premium,2087.52
5707,Jon Peters,zjefferson@example.com,MN,2022-12-26,Premium,18273.92
5708,Patricia Nguyen,onealjohn@example.net,MC,2024-01-11,Basic,15649.02
5709,Mrs. Christina Villa,ellisbradley@example.net,AR,2021-04-01,Basic,12705.44
5710,Joshua Chase,smithcynthia@example.org,SC,2018-10-17,Basic,23201.89
5711,David Knox,rsmith@example.net,AR,2020-12-01,Standard,13377.60
5712,Hannah Padilla,daniel66@example.org,TM,2019-10-21,Premium,11282.28
5713,Spencer Green,paula04@example.org,UA,2021-12-29,Basic,12828.63
5714,Michael Mcclain,brobbins@example.net,CV,2020-08-12,Basic,24571.40
5715,Christopher Owens,ganderson@example.org,LV,2023-09-08,Standard,10941.70
5716,Matthew Vincent,jacksonpatrick@example.net,EG,2018-02-17,Basic,4314.38
5717,Elizabeth Pope,jennifer92@example.org,KN,2018-04-16,Standard,13502.37
5718,Emily Weaver,nleach@example.net,GM,2022-09-12,Standard,8004.95
5719,Mary Cole,michael91@example.net,BB,2019-01-19,Premium,21052.97
5720,Joshua Hawkins,omiller@example.com,KI,2022-04-07,Basic,2128.20
5721,Nicholas Boone,ymckee@example.net,KH,2024-09-05,Standard,2287.59
5722,Wayne Brown,samuel37@example.net,KP,2018-12-11,Premium,12772.46
5723,Paul Garcia,desireewhite@example.net,AM,2023-08-09,Basic,20428.55
5724,Dustin Wheeler,ymedina@example.com,DJ,2021-01-12,Premium,14997.54
5725,Elizabeth Ramsey,stewartkristine@example.org,CG,2022-10-01,Basic,22595.29
5726,Jessica Powell,hooversarah@example.com,BD,2019-09-09,Standard,18155.14
5727,James Mcclain,william97@example.net,GD,2022-05-26,Basic,23581.75
5728,Eric Moss,iward@example.net,GM,2023-05-09,Basic,15884.71
5729,Erin Park,burtonkevin@example.com,YE,2020-12-30,Premium,14721.04
5730,Michael Ibarra,mlee@example.net,ID,2020-07-28,Basic,2947.85
5731,Travis Price,millsyolanda@example.com,UZ,2018-12-29,Basic,10588.07
5732,Whitney Taylor,oleon@example.org,LA,2021-12-23,Standard,1100.53
5733,Stephanie Glenn,elizabeth30@example.com,AM,2024-03-10,Basic,6202.79
5734,Kyle Mooney,flynnjanice@example.net,SB,2023-06-20,Standard,16854.81
5735,Terri Jones,robertsonkathy@example.org,GY,2024-03-15,Basic,5603.27
5736,Destiny Flores,catherinehernandez@example.net,CH,2022-03-26,Standard,2675.22
5737,Donald Miller,jamescrawford@example.net,CD,2023-03-01,Basic,19946.60
5738,John Escobar,duane50@example.com,KP,2022-06-19,Premium,7321.25
5739,Ryan Williams,brookemckenzie@example.org,CF,2018-07-05,Basic,23155.68
5740,Amy Romero,vgriffin@example.com,AD,2021-03-05,Basic,9407.87
5741,Frank Bonilla,timothy60@example.net,GN,2024-02-18,Premium,18008.87
5742,Jesse Robinson,wcampbell@example.org,NZ,2024-11-10,Standard,640.53
5743,Brittany Stewart,pfletcher@example.com,SE,2023-01-30,Basic,7809.84
5744,Rebecca Vaughn,denise64@example.net,LV,2018-09-23,Standard,290.38
5745,Joseph Dominguez,julie73@example.org,MW,2024-04-16,Standard,2555.24
5746,Seth Myers,vasquezjonathan@example.org,UG,2019-08-07,Premium,24530.66
5747,Alexander Swanson,bryanbrianna@example.com,NG,2021-12-27,Basic,19001.23
5748,Rachel Stein,conniebrandt@example.com,QA,2022-07-24,Standard,13565.49
5749,Gary Smith,kennethbright@example.org,JM,2019-05-28,Premium,12563.32
5750,Stephen Hayes,chanamanda@example.org,NL,2024-06-08,Premium,6647.96
5751,Rebecca Newman,lmaynard@example.net,GR,2022-06-27,Basic,17417.20
5752,Jamie Cox,shawngill@example.com,GQ,2020-07-22,Basic,1027.20
5753,Alexis Maxwell,cassidyward@example.com,LS,2022-11-21,Premium,24625.31
5754,Matthew Fuller,howardwilliams@example.net,IN,2022-06-07,Standard,3783.47
5755,Gary Mcclure,wglenn@example.net,KN,2023-11-30,Standard,15048.56
5756,Lisa Good,jonesanna@example.net,PT,2018-10-07,Standard,551.37
5757,Michael Lawson,pbrown@example.net,SR,2018-09-17,Premium,7497.49
5758,Nathan Cline,wbrown@example.net,SI,2020-05-28,Premium,14662.45
5759,Matthew Wong,jeffrey29@example.net,FM,2020-10-13,Standard,16529.53
5760,Stephanie Allen,lance24@example.org,DE,2024-09-22,Basic,20371.58
5761,Whitney Green,turnerroger@example.net,MV,2020-04-17,Basic,10184.49
5762,Stacy Harvey,ryanshannon@example.org,IE,2020-08-10,Premium,11877.76
5763,Carrie Martin,gtrujillo@example.org,MG,2022-07-28,Premium,8543.23
5764,Jesus Castillo,petersonrichard@example.com,DJ,2020-10-15,Premium,22958.77
5765,John Gray,pkirk@example.net,SM,2021-08-08,Basic,12776.09
5766,Christina Carter,rebeccacarroll@example.org,MY,2022-06-29,Standard,19493.97
5767,Sean Higgins,vjackson@example.net,HR,2018-03-31,Premium,9007.90
5768,Nathaniel Mills,zmendoza@example.org,LK,2021-02-14,Standard,12389.80
5769,Charles Collins,davidsnyder@example.net,TG,2020-12-09,Premium,15406.99
5770,Andrew Mcdaniel,longscott@example.net,IQ,2022-10-23,Standard,16257.14
5771,Laura Stevens,matthewherrera@example.net,EC,2020-03-02,Basic,7228.80
5772,Ethan Hernandez,zavalaanthony@example.net,ET,2018-04-26,Basic,10409.77
5773,Benjamin Waters,johnadams@example.com,QA,2018-09-16,Standard,18890.14
5774,Sabrina Davis,reedleroy@example.org,EG,2023-06-07,Basic,1633.34
5775,Kristin Serrano,bcarson@example.com,PW,2023-10-14,Premium,17504.87
5776,Vanessa Obrien,clarklaura@example.com,KG,2024-09-01,Basic,14330.86
5777,Juan Lee,evan50@example.org,ML,2024-02-17,Basic,1045.77
5778,Michael Rojas,matthewevans@example.com,PG,2024-01-26,Basic,71.29
5779,Scott Jones,melinda77@example.org,HT,2022-06-30,Standard,20833.20
5780,Robert Smith,upatel@example.org,MN,2019-08-19,Premium,6787.46
5781,Chelsea Jones,laurie35@example.com,MN,2022-12-19,Standard,10342.49
5782,Thomas Lee,ngolden@example.net,SG,2019-03-05,Premium,20993.37
5783,Victoria Hall,oyoung@example.com,SV,2024-12-24,Premium,22977.92
5784,Eric Riley,johnsonrichard@example.org,GB,2022-03-23,Standard,13647.88
5785,Jason West,anneschultz@example.com,KN,2024-11-30,Basic,13460.09
5786,Denise Dillon,dylan92@example.org,BT,2020-10-16,Basic,24381.40
5787,Carrie Griffin,dawnconner@example.com,BE,2022-06-10,Basic,15463.63
5788,Matthew Weaver,brianriley@example.org,SC,2022-12-09,Standard,23257.74
5789,Shaun Davis,lewisedward@example.net,VE,2022-04-11,Basic,7808.76
5790,Laurie Hoover,garciapamela@example.net,GD,2019-01-05,Standard,8507.12
5791,Lisa Bentley,fjoyce@example.com,TJ,2020-12-05,Standard,20089.48
5792,Mrs. Lori Price,dodsonbenjamin@example.net,AT,2018-07-21,Premium,3102.92
5793,William Fleming,molly80@example.org,ME,2019-07-07,Basic,14977.70
5794,Bailey Booth,jason36@example.org,MK,2020-01-10,Premium,21120.46
5795,Craig Garcia PhD,kentmaurice@example.net,LT,2023-05-11,Standard,6159.91
5796,Nancy Lucas,beckyblake@example.com,UG,2022-04-12,Basic,1112.21
5797,Ashley Gray,guzmancarl@example.com,JP,2019-04-10,Premium,11862.02
5798,Mason Stewart,andrewrandall@example.com,TO,2022-09-27,Basic,18204.94
5799,Mark Hartman,santanaveronica@example.org,NL,2020-07-19,Basic,13445.44
5800,Alexis Avila,patricia36@example.org,VU,2024-03-24,Standard,5178.54
5801,Daniel Evans,dianajacobson@example.com,GE,2021-07-11,Premium,10269.74
5802,Aaron Silva,bautistanathan@example.com,FR,2019-05-31,Premium,12866.69
5803,Victoria Gibbs,jeffrey56@example.net,EC,2020-11-30,Standard,9309.71
5804,Megan Bright,linkevin@example.net,SA,2018-08-17,Standard,12137.70
5805,Jason Arnold,marcus16@example.net,ES,2018-07-21,Premium,14852.93
5806,Mitchell Johnson,patricia74@example.org,BR,2024-06-02,Standard,20174.84
5807,Krystal Wood,simsjimmy@example.net,TT,2021-05-08,Basic,24281.87
5808,James Hammond,balexander@example.net,GD,2020-10-21,Premium,1173.96
5809,Mrs. Vickie Sloan,erica68@example.net,BB,2022-03-22,Standard,17060.21
5810,Zachary Obrien,brittanyjohnson@example.net,GD,2021-01-27,Basic,21539.11
5811,Laurie Thomas,timothy39@example.net,ST,2024-11-17,Standard,10783.50
5812,John Lewis,fharris@example.org,BF,2022-08-09,Premium,8171.86
5813,Juan Peters,april30@example.com,ID,2022-11-21,Standard,4045.73
5814,Theresa Jones,jonathanjohnson@example.net,MG,2021-06-26,Standard,10589.77
5815,Autumn Hill,brian18@example.org,HN,2022-01-31,Standard,18906.66
5816,Michelle Jones,smithtanya@example.net,MK,2021-10-24,Basic,22311.59
5817,Matthew Cummings,evelynortega@example.net,CA,2024-05-28,Standard,19562.92
5818,Neil Mitchell,gabriel53@example.net,TO,2021-06-17,Standard,24118.95
5819,Frank Ward,,HR,2020-02-27,Basic,20131.62
5820,Pamela Chan,dbrown@example.net,ET,2018-04-29,Standard,3271.40
5821,Barbara Thomas,daniel61@example.org,BY,2022-02-22,Standard,19973.25
5822,Elizabeth Montes,johnwarner@example.net,NA,2022-04-11,Premium,21357.21
5823,Tanya Taylor,ili@example.org,MW,2020-01-25,Standard,8412.68
5824,Jennifer Klein,zachary00@example.org,BI,2021-03-30,Premium,2709.97
5825,Daniel Rowland,martinezshawn@example.com,LU,2021-09-30,Basic,15206.00
5826,Miss Jeanette Marshall,jacobkelley@example.net,FI,2020-07-26,Premium,228.90
5827,Eric Carter,juan22@example.net,AO,2022-10-09,Premium,21389.39
5828,Deborah Morrison,edwardsjames@example.net,ZA,2019-05-01,Premium,3803.90
5829,Margaret Cooper,adrian42@example.net,BA,2020-01-12,Standard,10704.55
5830,Joshua Sanders,gravestracy@example.com,JO,2023-05-14,Basic,16416.10
5831,Barbara Williams,brandy57@example.net,SE,2021-06-26,Standard,3358.41
5832,Nicole Miller,matthew84@example.net,MK,2021-07-18,Basic,1683.31
5833,Rachel Jackson,oscott@example.com,CU,2018-04-24,Premium,1976.63
5834,John Anderson,donald87@example.net,SV,2021-02-24,Basic,24587.35
5835,Joseph Alvarado,vancechristina@example.net,PK,2019-01-14,Standard,22767.97
5836,Janet Hampton DDS,jenniferthomas@example.com,YE,2023-08-24,Standard,13335.22
5837,John Molina,danielcox@example.com,CU,2023-10-19,Basic,9706.12
5838,Crystal Robinson,juanjones@example.org,AL,2018-09-03,Premium,19012.32
5839,Daniel Campbell,marissa21@example.com,HU,2024-01-08,Premium,2708.70
5840,John Gregory,oconnellnathan@example.net,VE,2024-08-08,Basic,24549.46
5841,Casey Mendoza,qjohnson@example.org,NP,2023-05-25,Basic,12363.36
5842,Eric Owens,vsalazar@example.net,PG,2024-04-07,Premium,4897.10
5843,Heather Powers,lewisalexis@example.com,FM,2018-11-21,Premium,14445.99
5844,Dylan Dean,cjackson@example.net,NA,2022-01-07,Standard,23268.13
5845,Karl Hunter,ramosrenee@example.net,JM,2018-02-25,Standard,11152.88
5846,Mr. Travis Kelly Jr.,davisdouglas@example.com,AG,2022-08-01,Standard,21318.54
5847,Brenda Huber,sarah33@example.net,VC,2022-10-07,Premium,3681.87
5848,Christine Arnold,jesse16@example.org,NR,2019-03-31,Premium,1336.78
5849,Dr. Lisa Beck,erika69@example.com,BB,2023-12-06,Standard,5720.19
5850,Brian Ferrell PhD,priscilla11@example.com,SA,2023-05-15,Standard,5699.40
5851,Jody Allen,mcintyretroy@example.com,KH,2021-11-17,Basic,14718.56
5852,Thomas Morales,richardanderson@example.com,EE,2022-04-30,Basic,1202.34
5853,Elizabeth Robles,jennifer93@example.com,BJ,2024-03-19,Standard,24342.57
5854,Julia Arnold,michelle80@example.com,KH,2019-11-23,Standard,24585.03
5855,Lori Jones,orice@example.com,IT,2023-10-07,Premium,7744.07
5856,Christopher Freeman,kim94@example.org,IS,2019-05-21,Basic,13937.30
5857,David Lawson,richardpatterson@example.org,JO,2020-08-10,Basic,8107.47
5858,Peter Floyd,,BO,2020-11-03,Standard,19922.90
5859,Joseph Singh,snewman@example.com,PL,2021-01-04,Premium,785.89
5860,Jason Compton,dawnbowman@example.net,SI,2022-10-25,Standard,7637.58
5861,Stephanie Garcia,ssimpson@example.org,GH,2022-02-13,Standard,16305.18
5862,Destiny Saunders,matthew79@example.com,DZ,2021-10-18,Basic,3641.05
5863,Misty Burke,alvarezscott@example.org,KR,2020-03-17,Premium,2785.09
5864,Jacqueline Novak,rittercharles@example.org,CA,2020-03-03,Premium,23366.37
5865,Deborah Hernandez,suzannematthews@example.org,DZ,2023-01-07,Standard,19243.77
5866,Mark Howard,qvazquez@example.org,MM,2024-11-23,Basic,18274.31
5867,Richard Herman,markmassey@example.com,PW,2023-07-06,Basic,23502.12
5868,Joseph Jordan,sandrapowell@example.org,PS,2018-12-14,Standard,10959.71
5869,Debra Kim,williamtaylor@example.org,AR,2022-06-19,Premium,6072.41
5870,Anthony Jones,kcarter@example.com,BB,2021-04-17,Basic,16037.89
5871,James Moore,finleynancy@example.org,RS,2019-11-13,Standard,4243.03
5872,Joel Williams,ohayes@example.com,DO,2020-02-24,Basic,13472.40
5873,Anthony Allen,terrinavarro@example.com,MW,2019-11-27,Premium,22443.48
5874,Wanda Lee,brianoconnor@example.com,ZA,2021-12-19,Basic,315.39
5875,James Carroll,nunezkayla@example.com,SR,2024-02-02,Premium,20029.90
5876,Denise Bell,randycarpenter@example.com,BN,2018-10-03,Basic,19600.95
5877,Patrick Mcbride,antoniohudson@example.com,NA,2020-10-08,Premium,6373.25
5878,Elizabeth Meza,lthomas@example.org,ML,2020-03-07,Premium,9665.33
5879,Victor Owens,guzmanthomas@example.org,TR,2020-07-29,Standard,17979.67
5880,George Jordan,christophernelson@example.org,IR,2023-08-23,Premium,6669.13
5881,Cassie Simpson,barrerajay@example.net,BD,2020-07-28,Standard,21194.26
5882,Judith Martin,mking@example.com,SD,2021-06-05,Premium,894.10
5883,Morgan Tucker,frank60@example.org,RU,2019-03-02,Basic,1728.09
5884,Victoria Vazquez,hcontreras@example.com,GH,2022-06-12,Standard,11854.27
5885,Pamela Black,garcialindsay@example.org,TD,2021-03-19,Basic,22625.07
5886,Michael Carpenter,alyssadiaz@example.org,CY,2022-10-07,Standard,24722.46
5887,Johnny Williams,laura06@example.net,GY,2021-02-16,Standard,6359.83
5888,Deborah Pierce,adunn@example.org,IT,2022-01-12,Standard,6547.19
5889,Tammy Marquez,ugarcia@example.net,MM,2018-08-08,Basic,5256.65
5890,Eric Mcdonald,jameschapman@example.com,BG,2024-01-01,Standard,17210.85
5891,Stephen Evans,yjones@example.net,CH,2023-05-01,Basic,15488.53
5892,Emily Caldwell,williamstammy@example.com,HR,2023-01-19,Basic,19606.96
5893,Marie Richardson,christopher04@example.org,RW,2019-03-15,Premium,16044.67
5894,Andrew Williamson,cellis@example.com,AG,2021-08-05,Premium,16091.23
5895,Jason Wilcox,johnhayes@example.org,GB,2019-05-21,Premium,13415.77
5896,Michael Ingram,ismith@example.com,BT,2023-08-20,Basic,16526.76
5897,Kevin Pruitt,karen32@example.org,GQ,2024-01-17,Basic,9649.91
5898,Larry Hodges,olsenwilliam@example.org,EG,2024-12-23,Basic,14481.99
5899,Michael Maldonado,lauraperkins@example.com,UG,2024-07-29,Basic,12862.31
5900,Charles Thomas,sandrawright@example.com,BN,2019-09-27,Basic,14971.26
5901,Erin Callahan,zmiller@example.com,GD,2021-06-07,Standard,12031.02
5902,Mr. David Mcintyre,mary83@example.com,NR,2019-06-29,Standard,2616.35
5903,Kevin Robinson,brandon33@example.com,SE,2023-01-15,Basic,3438.26
5904,Samuel Rodriguez,melissaperry@example.com,MU,2022-03-24,Premium,910.73
5905,Allison Blackburn,achapman@example.com,GY,2019-01-02,Basic,24662.39
5906,Anthony Cain,alutz@example.net,FR,2024-01-23,Basic,24087.67
5907,Mary Smith,nrusso@example.org,TJ,2020-10-31,Premium,6694.99
5908,Steven Chavez,bakerevelyn@example.org,PW,2020-04-14,Basic,16217.44
5909,Roger Porter,bethmccoy@example.net,NE,2024-08-23,Standard,4068.35
5910,Michele Howell DVM,jordan76@example.net,CN,2020-08-22,Premium,14200.33
5911,Monica Hodges,gsimon@example.org,CV,2019-02-27,Premium,24394.65
5912,Amanda Ruiz,caseychristina@example.com,VA,2024-03-01,Standard,752.09
5913,Lydia Estrada,ortegaanthony@example.net,GB,2019-10-06,Basic,5252.26
5914,Joseph Cummings,andrew33@example.com,RS,2019-12-08,Basic,21673.35
5915,Charles Adams,mark22@example.com,ML,2018-07-22,Basic,14451.85
5916,Brandy Freeman,hannahpage@example.com,EE,2020-05-18,Premium,3642.64
5917,Charles Mcbride,john50@example.org,MX,2018-07-03,Premium,372.57
5918,Laura Waters,ashleyvelez@example.com,ML,2020-07-31,Premium,22224.09
5919,Michael Foster,hendersonamy@example.org,KE,2018-03-08,Premium,17291.62
5920,Rachel Koch,jamescoleman@example.net,AF,2022-04-30,Standard,10849.26
5921,Tiffany Clayton,megan96@example.com,CH,2019-04-15,Premium,22751.02
5922,Tyler Jones,huntjason@example.org,KM,2023-09-12,Basic,14921.66
5923,Christopher Doyle,aguilarchristopher@example.com,MZ,2024-04-05,Basic,12021.16
5924,Jacob Brown,bpineda@example.net,MD,2022-05-02,Premium,280.10
5925,Katie Shea,bookerstephen@example.net,NL,2018-12-09,Standard,4733.77
5926,Heather Harvey,davidcandice@example.com,TV,2022-04-21,Premium,7219.10
5927,Antonio White,nicholaslucero@example.net,KN,2020-08-21,Basic,7234.07
5928,Rebecca Parks,jimmy04@example.org,KZ,2021-07-31,Basic,6099.22
5929,Christopher Lawson,mmoore@example.org,SB,2018-12-15,Basic,12758.37
5930,Phillip Erickson,dylan21@example.org,KZ,2018-07-14,Standard,6909.09
5931,Walter Rodriguez,glee@example.org,SV,2024-03-04,Basic,3456.32
5932,Rebekah Johnston,jonathanharris@example.com,LR,2021-07-13,Standard,10216.70
5933,Matthew Garza,amber85@example.org,SD,2024-08-08,Standard,20801.44
5934,Cynthia Wells,evansjared@example.com,BT,2019-02-05,Premium,91.25
5935,Emily Simmons,tracifletcher@example.org,BI,2018-03-11,Standard,20882.53
5936,Tonya Jacobs,englishoscar@example.org,PS,2022-07-14,Premium,87.71
5937,Jeremy Miller,monica33@example.net,ZW,2021-02-16,Standard,23812.42
5938,Stephanie Morris,washingtonrobert@example.net,CV,2024-08-06,Standard,10938.37
5939,Bridget Sanders,ashleynewman@example.net,IE,2018-11-02,Standard,488.63
5940,Juan Williams,michael18@example.com,TO,2018-07-08,Standard,10821.27
5941,Veronica Avila,simmonsgregory@example.com,UG,2022-05-17,Standard,6716.81
5942,Ashley Turner,jessicamorgan@example.org,GM,2018-10-30,Premium,22624.68
5943,Tracy Rodriguez,robertschwartz@example.com,BR,2022-05-29,Standard,7477.27
5944,Jeffrey Smith,john70@example.com,GB,2018-12-21,Basic,2257.41
5945,Melissa Young,fmiller@example.net,IL,2020-07-09,Standard,39.64
5946,Mr. Paul Dickerson,lindathompson@example.com,SM,2023-01-05,Basic,8098.28
5947,Linda Chase,chowell@example.org,UG,2022-06-22,Basic,20448.62
5948,William Dickerson,christopher62@example.net,FJ,2024-08-19,Standard,19310.65
5949,Peter Rodriguez,joneal@example.net,PG,2023-04-07,Premium,13069.82
5950,Michael Grant,travis40@example.org,UZ,2018-03-03,Standard,19325.14
5951,Margaret Cooper,chavezmatthew@example.org,IL,2020-03-08,Standard,10492.26
5952,Brian Rodriguez,amberquinn@example.com,BE,2020-04-08,Standard,13849.03
5953,Shane Martinez,swoods@example.com,OM,2022-03-28,Basic,18140.39
5954,Kevin Brown,christopher25@example.net,GB,2024-05-01,Basic,10131.41
5955,Harold Gonzalez,robinsonmark@example.com,DK,2022-05-10,Basic,11477.83
5956,Kelly Lee,edgarharvey@example.com,RU,2018-03-05,Basic,5852.00
5957,Stephanie Heath,sarahnichols@example.net,SV,2022-11-11,Basic,13885.52
5958,Kent Savage,dmacias@example.com,HU,2024-05-06,Premium,11811.96
5959,Kayla Myers,donaldmarquez@example.net,IR,2023-06-11,Basic,1816.20
5960,Michael Gonzalez,fthompson@example.org,BO,2018-05-06,Standard,20071.27
5961,Brian Aguirre,michelle59@example.com,LY,2022-10-23,Premium,9075.53
5962,Lisa Schaefer,colemanashley@example.net,LU,2018-11-14,Basic,11361.77
5963,Mary Lawson,zyoung@example.org,UZ,2022-03-25,Premium,17330.34
5964,Julia Hernandez,mark41@example.com,TT,2020-08-27,Premium,556.92
5965,Ross Jensen,christopherprince@example.net,CL,2018-12-23,Premium,10790.32
5966,Thomas Kelly,jennifer09@example.com,PL,2022-01-08,Standard,21231.75
5967,Bridget Browning,troy04@example.org,MN,2023-11-09,Basic,13976.70
5968,Michael Washington,ybraun@example.org,FR,2020-02-05,Standard,367.31
5969,Thomas Jordan,brendanchavez@example.net,PA,2018-11-19,Basic,21369.51
5970,Lisa Flores,aguilarrandall@example.net,MH,2024-05-30,Standard,23363.11
5971,Tracy Garcia,andrew23@example.com,NE,2018-10-26,Standard,9030.17
5972,Nicholas Nelson,porterwilliam@example.net,CZ,2023-09-22,Standard,24287.89
5973,Kevin Morrow,shermanjason@example.org,AF,2019-04-28,Standard,12166.45
5974,Michael Williams,torresjonathan@example.net,PE,2021-04-06,Basic,2255.31
5975,Kenneth Erickson,marc37@example.net,ET,2019-07-20,Standard,7419.95
5976,Alyssa Austin,scooper@example.com,KW,2024-10-02,Premium,19601.46
5977,Joshua Campbell,nhall@example.org,ZW,2019-01-31,Basic,16824.36
5978,Stephanie Wilkerson,kcooper@example.org,GE,2024-03-08,Premium,7008.27
5979,Kristina Conner,kennethclark@example.org,NO,2024-10-28,Basic,14805.52
5980,Jennifer Wise,doris49@example.org,FR,2019-07-19,Standard,6656.78
5981,Patrick Sanchez,sara17@example.net,RO,2019-10-29,Premium,15078.96
5982,Lori Lee,jennifer30@example.net,PH,2023-05-10,Standard,12805.67
5983,Nathan Hernandez,garrettamanda@example.org,MV,2018-11-01,Standard,1334.86
5984,Stacey Ortega,suzannejones@example.com,PL,2020-12-18,Basic,18285.28
5985,Mary Wilson MD,stephensstacy@example.org,DE,2020-12-27,Premium,2630.89
5986,Cynthia Weaver,paigeosborn@example.net,QA,2024-03-17,Standard,17025.38
5987,Patricia Taylor,shannon53@example.com,NO,2022-03-08,Standard,20835.97
5988,Matthew Berger,michaelbrowning@example.com,MD,2018-07-05,Standard,10877.94
5989,James Vargas,zmartin@example.org,HR,2023-09-03,Premium,72.15
5990,Jonathan Baker,brianjones@example.net,LY,2024-06-25,Premium,3158.21
5991,Deborah Smith,guzmanandrew@example.org,VU,2022-02-12,Standard,20762.61
5992,Pamela Taylor,ngilbert@example.com,GW,2024-06-11,Premium,23452.42
5993,Margaret Bentley,jeffreygillespie@example.org,PA,2018-07-23,Premium,15802.96
5994,William Wilkins,amber02@example.net,KG,2020-06-18,Basic,22461.91
5995,Jeanne Gilbert,joegrant@example.net,LY,2022-08-07,Standard,23765.98
5996,Nancy Johnson,frazierdaniel@example.net,ME,2023-02-25,Premium,5281.80
5997,Melissa Cain,erika44@example.net,KR,2019-07-12,Standard,21190.46
5998,Charles Griffin Jr.,lindseymadison@example.net,PT,2023-04-10,Premium,12577.47
5999,Colin Taylor,sharpshannon@example.com,VE,2024-04-12,Basic,8202.46
6000,Brandi Waters,audreyjohnson@example.org,EE,2021-02-20,Premium,1460.27
6001,Donald Sharp,danielleanderson@example.org,BG,2023-06-12,Basic,16298.74
6002,Dr. Sierra Gibson,lisa75@example.com,CI,2023-10-18,Premium,4022.94
6003,Daniel Brown,snydercatherine@example.net,CH,2020-12-08,Basic,11315.60
6004,Michael Robles,michaelowens@example.com,NZ,2019-01-05,Premium,24842.14
6005,Lisa Thompson,tracybutler@example.org,GE,2018-10-24,Standard,23539.94
6006,Jacob Zamora,anna95@example.com,MG,2024-01-31,Standard,156.17
6007,Austin Best,megan09@example.net,TN,2018-09-27,Premium,19657.53
6008,Edward Christensen,ndiaz@example.com,NP,2024-04-22,Basic,17450.37
6009,Nicole Hodges,michaelbutler@example.com,SE,2018-08-30,Premium,2904.22
6010,Jeffrey Collins,lkim@example.com,HR,2022-03-03,Premium,15260.46
6011,Jonathan Sharp,david65@example.org,MY,2023-03-15,Premium,24526.37
6012,Nicholas Perkins,michelle11@example.com,TV,2018-12-19,Standard,4648.24
6013,Emily Taylor,robert70@example.com,DM,2018-11-28,Basic,22002.80
6014,James Bishop,brandon80@example.com,FM,2022-01-25,Premium,23675.11
6015,Ryan Schwartz,anthony41@example.com,CV,2022-12-10,Premium,20520.39
6016,Erin Trevino,anthonymendez@example.org,LT,2019-07-12,Premium,1096.25
6017,Cody Rowe,annthompson@example.net,WS,2023-03-09,Premium,20241.55
6018,Michael Reyes,rachaelgray@example.com,WS,2024-08-28,Standard,17012.14
6019,Seth Dixon,brittany71@example.com,SV,2018-01-19,Standard,6410.64
6020,Michael Gould,mike89@example.org,ZA,2018-12-21,Basic,14350.06
6021,Mrs. Stephanie Fritz,martinshields@example.com,TO,2021-07-03,Basic,17784.41
6022,Sara Fleming,hamiltonmichael@example.com,KH,2021-04-15,Premium,20268.20
6023,Michelle Thomas,upearson@example.org,CO,2019-07-31,Basic,13047.57
6024,Laura Williams DDS,wcontreras@example.net,PK,2022-08-20,Basic,13883.32
6025,Arthur Miller,ballen@example.org,TM,2020-05-23,Standard,8615.34
6026,Michelle Noble,edwardsaaron@example.net,GB,2024-09-03,Standard,6975.71
6027,Paul Reid,montgomeryshaun@example.net,IQ,2023-04-19,Premium,10335.49
6028,Ryan Cox,hrichardson@example.org,IN,2018-12-27,Basic,19825.79
6029,Wendy Howard,gary04@example.org,AM,2023-10-10,Premium,24435.11
6030,Summer Cervantes,amyhowe@example.com,LI,2020-04-08,Standard,20273.42
6031,Andrew Marshall,vthompson@example.org,MA,2018-12-05,Premium,22542.41
6032,Bryan Riddle,obrienaudrey@example.com,MN,2018-10-17,Premium,6445.42
6033,Olivia Jarvis,lclayton@example.com,KM,2018-07-05,Premium,8794.88
6034,Victoria Maldonado,odonnellrodney@example.com,CG,2024-04-18,Basic,15269.35
6035,Jacob Garcia,kristin83@example.com,US,2020-06-27,Basic,4579.40
6036,Ricardo Ward,amanda27@example.com,LK,2023-04-03,Standard,5333.39
6037,Jason Harvey,oliviaperry@example.net,CG,2022-01-14,Standard,6400.84
6038,Jasmine Chambers,carly60@example.net,KH,2020-09-18,Standard,21783.93
6039,Jeff Smith,jennifergomez@example.org,KM,2019-09-13,Standard,13248.49
6040,Thomas Farmer,michael96@example.net,CG,2022-07-20,Standard,24475.34
6041,Richard Harris,carolyn38@example.com,ZW,2022-11-19,Premium,18633.30
6042,Christina Woods,brittany13@example.net,SR,2023-01-09,Premium,14707.15
6043,Stephanie Rice,rodriguezzachary@example.net,HR,2020-06-16,Basic,24911.40
6044,Michele Miller,jesuskennedy@example.com,SV,2021-05-12,Basic,12584.50
6045,Christine Davis,garrettmiller@example.com,AL,2024-02-20,Standard,24191.83
6046,Sherry Gill,tracywashington@example.net,NI,2021-07-26,Premium,9565.63
6047,Patrick Washington,skinnerjenny@example.org,GQ,2021-05-05,Standard,22875.11
6048,Carrie Williams,herbertbrown@example.com,SI,2024-01-22,Premium,8271.21
6049,Robert Allen,daniel78@example.net,BZ,2018-08-06,Standard,20407.61
6050,David Gomez,prattaustin@example.com,CV,2021-02-07,Basic,1253.02
6051,Gina Dean,smithkimberly@example.net,ER,2022-01-14,Standard,15496.87
6052,Carly Hill,jimenezjasmine@example.net,TD,2021-12-14,Premium,9105.55
6053,Victoria Christian,allentravis@example.com,GE,2022-06-15,Premium,5149.75
6054,Danny Preston,francojoanne@example.com,TO,2020-01-19,Basic,20616.30
6055,Michael Fowler,hallvincent@example.org,BE,2024-08-30,Premium,13521.05
6056,Shawn Gates,jjensen@example.com,JO,2021-09-27,Standard,2678.50
6057,Brad Cruz,bradleytaylor@example.org,CO,2023-07-14,Basic,17495.93
6058,Jim Hampton,ureynolds@example.net,ZW,2018-04-23,Basic,24752.82
6059,Robert Price,darrenhorton@example.net,LT,2019-02-21,Premium,2493.25
6060,Scott Garcia,jonathan96@example.net,FM,2018-12-08,Premium,11567.49
6061,Sierra Carpenter,lawrencelori@example.org,SL,2023-09-10,Standard,2368.87
6062,Todd Arias,michael94@example.net,UG,2018-03-20,Premium,8213.35
6063,Guy Owens,donnagallagher@example.com,RW,2021-04-23,Basic,23560.74
6064,Ruben Frey,westmichael@example.org,TN,2022-05-13,Premium,17168.44
6065,Aaron Baker,snguyen@example.com,IL,2019-12-27,Premium,15846.15
6066,Michael Cox,zachary45@example.org,LB,2022-07-22,Basic,15524.56
6067,Stephen Avila,uevans@example.org,TJ,2020-08-15,Standard,20439.32
6068,Stephanie Wright,alvarezangela@example.org,BO,2021-01-02,Basic,23512.42
6069,Kyle Walker,nwarner@example.com,LV,2019-12-27,Premium,22324.22
6070,Daniel Lewis,iwebb@example.net,OM,2019-07-08,Premium,10943.43
6071,Yvonne King,frankwilson@example.com,AD,2021-07-09,Basic,8933.61
6072,Sarah Byrd,katherine24@example.com,CU,2018-09-01,Premium,3947.72
6073,William Foley,bradleyevans@example.org,US,2022-09-07,Basic,22974.32
6074,Mr. John Hahn,chasejoel@example.org,UG,2018-11-20,Standard,2774.84
6075,Lindsey Beck,nhurley@example.org,MR,2020-05-28,Basic,23262.54
6076,Willie Schmidt,tammystevens@example.com,KZ,2021-11-22,Basic,17159.63
6077,Stephanie Floyd,kraymond@example.org,SM,2024-08-06,Standard,11003.86
6078,Rebecca Wise,natasha08@example.net,LY,2024-12-04,Standard,799.77
6079,Kristy Norris,roserhonda@example.net,VN,2021-03-03,Premium,23896.54
6080,Justin Crawford,justindeleon@example.org,NG,2023-07-10,Premium,19124.62
6081,Curtis Hull,matthew43@example.org,JM,2020-02-23,Premium,11592.39
6082,Jordan Garcia,aanderson@example.com,BE,2024-03-05,Premium,23268.76
6083,Shelby Leonard,jacobhernandez@example.org,YE,2024-08-13,Basic,9153.94
6084,Sara Johnson,salazarchristopher@example.net,PK,2018-04-25,Premium,16660.68
6085,James Walker,deborah08@example.net,TL,2018-09-27,Premium,243.07
6086,Dr. Eric Castillo II,livingstondavid@example.org,BS,2022-05-28,Standard,23934.82
6087,Carol Simpson,emichael@example.org,CY,2024-12-22,Premium,24245.87
6088,Brian Hays,thomasmartin@example.com,JP,2018-02-19,Premium,17250.73
6089,Heather Key,lreyes@example.net,BO,2024-06-29,Premium,75.10
6090,Robert Fernandez,daviskim@example.com,SA,2021-11-27,Premium,23442.19
6091,Heather Simmons,melissa01@example.net,BE,2020-05-28,Standard,1140.18
6092,Donald Beltran,stevenprice@example.org,TL,2024-11-10,Basic,24307.60
6093,Courtney Price,megan51@example.org,AU,2021-03-10,Premium,1800.22
6094,James Jenkins,thomas43@example.net,PY,2021-05-13,Basic,15335.77
6095,Cynthia Nelson PhD,mcgeeamy@example.com,SC,2019-01-20,Premium,24762.14
6096,James Callahan,danielvargas@example.org,SO,2021-10-11,Basic,15414.99
6097,Jason Haas,vstanton@example.org,BW,2019-12-15,Basic,8979.35
6098,Matthew Villa,,DE,2020-09-24,Standard,17150.62
6099,David Johnson,reyesshawn@example.com,TH,2021-10-26,Premium,1142.62
6100,Carrie Bell,barbaranguyen@example.com,LU,2022-05-08,Premium,831.44
6101,Nicole Chambers,zbennett@example.org,NR,2022-07-28,Standard,14234.86
6102,Elizabeth Gomez,clarkmatthew@example.com,AE,2024-06-23,Premium,16103.13
6103,Stacy Moore,scottmcneil@example.com,NZ,2022-06-18,Basic,10711.83
6104,Sean Mcgee,garybuck@example.com,MW,2024-02-21,Premium,1842.19
6105,Eric Alexander,ramirezmichael@example.com,DM,2022-05-04,Basic,10980.81
6106,Elizabeth Sherman,wardkimberly@example.com,CY,2020-12-12,Premium,19457.35
6107,Larry Patel,melissa89@example.com,GN,2020-09-16,Standard,12523.85
6108,Jeffrey Martinez,psingleton@example.net,UY,2019-05-29,Basic,22244.09
6109,Timothy Davis,joshua24@example.org,BW,2020-06-11,Basic,4846.14
6110,Michael Green,ycarr@example.org,MA,2021-03-29,Standard,14526.33
6111,Sara Johnson,matthewhiggins@example.com,MH,2022-03-16,Premium,512.78
6112,Miss Tiffany Simmons,jose87@example.com,VA,2022-05-28,Standard,11461.91
6113,Keith Juarez,wgreen@example.net,JP,2019-10-06,Standard,8202.29
6114,Lynn Wong,simonmelanie@example.org,MV,2020-06-11,Premium,15822.08
6115,Rebecca Nguyen,brenda78@example.com,BH,2018-02-15,Premium,12330.76
6116,Stacy Chavez,esolomon@example.org,LB,2022-04-04,Standard,6377.60
6117,Peter Rodriguez,danielsrichard@example.com,SK,2022-05-22,Premium,7146.73
6118,Tammy Larson,daniel93@example.net,DJ,2023-02-25,Basic,6369.28
6119,Jennifer Jones,stevenjackson@example.com,CD,2024-07-12,Premium,15693.41
6120,Adam Thomas,miranda63@example.com,BN,2024-06-03,Basic,19477.46
6121,Kristin Tucker,hartjohn@example.org,GN,2020-06-15,Premium,7692.88
6122,Alicia Roberts,ghill@example.net,RO,2019-01-26,Premium,380.83
6123,Justin Booker,chad03@example.com,SA,2018-05-11,Basic,995.85
6124,Troy Hughes,ericblair@example.net,SL,2022-09-24,Basic,1159.87
6125,Deborah Jones,bryantmarissa@example.org,GB,2020-09-27,Premium,15930.17
6126,Michael Johnson,qgarcia@example.com,PK,2024-01-25,Basic,22838.11
6127,Kristen Alvarez,thomasmaddox@example.org,NI,2023-09-22,Standard,6074.39
6128,Rebecca West,tracygutierrez@example.org,BS,2019-09-13,Premium,2209.66
6129,Wayne Walsh,druiz@example.org,UG,2022-05-28,Standard,5498.60
6130,Amy Palmer,mitchelllowe@example.com,MU,2019-07-12,Basic,23187.96
6131,Andrea Smith,smithrenee@example.org,PH,2021-02-27,Basic,8362.79
6132,Jonathan Calderon,smithedward@example.org,CO,2023-02-13,Standard,18855.93
6133,Caroline Foster,morganraymond@example.org,LB,2024-04-23,Basic,19748.86
6134,Patrick Martinez,juarezpatricia@example.org,ES,2024-02-03,Standard,8081.94
6135,Craig Adams,smithpatrick@example.com,NZ,2024-05-05,Premium,2193.17
6136,Stephanie Cameron,robersondaniel@example.net,KP,2024-08-27,Basic,14839.92
6137,Rick Bentley,lperez@example.net,CZ,2022-10-01,Standard,4187.18
6138,Heidi Bradley,kendra95@example.net,ZM,2018-07-10,Premium,23831.28
6139,Jeffrey Thomas,villanuevatodd@example.org,LR,2020-09-11,Standard,16775.91
6140,Eric Olsen,cstewart@example.org,MA,2020-01-04,Premium,22118.61
6141,Patrick Santana,richardelizabeth@example.org,LR,2019-08-03,Standard,9251.10
6142,Deborah Warren,heather59@example.com,AD,2023-11-03,Premium,1943.44
6143,Mrs. Brenda King,robertsanchez@example.com,EE,2023-03-08,Standard,22248.20
6144,Matthew Soto,wesley71@example.net,FI,2024-09-06,Premium,27.43
6145,Christopher Morales,christinawalsh@example.org,GW,2022-12-28,Premium,2270.85
6146,Joseph Cole,hramirez@example.org,EE,2021-11-11,Premium,5641.24
6147,Katherine Smith,christinawilliams@example.com,VA,2024-03-05,Premium,4523.31
6148,Andre Lane,cbutler@example.com,EC,2022-11-03,Basic,23935.88
6149,Amanda Moore,tdougherty@example.net,US,2019-02-10,Basic,19881.54
6150,William Williams,amartinez@example.com,UG,2019-12-02,Premium,8814.29
6151,David Rivas,dana44@example.com,LY,2023-11-19,Premium,13056.35
6152,Mitchell Wilson,mrodriguez@example.com,DM,2023-06-26,Basic,106.90
6153,Paul Lewis,adrianasweeney@example.org,CY,2022-02-08,Basic,2361.58
6154,Paula Shaffer,usimmons@example.com,TW,2019-03-12,Premium,12578.32
6155,Lynn Anderson,kayla46@example.net,KP,2020-05-16,Basic,9285.71
6156,Donald Brown,cortezeric@example.org,KG,2024-03-03,Basic,2038.83
6157,Jason Sherman,michael38@example.net,EC,2024-08-07,Standard,14224.38
6158,Mrs. Veronica Torres,krobertson@example.org,PS,2023-03-15,Basic,24320.30
6159,Tracey Hubbard,kaylee54@example.net,ZW,2019-11-17,Basic,17268.30
6160,Aaron Cobb,maureenmendez@example.org,CG,2022-04-13,Basic,12919.10
6161,Robert Owens,njones@example.org,MM,2018-07-26,Standard,22929.20
6162,Karen Smith,nancy11@example.com,AE,2023-05-15,Basic,19139.70
6163,Ashley James,jasongomez@example.net,IR,2024-10-09,Premium,1679.22
6164,Benjamin Howard,zhutchinson@example.com,AZ,2022-03-18,Basic,23565.12
6165,Amy Harris,xgilmore@example.org,MN,2023-09-14,Basic,11989.80
6166,Samantha Jacobs,davidlang@example.org,AZ,2019-12-08,Basic,6902.77
6167,Lindsey Gallegos,johnsonbelinda@example.com,KE,2021-06-27,Premium,16433.91
6168,Andrew Stevens,devonsmith@example.com,LT,2023-10-06,Premium,4203.03
6169,Dylan Griffin,jfuller@example.org,ZW,2023-05-07,Premium,30.48
6170,Janet Gonzalez,monicapacheco@example.com,LK,2019-12-29,Basic,5343.79
6171,Martin Miller,christianbrown@example.com,GT,2021-04-21,Basic,3186.52
6172,Kathryn Castaneda,rriddle@example.org,IQ,2020-07-25,Premium,16562.13
6173,Traci Reynolds,dennis30@example.com,SV,2019-09-29,Premium,6299.05
6174,Dawn James MD,williamharris@example.net,SD,2021-02-10,Standard,12181.87
6175,Amy Crawford,hannahbarber@example.com,KR,2021-02-15,Basic,5285.56
6176,Heather Mitchell,jgreen@example.net,JP,2019-06-24,Basic,21506.36
6177,George Hogan DVM,kowen@example.net,KP,2019-03-26,Premium,10536.50
6178,Lawrence Gaines,jacobsalinas@example.com,LY,2022-01-14,Basic,15061.09
6179,Allison Curtis,edward00@example.org,KG,2020-03-14,Basic,255.20
6180,Lisa Wilson,ugriffin@example.com,MR,2019-06-03,Basic,15682.57
6181,Patrick Banks,scott98@example.com,MV,2018-02-23,Premium,902.89
6182,Vanessa Jordan,melissalewis@example.net,LU,2020-05-01,Premium,6924.96
6183,Tammy Simon,joanna39@example.com,KM,2019-09-04,Premium,21309.38
6184,Mark Ross,shawnshort@example.net,AE,2019-06-19,Basic,10972.67
6185,Christopher Howard,michael70@example.org,GN,2022-01-11,Premium,17386.31
6186,Dr. Autumn Wallace MD,elizabethdiaz@example.org,NG,2019-02-27,Premium,9323.27
6187,Edward Hart,davidmiller@example.com,TT,2020-03-05,Premium,22462.78
6188,Daniel Simpson,ejones@example.org,LI,2019-06-20,Basic,2338.43
6189,Stacey Lewis,durhamrobin@example.com,SO,2021-10-06,Premium,10178.95
6190,Patty Thompson,emoore@example.org,VA,2022-06-10,Premium,72.15
6191,Douglas Nunez,melissajordan@example.org,AD,2018-08-24,Standard,17881.18
6192,Lisa Mahoney,jgrant@example.net,MD,2024-09-02,Premium,23372.57
6193,Gary Edwards,ysandoval@example.org,BE,2022-12-08,Standard,11489.97
6194,Jessica Raymond,barry66@example.net,UA,2022-06-18,Basic,2398.85
6195,Timothy Anderson,tammy68@example.com,TM,2024-01-10,Premium,3300.48
6196,Doris Fisher,jamiecannon@example.org,BT,2018-10-18,Basic,572.94
6197,Peter Zimmerman,larry02@example.com,AE,2019-10-26,Basic,2241.47
6198,Ariana Williams,baldwinkaren@example.com,HU,2018-10-31,Standard,7463.45
6199,Michael Singh,michelle29@example.net,BT,2024-10-26,Premium,21515.02
6200,Hector Davis,copelandjessica@example.org,VN,2019-10-14,Basic,18726.85
6201,Jessica Wong,william54@example.com,FJ,2023-12-15,Premium,2983.29
6202,John Carter,lisa77@example.com,JP,2018-04-30,Standard,6198.54
6203,Stephen Roach,mindy83@example.org,MZ,2024-01-26,Standard,1672.02
6204,Peter Blackwell,michelelynn@example.org,MA,2022-05-05,Standard,4055.06
6205,Andrew Bryant,steven86@example.com,BG,2024-05-13,Premium,20036.46
6206,Anthony Wilcox,andrew66@example.com,BD,2020-04-11,Premium,10494.99
6207,Laura Nunez,robertsonmichael@example.org,NP,2018-02-27,Basic,1396.93
6208,Anthony Palmer,vwatson@example.org,CR,2022-07-21,Basic,22119.95
6209,William Crawford,wongjordan@example.org,GQ,2022-09-07,Standard,11512.61
6210,Michael Monroe,ashleymeyer@example.net,GE,2018-06-16,Standard,5846.70
6211,Richard Hughes,smithcarlos@example.net,LA,2022-06-02,Premium,2102.82
6212,Steven Freeman,hchen@example.net,CM,2023-09-29,Standard,9051.27
6213,Michelle Perkins,thomasknight@example.net,UA,2018-09-05,Standard,14530.34
6214,Connie Randall,mckayamanda@example.net,CN,2020-11-09,Standard,16400.68
6215,Gary Davis,marshallmichael@example.com,CH,2022-12-12,Standard,9787.91
6216,Jorge Sanford,rmarquez@example.com,AE,2020-03-15,Basic,7654.24
6217,Jason Torres,cookgina@example.net,GR,2020-02-12,Basic,5617.99
6218,Brian Flynn,vbrennan@example.net,BR,2022-09-04,Standard,213.40
6219,Mr. Billy Miller,ksantana@example.org,CI,2024-10-12,Standard,4181.87
6220,Chad Mata,brhodes@example.org,LY,2020-02-17,Premium,21162.73
6221,David Vasquez,bryan82@example.com,NZ,2022-04-28,Premium,10846.00
6222,Jessica Schroeder,reyescaitlyn@example.com,DO,2019-04-27,Premium,7387.94
6223,Randall King,robertnichols@example.net,FI,2019-08-25,Standard,5411.05
6224,David Cook,jamesmorales@example.net,PY,2022-08-11,Basic,3436.14
6225,Kevin Singleton,tnguyen@example.net,CH,2021-11-08,Basic,13870.13
6226,Michael Torres,amber18@example.com,GM,2021-08-06,Standard,16837.65
6227,Kristin Thompson,patriciawhitehead@example.net,ST,2019-02-20,Basic,12867.18
6228,Tina Ramirez,yodermichael@example.org,BI,2023-10-04,Basic,22157.11
6229,Daniel Duran,ibrooks@example.net,HR,2018-06-10,Basic,18373.80
6230,Michael Harvey,onorris@example.net,RW,2024-08-30,Basic,15442.48
6231,Elaine Wilkerson,perezchristopher@example.com,CH,2024-12-25,Standard,3687.97
6232,Robert Houston,josephguerra@example.org,NO,2020-09-10,Basic,7778.37
6233,Jimmy Merritt,yfisher@example.com,NL,2018-12-13,Basic,15019.63
6234,Tiffany Ayala,omeyers@example.org,GW,2022-04-07,Standard,5515.08
6235,Crystal Werner,fwyatt@example.com,IE,2024-04-11,Standard,20124.95
6236,Brandon Huffman,james71@example.net,CG,2019-07-03,Basic,24142.34
6237,Victoria Brown,robinsonsally@example.com,AZ,2021-02-27,Standard,24352.71
6238,Danielle Mclaughlin,thomassutton@example.com,FJ,2020-02-04,Standard,16667.76
6239,Tammie Ochoa,clarkelizabeth@example.com,MY,2022-02-02,Basic,5896.26
6240,Steven Park,kirbywalter@example.com,PY,2020-10-02,Standard,23730.88
6241,Katie Moran,gfox@example.com,MG,2018-05-23,Basic,6022.14
6242,Lori Swanson,steven97@example.org,BZ,2018-11-19,Basic,20861.35
6243,Kyle Ellis,robert90@example.com,TZ,2023-12-07,Standard,10141.69
6244,Teresa Marsh,cole83@example.org,SA,2022-03-12,Basic,6676.90
6245,Tonya Long,qweaver@example.net,TO,2023-03-28,Basic,9760.11
6246,Brianna Smith,shericrosby@example.com,BH,2024-04-27,Basic,6714.07
6247,Whitney Humphrey,josedavis@example.org,BB,2021-09-17,Standard,10034.42
6248,Yolanda Brooks,murillojeffrey@example.com,EE,2021-01-03,Basic,19302.22
6249,Diane Brooks,tbrown@example.net,GB,2021-10-06,Premium,9012.32
6250,Shari Jones,fernandezkristin@example.net,KZ,2020-09-09,Standard,9267.97
6251,Nicole Garza,turnerlogan@example.net,NO,2023-04-19,Standard,9825.69
6252,Jennifer Thomas,yjenkins@example.org,CI,2024-09-01,Basic,9557.69
6253,Teresa Gonzalez,crystal61@example.com,WS,2018-09-18,Standard,5215.54
6254,Samuel Cooper,sarahhendricks@example.net,ET,2021-02-22,Premium,1976.97
6255,Elizabeth Morrow,meyermartin@example.org,KR,2021-11-06,Standard,9248.48
6256,Richard Dillon,dalton70@example.org,NA,2024-01-03,Basic,22706.47
6257,Catherine Sanchez,nsharp@example.org,GA,2024-06-03,Standard,23132.33
6258,Mark Collins,nicole71@example.net,TO,2024-12-07,Standard,12701.14
6259,Shelby Long,malonekristen@example.com,UZ,2021-10-31,Premium,19010.45
6260,Mary Gross,jessica92@example.org,AU,2024-09-06,Premium,8077.41
6261,Kathleen Simpson,amber21@example.net,LV,2022-03-01,Basic,9532.17
6262,Stephanie Wang,dennistracy@example.net,NL,2021-05-22,Standard,4543.10
6263,Danny Hill,batesjessica@example.com,TZ,2020-09-08,Premium,11330.01
6264,Bobby Mccullough,christopher66@example.org,RO,2021-02-05,Premium,5989.93
6265,Gregory Williams,sstewart@example.net,FM,2024-08-07,Premium,6642.38
6266,Jordan Martin,scottwatson@example.com,PL,2022-04-26,Premium,23328.13
6267,Stephen Ford,camerongarza@example.org,MD,2021-03-17,Premium,24942.41
6268,Lisa Miller,egriffith@example.org,TL,2020-12-20,Basic,13611.54
6269,Veronica Walsh,martinezdeborah@example.net,NO,2020-03-11,Premium,19815.96
6270,Nancy Torres,scottmooney@example.com,FJ,2019-10-07,Standard,20414.45
6271,Wayne Robinson,wmason@example.org,NL,2021-05-17,Standard,22153.27
6272,Dr. Jessica Lynn,joan18@example.com,SR,2020-05-24,Basic,20239.83
6273,Samantha Torres,mterry@example.net,FI,2023-01-29,Basic,10316.23
6274,Aimee Griffith,garretttran@example.com,SC,2023-02-19,Premium,2606.25
6275,Matthew Clark,nathan78@example.com,JO,2018-03-16,Premium,13353.95
6276,Michael Prince,jason92@example.com,AE,2019-05-15,Standard,23503.67
6277,Donna Smith,walkeredward@example.com,PK,2021-12-30,Premium,3552.22
6278,David Taylor,wlong@example.org,MD,2019-05-08,Premium,9209.01
6279,Monica Smith,mary55@example.net,KH,2024-02-27,Standard,2309.45
6280,Crystal Mitchell,donnacoleman@example.org,CY,2024-03-31,Standard,7958.39
6281,Dawn Gonzales,harrisangela@example.net,SC,2020-05-06,Standard,20391.14
6282,Vernon Brown,jonathanfox@example.net,SM,2021-02-18,Basic,22406.53
6283,Jessica Wilson,prios@example.net,UY,2022-11-09,Basic,19937.76
6284,Lisa Morrison,katelynsalazar@example.org,HN,2020-11-29,Standard,21103.54
6285,Misty Rose,nspencer@example.net,WS,2023-08-03,Premium,2810.72
6286,Kelly Gibbs,michaelmartinez@example.com,GE,2020-03-05,Basic,24121.84
6287,Michelle Rasmussen,bartlettnicholas@example.org,CH,2018-04-14,Basic,13225.92
6288,Gary Henry,timothyproctor@example.org,ES,2021-10-30,Basic,20508.89
6289,Brandi Riley,bennettzachary@example.net,NA,2020-06-30,Standard,11569.98
6290,Craig Clark,gregory95@example.org,SR,2019-06-25,Basic,10749.37
6291,Christian Ball,bbates@example.org,SN,2021-08-19,Standard,4707.51
6292,Anthony Powell,cfigueroa@example.net,NG,2023-04-02,Premium,2786.88
6293,Megan Perez,ejones@example.net,BD,2018-09-11,Basic,20685.37
6294,Kenneth Baker,ymason@example.net,TN,2022-01-02,Premium,20341.78
6295,Andrew Lewis,qramirez@example.com,DJ,2024-01-09,Premium,614.67
6296,Brenda Wilson,johnramirez@example.net,MD,2022-02-14,Standard,16226.93
6297,Cole Bell,kimberly19@example.net,NE,2018-07-06,Premium,632.93
6298,Angela Thomas,andrew35@example.com,EG,2019-09-15,Standard,21408.37
6299,Jamie Harris,thomas26@example.net,ME,2019-12-31,Basic,3200.59
6300,Amanda Marshall,megan85@example.net,AG,2021-06-20,Premium,7994.72
6301,Marco Chapman,rhamilton@example.net,TN,2020-03-09,Premium,10635.57
6302,Michael Adams,hannah51@example.com,VE,2024-10-10,Standard,5667.73
6303,Jonathan Mcdonald,melvinlawson@example.com,IR,2024-06-07,Basic,19794.02
6304,Dustin Norton,victoriarandall@example.net,TM,2020-06-10,Standard,13227.16
6305,Mike Freeman,jbryant@example.org,CV,2018-12-22,Standard,24836.36
6306,Elizabeth Solomon,avilamario@example.org,GW,2018-05-24,Premium,3040.58
6307,Alexandra Crawford,stevecox@example.org,PY,2022-03-29,Basic,8646.58
6308,Renee Terrell,sgallagher@example.com,MD,2019-09-24,Basic,19389.14
6309,Selena Holt,daniel53@example.net,MT,2019-12-22,Basic,669.72
6310,Megan Wilson,eblack@example.org,PS,2020-02-03,Basic,18156.36
6311,Amanda Peterson,brownrichard@example.net,LA,2023-06-09,Premium,8599.23
6312,Gregory Moreno,sarah39@example.net,DJ,2022-03-10,Basic,8806.22
6313,Sharon Scott,sherry52@example.org,EG,2020-05-23,Premium,3708.96
6314,Eric Kaufman,joshua13@example.net,TO,2019-09-10,Basic,17330.63
6315,Mary Kent,melliott@example.org,BF,2022-12-19,Premium,17482.76
6316,Bob Hamilton,brenda07@example.org,MG,2020-02-18,Basic,15084.74
6317,Megan Graham,jeanette06@example.org,NG,2019-12-15,Premium,7183.24
6318,Marilyn Brown,aprilwashington@example.org,MA,2023-04-25,Basic,17337.32
6319,Maria Brown,tinamcdaniel@example.net,US,2020-06-28,Standard,5637.55
6320,Joseph Jones,ktaylor@example.org,AF,2020-07-17,Standard,10670.54
6321,Chelsea Mitchell,drew85@example.org,LI,2023-09-09,Standard,24299.82
6322,Anthony Walls,duncanedward@example.com,BF,2023-04-08,Standard,2290.95
6323,Nicholas Gomez,nnguyen@example.net,BJ,2018-07-20,Basic,24403.08
6324,Denise Ali,amyshepard@example.com,MH,2018-07-06,Basic,4685.94
6325,Judy Dean MD,dmay@example.net,MR,2024-10-22,Standard,19697.80
6326,Jim Moreno,rogersoscar@example.org,AT,2019-05-10,Basic,20173.14
6327,Tammy Williams,philip09@example.net,KR,2020-03-29,Standard,964.36
6328,James Rodriguez,,RS,2018-02-27,Standard,3117.03
6329,George Butler,michele60@example.com,AT,2022-06-12,Premium,8855.52
6330,Miss Sandra Phelps,heather65@example.com,SO,2024-03-17,Premium,22323.71
6331,Christy Brock,brandymcintosh@example.com,RU,2024-04-05,Basic,14005.52
6332,Joel Walter,bushmark@example.org,BS,2020-01-20,Basic,2241.01
6333,Pamela Knight,bmorton@example.net,CM,2023-07-13,Basic,19843.90
6334,Jesus Knox,tyler42@example.com,GQ,2022-11-16,Basic,19051.12
6335,Carol Garcia,andersondeborah@example.net,CR,2023-12-28,Standard,19483.77
6336,Jerry Braun,pattonstacy@example.org,AF,2023-05-14,Premium,8107.80
6337,Victoria Sanchez,mitchell23@example.com,SN,2020-12-11,Premium,3628.72
6338,Rebecca Clark,mrobinson@example.net,EG,2020-06-06,Basic,24561.79
6339,Deborah Hernandez,robert68@example.com,NG,2019-08-04,Premium,22991.07
6340,Amanda Barrett,samantha00@example.org,VC,2023-09-14,Premium,15868.51
6341,Justin Sandoval,amymurphy@example.com,BF,2024-10-24,Standard,6343.91
6342,Sarah Adams,shawn18@example.net,BE,2019-09-23,Standard,14005.33
6343,Jordan Levy,christine14@example.net,SK,2024-05-07,Premium,17933.87
6344,Ashley Santiago,friedmanjoseph@example.com,BW,2020-01-25,Premium,18356.31
6345,Mary Peterson,gibsonaustin@example.com,MM,2021-12-19,Standard,1429.00
6346,Charles Foster,xherrera@example.com,KW,2020-01-20,Basic,24822.57
6347,Cynthia Russo,mhamilton@example.net,MH,2021-10-14,Premium,9289.77
6348,Amber Bates,juan23@example.net,CA,2018-07-21,Standard,6056.08
6349,Catherine James,foxphilip@example.com,MV,2023-05-16,Premium,1666.73
6350,Kimberly Hall,jennifermedina@example.org,KM,2019-04-15,Basic,1385.55
6351,Daniel Miller,christopher31@example.net,FJ,2022-06-14,Basic,19824.57
6352,Brian Rodriguez,kmosley@example.com,SD,2021-02-03,Premium,20691.83
6353,Cody Parker,seangoodman@example.org,VN,2018-01-26,Standard,16725.06
6354,Nicole Olson,sjones@example.com,TH,2020-07-27,Basic,23744.45
6355,Christopher Boyd,elizabeth84@example.net,FJ,2019-05-15,Basic,14042.12
6356,Mark Potter,htorres@example.com,KP,2019-09-01,Premium,22211.97
6357,Alexander Hayes,ohernandez@example.com,CA,2018-10-21,Premium,19369.21
6358,Hannah Peterson,zlawrence@example.org,MV,2019-12-16,Standard,16527.46
6359,Steven Yang,edward11@example.net,AZ,2023-09-15,Standard,16599.25
6360,Debbie Edwards,keithwood@example.org,SG,2020-07-27,Basic,20704.30
6361,Cynthia Payne,jonesronald@example.org,SV,2023-04-24,Basic,9134.38
6362,Steven Santos,hking@example.com,KP,2018-09-17,Standard,18262.44
6363,Zachary Vasquez,megan01@example.com,MU,2023-05-05,Premium,9038.30
6364,Desiree Everett,graysierra@example.org,MG,2020-10-26,Basic,1818.04
6365,Crystal Alvarez,adrian91@example.org,IQ,2019-12-15,Basic,16492.21
6366,John Jones,tuckeraudrey@example.com,BA,2022-02-17,Premium,10702.98
6367,Tyler Berger,collinsmichael@example.com,TV,2021-01-01,Premium,1937.33
6368,Marisa Murphy,amymathews@example.com,SY,2021-11-02,Standard,10706.63
6369,Shane Thompson,esimmons@example.net,BE,2018-03-11,Basic,23333.63
6370,Daisy Meyer,reyesamber@example.net,CU,2019-01-10,Basic,18022.41
6371,Michelle Werner,morrowcassandra@example.com,AM,2024-08-23,Premium,14773.37
6372,Misty Cruz,grayaaron@example.com,LC,2023-01-21,Basic,12416.28
6373,Megan Mendez,robersontimothy@example.org,BF,2020-01-28,Premium,11929.01
6374,Johnny Holloway,jennifertaylor@example.com,EG,2018-01-03,Premium,454.00
6375,Richard Walker,uaustin@example.org,IN,2019-11-23,Standard,24409.86
6376,Brianna Banks,riverabrandon@example.com,HT,2018-03-03,Premium,15568.73
6377,Garrett Thomas,qtodd@example.com,IL,2023-07-26,Premium,3398.88
6378,Amy Leon,michelle97@example.org,KP,2019-01-03,Premium,7687.02
6379,Anne Rhodes,lisa96@example.com,CY,2020-04-06,Basic,6091.27
6380,Mark Holloway,bishopcindy@example.com,DJ,2022-10-28,Basic,10088.34
6381,Stephen Haynes,greenholly@example.org,MW,2023-12-19,Basic,16181.66
6382,Rick Franklin,haynesryan@example.com,KR,2022-07-21,Premium,14159.87
6383,Valerie Spence,helenglass@example.org,NP,2023-11-14,Standard,5390.49
6384,Jason Fernandez,garymeyer@example.org,ML,2019-11-07,Standard,12263.74
6385,Lisa Gilbert,sandra45@example.net,TM,2023-06-05,Premium,1997.57
6386,Gabriel Davidson,michelle52@example.net,IR,2024-10-01,Premium,3296.29
6387,Judy Sanders,curtis88@example.net,VN,2022-05-14,Basic,19116.02
6388,Whitney Harris,ronnierussell@example.com,PH,2023-03-01,Standard,17386.32
6389,Bobby Smith,davidjones@example.org,BA,2023-12-13,Basic,15540.94
6390,Melissa Black,kristi42@example.org,KI,2024-02-10,Standard,8810.42
6391,Jorge Summers,keith57@example.com,TM,2020-05-01,Basic,17123.44
6392,Michelle Hall,mblackwell@example.net,MD,2021-06-18,Premium,2882.20
6393,Chris Dillon,barryvincent@example.com,FM,2019-01-11,Basic,19249.08
6394,Perry Thompson,belltracy@example.net,JO,2021-09-08,Standard,4709.40
6395,Jennifer Horn,ubenton@example.net,DZ,2023-10-01,Basic,18127.03
6396,Michelle Haas,theodore57@example.com,NI,2024-06-26,Basic,8371.78
6397,Alicia Williams,williamsjason@example.org,DK,2020-08-13,Premium,3618.29
6398,Brian Taylor,susan12@example.org,NI,2019-10-12,Premium,14652.34
6399,Courtney Lee,rhonda14@example.org,DM,2021-12-12,Premium,19364.89
6400,David Anderson,danielbaker@example.org,PY,2023-06-15,Standard,6807.19
6401,Matthew Adams,davenportphilip@example.net,OM,2021-03-04,Basic,16002.10
6402,Jonathan Johnson PhD,sheltondanielle@example.net,BZ,2021-03-09,Standard,172.19
6403,Jay Evans,rebeccamccarthy@example.com,ET,2018-07-24,Premium,3507.01
6404,Ricky Perry,clarkjennifer@example.net,TM,2024-04-17,Standard,9891.08
6405,Angelica Walter,sean97@example.org,EE,2021-06-20,Basic,16634.53
6406,Joshua Gomez,matthew78@example.net,PW,2022-11-18,Standard,10022.84
6407,Richard Soto,suareznatasha@example.com,NP,2024-06-02,Standard,14827.15
6408,William Aguilar,deankathleen@example.net,NR,2021-06-21,Premium,10494.74
6409,Veronica Greene,alexander86@example.com,TN,2020-04-04,Standard,22263.16
6410,Laura Lawson MD,lutzwhitney@example.org,YE,2022-10-14,Basic,24765.19
6411,Kristina Meyers,hnelson@example.org,GW,2020-11-18,Standard,825.66
6412,Angela Dominguez,johnsonkeith@example.com,LU,2022-07-24,Premium,8825.08
6413,Ryan Murphy,cescobar@example.org,LT,2020-06-22,Standard,4979.50
6414,Christopher Wells,williambriggs@example.net,MZ,2024-08-08,Basic,9653.02
6415,Jeffrey Reynolds,lisa43@example.org,BT,2021-01-20,Basic,10665.62
6416,Thomas Brown,wgomez@example.org,KP,2020-02-03,Standard,11034.49
6417,Dawn Murray,rgross@example.com,AE,2019-03-27,Basic,14135.82
6418,Albert Gomez,cjones@example.org,KZ,2022-01-06,Premium,14232.74
6419,Matthew Thomas,amy97@example.net,ET,2022-04-07,Premium,8027.41
6420,Sharon Evans MD,jacobgreen@example.com,LT,2018-07-22,Basic,9274.04
6421,Brian Reed,iwilliams@example.net,PS,2023-03-24,Basic,198.93
6422,Marcus Hunt,flemingbrandon@example.net,WS,2022-02-16,Standard,2753.05
6423,Sandra Richards,david41@example.com,AD,2023-12-07,Premium,11566.81
6424,Anthony Bailey,padillaemily@example.com,ZM,2020-04-25,Standard,7492.74
6425,Christopher Guzman,ystout@example.com,IE,2018-11-17,Standard,15352.04
6426,Clayton Lara,shannon54@example.net,GN,2023-11-19,Basic,21248.47
6427,Nancy White,jason60@example.com,CN,2024-05-23,Standard,15293.10
6428,Joshua Miller,jean42@example.com,GQ,2021-11-29,Standard,10348.69
6429,Kenneth Miles,vrice@example.net,ER,2022-11-16,Premium,7463.43
6430,Robert Cowan,andrewgarcia@example.net,SY,2021-09-15,Standard,21866.48
6431,Christian Logan,,SO,2021-04-11,Basic,5535.17
6432,Robert Smith,franklinmegan@example.net,MA,2020-11-20,Premium,19792.68
6433,Jeffrey Wright,guerragina@example.net,BO,2021-06-04,Basic,3032.81
6434,Glenn Lewis,gonzalesderek@example.com,GA,2024-05-21,Basic,14727.21
6435,Kyle Smith,whines@example.net,PK,2024-10-24,Premium,20844.58
6436,Jacob Mcdonald,jerry30@example.org,FR,2020-11-24,Standard,14457.98
6437,Charlotte Tapia,wnelson@example.com,BJ,2021-03-13,Premium,14373.00
6438,Terrance Jones,kellybrooke@example.net,GT,2021-01-09,Standard,6594.86
6439,Victoria Christensen,eric66@example.org,BT,2023-11-24,Basic,20919.29
6440,Stephen Smith,sheadawn@example.net,KR,2024-04-18,Premium,3652.60
6441,Autumn Jones,mdavidson@example.net,MU,2018-07-15,Basic,8204.70
6442,Brandon Morales,tkeith@example.org,LS,2022-09-17,Premium,15135.97
6443,Timothy Nguyen,zacharyfowler@example.org,CU,2023-05-08,Basic,23379.48
6444,Melissa Rivas,jessica97@example.net,TN,2024-06-15,Basic,20439.31
6445,David Allison,teresa75@example.net,GY,2023-11-10,Basic,21453.34
6446,Mrs. Casey Caldwell DDS,bphillips@example.com,BT,2021-01-09,Premium,6229.43
6447,Timothy Landry,morrisblake@example.com,IL,2019-03-01,Premium,24942.66
6448,Kathryn Smith,awu@example.org,MZ,2024-05-27,Standard,3227.22
6449,Jonathan Smith,debraduncan@example.com,CA,2019-12-11,Premium,21510.53
6450,Megan Martinez,aharris@example.com,DM,2018-06-27,Standard,8170.59
6451,Christian Jones,qvalentine@example.net,KW,2023-10-26,Standard,4817.91
6452,Christina Tucker,bcarr@example.com,KM,2022-08-18,Standard,8416.95
6453,John Foley,paulpalmer@example.net,FI,2024-07-26,Premium,21478.59
6454,Richard Vazquez,jeffreyfreeman@example.net,LK,2019-05-30,Premium,6110.85
6455,Michelle Avery,gallegosaaron@example.net,NI,2018-06-25,Standard,6953.44
6456,Karen Morrison,vincentmichael@example.com,LK,2022-11-08,Standard,9537.54
6457,Jay Martinez,ystevenson@example.org,ST,2018-09-20,Premium,18088.36
6458,Travis Villegas,raymondfuentes@example.net,ER,2020-07-04,Basic,1365.19
6459,Tracy Ellis,jennifer14@example.org,GB,2018-04-23,Premium,22430.97
6460,Thomas Reyes,christina93@example.org,ES,2021-12-28,Premium,3409.01
6461,Travis Rose,pruittwilliam@example.org,NO,2019-04-16,Premium,18345.97
6462,Cheryl Cervantes,justingoodman@example.com,LK,2023-03-06,Standard,21461.79
6463,Monica Juarez,millerbrandon@example.com,GH,2021-12-30,Basic,17674.47
6464,Ryan Taylor,morgangarrett@example.com,DZ,2022-05-24,Premium,8269.18
6465,Erin Brennan,bensondonald@example.net,DE,2021-10-13,Basic,16938.52
6466,Mrs. Brittany Gonzalez,johnfitzgerald@example.org,GN,2023-04-15,Premium,13884.43
6467,Joshua Lowe,garciadavid@example.org,YE,2022-10-29,Premium,23067.45
6468,Lisa Crawford,pcalhoun@example.net,HR,2024-11-01,Premium,23609.55
6469,Christopher Arnold,cprice@example.net,DJ,2020-12-05,Basic,9012.41
6470,Adam Arnold,ian96@example.com,LS,2021-05-07,Premium,6484.37
6471,David Green,rmorgan@example.org,AR,2021-09-02,Standard,9697.16
6472,Brittney Johnson,parkererica@example.net,ZW,2018-12-13,Premium,5570.56
6473,Keith Sims,brownalejandro@example.org,SI,2024-01-30,Basic,9274.67
6474,Thomas Robinson,keyrachel@example.net,MA,2020-04-18,Standard,22256.22
6475,Nicole Jones,pgarza@example.org,AO,2020-02-20,Standard,3939.28
6476,Whitney Lutz,ashley50@example.com,JM,2019-07-10,Premium,21449.38
6477,Shane Alexander,ashleyeaton@example.org,CV,2020-03-09,Standard,11437.98
6478,Diana Lynn,kathleen16@example.org,GQ,2020-01-21,Standard,10164.44
6479,Daniel Sutton,rlamb@example.org,SK,2019-03-18,Premium,7531.45
6480,Pamela Holden,blackburndiana@example.com,HT,2023-01-21,Basic,14486.14
6481,Jonathan Gonzalez,wernerjill@example.com,LC,2023-08-29,Basic,17328.66
6482,Angela Sanchez,lho@example.com,ZA,2022-06-12,Basic,20779.88
6483,Derek Higgins,michaelwiley@example.net,GE,2018-05-14,Basic,19786.74
6484,Angela Reynolds,trevor11@example.com,JM,2021-07-09,Basic,17696.16
6485,Diana Hamilton,linda13@example.org,LA,2019-07-31,Basic,21508.89
6486,Amy Winters,claymarilyn@example.net,BZ,2022-04-12,Basic,23981.58
6487,Kelly Villarreal,gina18@example.com,SL,2019-09-19,Basic,2241.76
6488,Bryan Blackburn,mitchellbrandon@example.org,CH,2023-06-19,Standard,22231.71
6489,Steve Schultz,ghicks@example.net,AL,2018-09-21,Standard,6587.40
6490,Devin Williams,sweeneyheather@example.com,NP,2018-06-03,Standard,5195.98
6491,Brad Simpson,jfoster@example.com,BY,2021-07-28,Premium,3879.14
6492,Kevin Ford,monica87@example.org,ST,2024-01-07,Standard,23681.23
6493,Luis Anthony,kylecaldwell@example.com,AE,2019-11-01,Premium,20376.67
6494,William Smith,thomas08@example.org,ER,2024-11-01,Standard,10553.11
6495,Mrs. Anna Wilson MD,mary24@example.net,BW,2021-10-17,Premium,11211.39
6496,Elizabeth Young,kathleen46@example.net,PL,2021-10-11,Basic,21803.52
6497,Leah Thomas,hodgessarah@example.net,PG,2019-10-16,Premium,5026.05
6498,Nathan Lynch,joshuasmith@example.com,CA,2023-11-02,Premium,15590.21
6499,Ann Miller,lewisscott@example.com,MW,2020-08-15,Premium,3407.30
6500,Aaron Warner,hughesjennifer@example.net,ES,2019-07-05,Standard,10031.82
6501,Jason Hogan,lauradickson@example.net,SK,2019-03-18,Premium,5110.28
6502,Joseph Tate DVM,huntamanda@example.net,MX,2018-02-10,Premium,549.16
6503,Courtney Campbell,brian57@example.org,KR,2020-03-19,Standard,10207.29
6504,Mr. Bradley Walker MD,debrapowell@example.org,KN,2022-12-12,Premium,18351.58
6505,Angela Smith,breanna41@example.com,LK,2019-05-19,Basic,22522.59
6506,Sharon Jones,brownbrian@example.com,NO,2023-02-12,Standard,23320.37
6507,Kelsey Bennett PhD,corygardner@example.com,TH,2018-02-13,Standard,21397.57
6508,Sarah Palmer,jessica04@example.com,BB,2019-08-05,Standard,15241.81
6509,Tanya Benson,wilcoxlinda@example.com,LB,2021-11-23,Standard,6228.09
6510,Gregory Vincent,craig65@example.com,MW,2018-08-21,Premium,6949.85
6511,Brandon Ellis,maddoxlynn@example.org,AZ,2022-02-25,Premium,1401.25
6512,Alicia Boyd,schwartzconnie@example.net,FI,2019-12-10,Premium,18367.90
6513,Laura Henry,lindahenson@example.org,ML,2024-03-27,Standard,20401.62
6514,Gina Reed,bmiller@example.net,LC,2019-11-30,Premium,726.08
6515,Victoria Young,monica98@example.net,IL,2021-01-14,Basic,22947.50
6516,Sara Butler,qchambers@example.net,ZW,2019-06-24,Premium,3176.39
6517,Tina Walton,james22@example.net,UY,2021-04-27,Standard,1702.53
6518,Sarah Fernandez,davidparrish@example.net,FM,2024-07-09,Basic,19929.08
6519,Michael Robinson,alecsmith@example.org,BE,2018-03-09,Premium,11355.47
6520,Timothy Golden,angela90@example.org,KI,2019-10-30,Premium,16547.93
6521,Gerald Cook,hernandezmichael@example.net,RW,2019-06-27,Standard,1302.98
6522,Patrick Owen,bishopcheryl@example.org,KZ,2022-03-10,Premium,10983.67
6523,Nancy Elliott,peter69@example.org,UG,2022-08-22,Standard,16513.85
6524,Susan Black,kaylafisher@example.com,SM,2024-02-17,Standard,18241.18
6525,Chelsea Anderson,smiller@example.org,MW,2019-02-21,Standard,16054.83
6526,Megan Alvarez,gibsonjenna@example.com,ER,2023-07-22,Standard,20621.01
6527,Michelle Becker,sarah26@example.net,BZ,2022-08-23,Premium,15557.46
6528,Dillon Fernandez,ibuckley@example.net,BT,2024-09-26,Premium,23141.48
6529,Deborah Vaughn,mark27@example.com,AZ,2018-07-24,Standard,8994.02
6530,Ricky Ballard,vmorgan@example.org,LI,2024-01-28,Premium,13420.57
6531,Derek Kirby,stephensstephanie@example.net,WS,2022-12-11,Premium,19715.49
6532,Kim Nicholson,lramos@example.net,MN,2023-04-06,Basic,3708.45
6533,Ashley Eaton,morajames@example.com,BH,2023-09-03,Premium,4496.97
6534,Donald Espinoza,nancy01@example.org,IS,2021-07-21,Basic,1002.58
6535,Robyn Clarke,wallslance@example.com,MW,2024-07-23,Basic,8581.05
6536,John Kim,laurapittman@example.org,GM,2022-06-03,Basic,7043.69
6537,Christopher Sexton,brandonguerrero@example.org,GY,2020-11-09,Basic,18117.68
6538,Ricardo Collins,linda32@example.org,AE,2019-08-27,Premium,12136.69
6539,Amanda Sexton,kenneth96@example.net,NL,2020-02-08,Standard,14335.09
6540,Joe Robbins,brianorr@example.net,AD,2018-11-09,Premium,2493.24
6541,Angela Berg,randy61@example.com,AM,2018-12-13,Premium,24483.16
6542,Jacqueline Davis,lewismary@example.com,ZA,2019-05-04,Basic,11447.24
6543,Emily Steele,caseykrause@example.net,YE,2023-10-05,Premium,5892.65
6544,Brenda Johnson,lchang@example.net,LV,2021-11-20,Basic,13819.97
6545,Alexander Brown,kenneth15@example.com,MU,2024-11-20,Premium,16740.24
6546,Amanda Solomon,fkemp@example.com,NZ,2018-10-30,Standard,21376.44
6547,Stephen Berg,martinshannon@example.net,TN,2023-06-09,Standard,17339.65
6548,Thomas Lewis,floresstephen@example.org,CH,2020-07-12,Basic,3776.26
6549,John Long,levyelizabeth@example.org,AF,2019-03-01,Basic,24290.61
6550,Claire Vance,april93@example.org,GT,2024-12-03,Standard,17361.12
6551,Stephanie Olson,robert79@example.com,MT,2019-12-31,Basic,7958.49
6552,Joshua Harris,joshuaponce@example.com,SD,2019-03-25,Standard,2550.59
6553,Jason Rowland,clayscott@example.com,ZW,2019-12-20,Premium,22632.90
6554,Jessica Cooper,erica78@example.com,MX,2022-05-08,Basic,6363.18
6555,Holly Rowe,joshuawest@example.org,IN,2020-06-21,Basic,11360.09
6556,Michael Abbott,christopher52@example.org,TL,2019-11-01,Premium,9017.91
6557,Vanessa Clark,millersteven@example.net,MX,2021-03-30,Premium,3608.55
6558,Xavier Jones,anita77@example.com,KG,2022-03-19,Premium,9422.10
6559,Jason Gonzalez,ehopkins@example.org,FI,2021-08-05,Basic,20272.72
6560,Joshua Phelps,tylerrusso@example.com,BG,2024-08-18,Basic,9562.50
6561,Mary Wagner,tkim@example.com,ZA,2020-02-27,Premium,18500.95
6562,Tiffany Rivera,ortegamaureen@example.com,SN,2018-01-07,Basic,13489.46
6563,Jennifer Thomas,sullivanjose@example.com,LS,2020-03-11,Premium,24404.05
6564,Nathan Mathews,reedchristopher@example.org,KE,2021-04-20,Standard,11070.47
6565,Megan Hall,courtneyshaw@example.com,VU,2018-03-17,Standard,12555.08
6566,Paul Dennis,gedwards@example.net,ID,2023-10-26,Standard,12714.36
6567,Jason Brown,snyderlauren@example.net,MG,2024-07-04,Standard,293.59
6568,Lisa Ford,forbeslisa@example.com,MN,2023-03-19,Premium,20110.99
6569,Carmen Hughes,rojasjose@example.com,MR,2018-02-12,Standard,15346.24
6570,Michael Mcconnell,jennifer87@example.org,LB,2022-03-27,Basic,17108.87
6571,Joshua Taylor,erikstephenson@example.net,CM,2018-10-20,Basic,19152.22
6572,Matthew Mason,thomasjulie@example.net,SI,2021-07-06,Premium,19700.57
6573,Nathan Cantrell,scott55@example.com,PE,2023-01-10,Standard,6434.47
6574,Danielle Parks,edwardwhite@example.net,BJ,2020-01-15,Standard,10678.47
6575,Zachary Mccarthy,piercemadeline@example.org,NI,2020-05-06,Premium,23690.72
6576,Robert Riddle,michaelpalmer@example.org,SL,2024-09-14,Basic,7913.31
6577,Kyle Hess,kclark@example.com,KW,2020-08-13,Standard,4624.66
6578,Nicole Simmons,prodriguez@example.org,PT,2023-08-02,Standard,7972.67
6579,Charles Melendez,hsweeney@example.com,MG,2019-11-30,Premium,22801.21
6580,Vanessa Barber,graysarah@example.org,TO,2024-05-12,Premium,438.42
6581,Joseph Beltran,bthomas@example.com,NA,2018-11-26,Standard,8732.24
6582,Erin Huang,rthompson@example.com,PS,2018-12-09,Premium,20238.03
6583,Terry Booker,thomasalyssa@example.com,CU,2019-07-03,Premium,16353.00
6584,Amanda Arroyo,ptorres@example.net,TN,2024-06-03,Basic,23186.16
6585,Leah Davis,thomasbenjamin@example.org,LV,2019-09-11,Basic,7145.94
6586,Victoria Brewer,christian68@example.com,AU,2018-10-20,Standard,23101.51
6587,Ryan Espinoza,frederick37@example.org,AD,2022-08-09,Premium,1051.04
6588,Shannon Hayes,nwatson@example.org,GB,2024-08-19,Standard,7895.12
6589,Christopher Maynard,pjohnson@example.com,PS,2024-07-10,Standard,5814.78
6590,Katrina Mitchell,ronaldfriedman@example.net,KR,2020-09-27,Standard,16709.38
6591,Zachary Robinson,montoyaveronica@example.org,GM,2019-09-24,Basic,10215.14
6592,Ms. Mary Gomez,john67@example.org,BG,2024-12-24,Basic,7416.47
6593,Kimberly Medina,olivernicole@example.com,LV,2020-01-07,Premium,10786.61
6594,Lisa Gardner,josephdavis@example.org,KZ,2018-11-08,Standard,16581.13
6595,Angela Kelly,sheri89@example.net,FJ,2024-12-28,Basic,676.70
6596,Caroline Harris,rstephens@example.org,CN,2024-03-07,Standard,2427.40
6597,Patricia Mcdonald,dhayes@example.com,SB,2020-04-18,Basic,2674.23
6598,Michele Cross,meaganevans@example.net,LV,2024-01-14,Premium,1090.23
6599,Roger Harrison,lindsey68@example.com,GE,2024-06-08,Basic,21291.69
6600,Andrew Evans,ubrock@example.net,RS,2020-07-08,Basic,21388.48
6601,Stacey Armstrong,tammy84@example.com,SG,2018-09-21,Basic,2092.70
6602,Brett Smith,leemichael@example.net,LY,2019-09-14,Premium,23743.92
6603,Karen Gray,heatherwells@example.org,ER,2019-12-10,Premium,9302.83
6604,Benjamin Moore MD,reesegilbert@example.net,OM,2021-04-27,Basic,16568.66
6605,Tanya Black,burnsryan@example.com,LK,2019-04-07,Basic,9312.24
6606,Michelle Parker,pwilliams@example.net,KW,2019-09-22,Standard,13586.00
6607,Lisa Chandler,hartrichard@example.net,IQ,2024-01-04,Standard,24785.85
6608,Matthew Dawson,robert39@example.com,AR,2021-05-05,Premium,2599.53
6609,Steve Atkins,medinadonald@example.org,BG,2024-07-15,Premium,13270.96
6610,Carlos Jackson,barbarahoward@example.org,SM,2020-12-09,Basic,13430.84
6611,Amanda Coleman,sweeneydarren@example.org,BW,2022-05-15,Standard,24720.55
6612,Scott White,ksummers@example.net,WS,2019-07-02,Basic,24.00
6613,Bryan Tucker,gibbsrobert@example.org,LK,2022-05-10,Premium,14250.43
6614,Joseph Luna,steven60@example.org,PT,2023-08-21,Standard,11056.10
6615,Christina Coleman,mariabailey@example.org,FM,2023-11-19,Standard,6113.80
6616,Seth Smith,davidford@example.org,FM,2021-07-08,Basic,8182.31
6617,Hannah Richard,robin69@example.com,ZW,2022-05-08,Basic,10043.17
6618,Jessica Evans,zgray@example.net,KM,2022-06-24,Basic,7769.81
6619,Dawn Mendez,ramirezjennifer@example.com,AG,2019-05-02,Basic,10883.61
6620,Timothy Houston,lewisshelley@example.com,IN,2019-06-14,Premium,7404.86
6621,Jordan Burns,smiththomas@example.net,EE,2020-01-09,Premium,15262.88
6622,Christopher Nguyen,jeffreysimmons@example.org,BA,2022-11-22,Premium,4476.14
6623,Shelby Clark,josephwilliams@example.com,IS,2020-03-02,Premium,427.69
6624,Johnny Wood,blutz@example.org,BB,2018-09-19,Premium,7108.05
6625,Amber Smith,carmen18@example.com,DK,2024-11-10,Standard,13297.44
6626,Debra Franklin,cindygarrett@example.org,KI,2019-04-07,Standard,18318.47
6627,Laura Mitchell,ralphchapman@example.net,MW,2023-09-25,Basic,19312.14
6628,Stephanie Miller,tara55@example.net,SL,2019-04-04,Premium,11776.49
6629,Albert Castillo,dbarton@example.com,BZ,2024-11-24,Standard,3835.61
6630,Christy Hicks,jillarnold@example.org,RW,2022-07-23,Basic,15235.26
6631,Patrick Campbell,paul50@example.org,TL,2024-11-15,Standard,14384.18
6632,Joshua Sanchez,jennifer41@example.net,KR,2023-11-28,Premium,16292.19
6633,Darius Tapia,vicki70@example.org,PW,2023-10-06,Basic,4979.06
6634,Tina Ali,jeremyharrell@example.net,AZ,2024-02-29,Premium,1425.33
6635,Jay Lee,reedkristy@example.net,RU,2022-11-05,Standard,10245.53
6636,John Hall,fergusonnatalie@example.org,KH,2019-11-20,Basic,53.27
6637,Julie Barnes,hamiltonandrew@example.org,SD,2018-01-23,Standard,23406.15
6638,Robert Smith,patrick11@example.net,TH,2019-10-23,Basic,8416.51
6639,Kenneth Boyer,benitezlawrence@example.com,KI,2024-02-07,Standard,4713.80
6640,Justin Young,mmorris@example.net,MT,2019-01-30,Premium,8044.14
6641,Tyler Lane,waltervargas@example.net,BY,2018-07-10,Standard,20240.33
6642,Jennifer Hopkins,deborah86@example.org,ID,2021-01-11,Premium,22157.40
6643,Mary Lindsey,qmayer@example.net,DO,2020-08-20,Basic,17744.61
6644,Jason Wilcox,matthewcooper@example.org,BF,2021-12-26,Basic,17227.81
6645,Robert Bailey,beckjean@example.com,MN,2022-09-08,Basic,4272.90
6646,William Sanchez,christina08@example.net,MG,2024-05-01,Basic,1561.19
6647,Donna Grant,samanthaenglish@example.org,OM,2023-01-22,Standard,13349.55
6648,Carla Chavez,nhunter@example.com,BE,2022-11-06,Premium,20565.87
6649,Russell Sims Jr.,mcmillanchristopher@example.net,PY,2022-11-22,Premium,21444.86
6650,William Hayes,wilsonjeremy@example.org,EC,2019-12-28,Basic,24823.59
6651,Thomas Wiggins,tjones@example.com,PH,2020-04-27,Basic,15235.34
6652,Deborah Wells,shawdanielle@example.org,AM,2022-04-28,Basic,19740.09
6653,Alyssa Smith,perezbrian@example.net,DZ,2020-04-14,Premium,20363.93
6654,Bruce Summers,scottalan@example.org,ZA,2022-07-28,Basic,2082.54
6655,Danielle Cobb,danielguerrero@example.net,RS,2021-10-09,Basic,2851.12
6656,Lauren Owens,rcrosby@example.com,HU,2024-01-31,Standard,4425.83
6657,Michelle Sampson,nicholas84@example.com,TJ,2023-02-07,Premium,6195.80
6658,Annette Mckee,jamiesanders@example.com,VN,2024-03-11,Standard,24128.31
6659,Emily Henson,cartersteven@example.net,CL,2019-03-22,Premium,24328.69
6660,Melissa Lynch,glennkristina@example.org,SK,2020-02-17,Premium,16595.60
6661,Sarah Bennett,emartinez@example.net,ZW,2019-10-05,Premium,22501.72
6662,Lauren Stephens,taylorrichard@example.net,VE,2024-10-29,Premium,2478.73
6663,Janice Singleton,jessicaspence@example.com,GQ,2024-01-24,Basic,18277.25
6664,Ryan Cain,yhorton@example.com,PH,2020-07-05,Standard,22442.79
6665,Raven House,mwatson@example.com,PA,2023-03-04,Basic,15002.17
6666,Emma Kerr,ehenry@example.org,MD,2018-09-17,Basic,11921.77
6667,Renee Hunter,barreralouis@example.net,NG,2018-03-23,Standard,23816.69
6668,Cheryl Simon,oyoung@example.net,GY,2023-05-30,Standard,9641.07
6669,Raymond Vazquez,ryanhart@example.com,LU,2018-06-27,Standard,18887.94
6670,Jeremy Newman,jose60@example.net,CH,2022-02-25,Basic,4176.20
6671,Brittney Dudley,derekwright@example.org,DZ,2024-01-14,Basic,2511.28
6672,Robert Becker,laurenromero@example.org,DM,2020-12-27,Premium,19258.11
6673,Dr. Terri Chapman,matthew76@example.net,TW,2024-12-19,Premium,11677.22
6674,Jose Medina,colsen@example.com,US,2022-12-27,Standard,2919.47
6675,Molly Wall,butlerjacob@example.net,CF,2023-08-23,Basic,2766.72
6676,Patrick Walker,kelly19@example.com,KR,2024-08-27,Standard,14488.88
6677,Jordan Little,amber67@example.org,CG,2023-12-25,Basic,6173.75
6678,Nicole Moore,maria63@example.com,FR,2021-05-09,Standard,16518.53
6679,Ronald Dickson,bookerjohn@example.com,CV,2019-12-31,Basic,16888.92
6680,Peggy Barton,awhite@example.net,UZ,2019-09-10,Basic,9769.73
6681,Justin Vasquez,zamorajohn@example.org,MR,2022-02-18,Basic,23833.53
6682,Jennifer Cole,rhodeschristine@example.net,PT,2022-06-24,Basic,9611.81
6683,Brian Adams,jennifer99@example.org,VC,2019-12-01,Basic,21746.94
6684,Karen Miller,hernandezchristian@example.org,TH,2024-06-12,Premium,3459.15
6685,Jennifer Edwards,samanthacruz@example.net,BW,2023-01-10,Premium,7701.20
6686,Edward Mays,qnolan@example.org,IT,2023-09-09,Basic,14137.61
6687,Tony Diaz,christopher23@example.org,LV,2019-10-28,Standard,8153.76
6688,Benjamin Leon,julie15@example.net,NG,2024-10-03,Standard,16779.06
6689,Alexander Gonzalez,jessejenkins@example.com,SE,2018-02-06,Standard,18454.35
6690,Alec Griffin,jose52@example.com,CF,2019-07-14,Basic,21541.33
6691,William Miller,jerry47@example.org,MX,2018-04-03,Standard,6702.93
6692,Lisa Richard,owashington@example.org,GE,2023-05-01,Premium,19120.80
6693,Eric Peterson,stacy48@example.com,IS,2022-08-15,Standard,14756.64
6694,Amy Hoover,michaeljohnson@example.org,SV,2021-06-01,Premium,19111.75
6695,Victor Navarro,bassjoshua@example.com,GE,2024-06-09,Basic,9908.93
6696,Lindsay Scott,xcox@example.org,CY,2018-03-30,Basic,96.18
6697,Angelica Johnson,glennruben@example.com,GB,2024-09-04,Standard,7674.84
6698,Jose Avila,quinnann@example.net,DJ,2023-08-02,Standard,13978.75
6699,Heidi Spears,chaneymichele@example.org,TN,2024-12-05,Basic,7105.67
6700,Terri Hopkins,lmartinez@example.org,CR,2021-02-03,Premium,23840.21
6701,Jessica Burns,rodriguezheather@example.net,DO,2020-03-03,Basic,20049.57
6702,Veronica Paul,williammanning@example.org,AD,2021-05-23,Premium,10273.84
6703,Jessica Pitts,huntrhonda@example.net,VU,2020-09-20,Standard,20972.39
6704,Jackson Perry,snyderricardo@example.net,VC,2023-10-27,Basic,8584.07
6705,Aimee Oliver,davisdonald@example.org,GW,2022-06-21,Basic,14538.12
6706,William Nguyen,wrightjason@example.org,BS,2023-12-25,Premium,24931.04
6707,Danielle Reynolds,tball@example.com,MH,2021-04-14,Basic,13342.60
6708,Madeline Wise,andrewsdale@example.com,TL,2020-12-22,Standard,7900.93
6709,Peter Patterson Jr.,chrissantos@example.com,JO,2024-10-13,Premium,16572.03
6710,Christopher Lowery,ilee@example.net,RU,2023-10-10,Standard,21895.96
6711,Joseph Castaneda,dawn73@example.org,VC,2021-08-31,Premium,2956.69
6712,Terrance Rubio,eric63@example.com,TH,2018-05-09,Premium,9961.79
6713,Jenna Reese,matthewgarcia@example.com,CR,2023-02-22,Premium,9917.69
6714,Paula Pugh,thomas90@example.com,IL,2021-04-02,Basic,15045.73
6715,Michael Ramos,jason41@example.org,LY,2018-09-08,Premium,20996.68
6716,Elijah Dennis,lholt@example.com,GM,2020-01-04,Standard,13366.03
6717,David Anderson,david95@example.com,AF,2020-10-31,Standard,13002.09
6718,Marissa Munoz,zflores@example.com,SA,2020-06-26,Premium,13907.05
6719,Joshua Martinez,elizabeth06@example.com,EE,2024-01-20,Basic,13888.61
6720,Micheal Garcia,lmcmillan@example.org,KG,2018-06-18,Standard,12061.69
6721,Ross Wallace,greenmichelle@example.net,PY,2024-01-25,Basic,5924.03
6722,Joseph Silva,russellbailey@example.net,TW,2024-09-03,Basic,11843.17
6723,Meghan Smith,udunn@example.org,TJ,2019-03-11,Basic,8690.82
6724,Katie Smith,adavidson@example.net,SC,2020-08-26,Premium,3734.43
6725,Catherine Bolton,michaelsims@example.org,KH,2023-01-06,Standard,22879.96
6726,Leslie Saunders,cynthiashelton@example.com,TM,2018-07-13,Premium,5321.35
6727,Anthony Moore,brianachung@example.org,DM,2021-11-13,Basic,9759.43
6728,Alexander Pope,garyharper@example.org,ML,2022-07-10,Premium,14804.35
6729,Laura Clarke,masonsalazar@example.net,TL,2024-09-09,Standard,16126.23
6730,Daniel Reynolds,hallmary@example.com,BE,2018-03-12,Standard,9685.06
6731,Savannah Mcdonald,smithtimothy@example.net,CA,2019-02-02,Basic,6526.48
6732,Richard Williams MD,eddie60@example.net,SE,2024-05-04,Premium,20636.70
6733,Kristina Richards,stephaniewilliams@example.com,CI,2024-01-27,Basic,21116.77
6734,Angela Lopez,chendricks@example.org,TO,2021-04-20,Standard,11220.64
6735,Michelle Levy,becky11@example.com,CG,2018-08-01,Basic,19029.25
6736,Kevin Brown,gphillips@example.net,RW,2018-03-21,Basic,2957.88
6737,Calvin Cooper,fischerdustin@example.net,TR,2023-04-18,Premium,10361.13
6738,Douglas Norris,kathleen29@example.net,FM,2018-05-24,Premium,2824.96
6739,Thomas Simmons,tjones@example.net,ER,2020-04-15,Standard,9309.03
6740,Monique Bradley,emily95@example.com,BR,2019-05-19,Premium,5773.15
6741,Elizabeth Powers,dwilliams@example.org,US,2021-04-25,Standard,23742.35
6742,Natalie Bush,halljacob@example.com,GR,2020-10-29,Premium,15036.32
6743,Lori Wilson,rwhite@example.org,LU,2018-06-27,Standard,12098.70
6744,Angelica Flores,hfisher@example.net,CF,2021-11-05,Standard,13965.65
6745,Daniel Owens,vrodriguez@example.com,CY,2022-06-30,Standard,4120.87
6746,Yvette Rodriguez,cheryl91@example.net,CY,2018-06-08,Standard,3544.08
6747,Jasmine Powers,david33@example.com,TD,2019-06-01,Premium,8090.18
6748,Eric Wilson,christophermccormick@example.com,AO,2021-11-10,Basic,14933.91
6749,Natasha Graves DDS,zamoramargaret@example.org,NE,2023-05-11,Premium,7885.66
6750,Christopher Hill,joe65@example.com,TN,2022-10-09,Premium,4605.92
6751,Emily Wade,maytony@example.net,HR,2020-01-11,Premium,15224.71
6752,Gabriel Ewing,reedmonique@example.com,TT,2021-09-20,Premium,5386.37
6753,Rachel Stafford,josephmorrison@example.com,SN,2021-04-22,Standard,19828.20
6754,Christine Villegas,christina08@example.org,UZ,2020-11-25,Standard,7682.58
6755,Amanda Smith,richard81@example.net,SO,2022-05-12,Standard,13529.60
6756,Chelsea Mata,christopherruiz@example.org,MW,2021-08-26,Standard,14932.19
6757,Donna Farmer,jasminegriffin@example.org,LU,2024-09-26,Standard,8156.44
6758,Laura Johnson,bennettdaniel@example.net,CA,2019-01-30,Premium,13359.44
6759,James Garcia,catherine08@example.com,LS,2021-07-04,Premium,12227.47
6760,Jonathan Riley,hannah83@example.net,ET,2018-12-02,Premium,7186.75
6761,Jackson Kirby,tcruz@example.com,IE,2021-11-25,Premium,2540.68
6762,Tracey Scott,gmoses@example.org,NG,2024-09-06,Premium,83.11
6763,Kayla Martinez,zburton@example.net,SZ,2020-10-17,Standard,3193.14
6764,Jamie Kidd,gregorymiller@example.com,BB,2020-01-28,Premium,23262.96
6765,Claudia Henry,marshallrodney@example.org,VC,2018-10-06,Basic,19478.32
6766,George Schmidt,millerjoy@example.net,CF,2020-08-28,Basic,3579.66
6767,Oscar Ford,andrademelissa@example.net,AT,2023-03-13,Standard,3926.32
6768,Jonathan Adams,josemcdonald@example.net,AM,2021-01-13,Basic,16063.45
6769,Sergio Bender,charlene65@example.com,BW,2020-10-06,Basic,8662.63
6770,David Baxter,laura79@example.net,MH,2021-08-07,Basic,16877.67
6771,James King,wallercarl@example.net,MA,2024-03-19,Standard,4274.23
6772,Michael Matthews,cooksarah@example.com,KR,2024-07-21,Basic,7631.85
6773,Jenny Banks,duane16@example.com,HU,2021-11-19,Premium,17820.07
6774,Samantha Bryant,lauracherry@example.net,BE,2021-07-04,Premium,10152.01
6775,Jamie Paul,jkelly@example.com,BA,2023-08-20,Standard,12231.34
6776,Adrian Bridges,monroekatie@example.com,TZ,2024-11-23,Premium,11215.67
6777,Alexa Morse,kristen11@example.org,IT,2018-08-13,Standard,22905.92
6778,Anthony Kennedy,ryanmurphy@example.net,VU,2023-12-08,Basic,1179.09
6779,Jorge Baxter,victoriastevens@example.com,NI,2021-06-17,Basic,2318.65
6780,Scott Lawson,michaelmckee@example.org,BS,2023-01-10,Standard,7681.41
6781,Mark West,gcooper@example.org,GA,2023-04-16,Premium,19117.14
6782,Wayne Garcia,diana42@example.com,AF,2020-05-29,Standard,19309.43
6783,William Arellano,jasonlucas@example.org,BA,2021-05-03,Standard,21846.13
6784,Amy Martin,bradleygreer@example.net,MZ,2021-04-26,Premium,20831.67
6785,Eric Norman,stephenskelli@example.net,MR,2023-03-05,Premium,8910.18
6786,Brian Jones,gphillips@example.org,LI,2021-05-14,Basic,20144.44
6787,Cassandra Pittman,amy33@example.com,JO,2024-05-28,Standard,4985.97
6788,Ashley Hernandez,grayjames@example.net,GE,2021-03-31,Basic,5079.36
6789,Christine Anderson,hamiltontina@example.net,SG,2021-09-27,Premium,12208.26
6790,Aaron Hunt,deckermadison@example.com,LU,2023-12-29,Premium,5556.14
6791,Wayne Morrow Jr.,stacymolina@example.org,EE,2019-05-27,Basic,5444.33
6792,Joshua Estes,kellybond@example.org,PW,2018-12-07,Premium,17209.52
6793,Andrea Valenzuela,victoria55@example.com,NZ,2020-09-08,Basic,13029.14
6794,Tanya Fischer,mhernandez@example.com,PG,2024-09-27,Premium,10678.10
6795,Ashley Martinez,bradleytorres@example.com,FM,2018-06-03,Basic,11860.86
6796,Melissa Martinez,wpeterson@example.net,WS,2024-01-01,Premium,20302.13
6797,Christine Smith,jacksonspence@example.org,HT,2024-03-30,Premium,8815.66
6798,Joanna Powell,ncollins@example.net,ZA,2019-12-15,Standard,13582.63
6799,Robert Blanchard,sabrina99@example.net,PG,2020-03-15,Premium,7131.03
6800,Caitlin Jones,stewartsusan@example.net,DK,2024-03-22,Standard,4598.86
6801,Ryan Roberson,jessicafisher@example.com,NP,2018-09-14,Standard,4538.48
6802,Beth Walters,lunaclarence@example.net,HN,2022-12-29,Basic,7643.24
6803,Blake Salazar,johnsonerin@example.com,MX,2021-08-31,Basic,5317.67
6804,Robert Lopez,collinsmatthew@example.com,NI,2021-09-03,Basic,5660.65
6805,Jennifer Reed,gonzalezmeagan@example.com,GE,2023-09-28,Premium,2538.18
6806,Mark Taylor,margaretbullock@example.net,US,2024-05-01,Premium,8906.01
6807,Gilbert Lewis,joseph88@example.org,RW,2023-05-14,Premium,7313.43
6808,Jennifer Montoya,ekelly@example.com,KW,2022-04-12,Standard,2190.56
6809,Kenneth Estes,angelagarcia@example.com,GW,2023-05-17,Standard,18557.67
6810,Carol Douglas,brandi11@example.com,AU,2019-10-28,Basic,20226.80
6811,Deborah Drake,grantdustin@example.org,BA,2024-08-08,Premium,24673.42
6812,Meghan Walters,joshua48@example.com,SL,2020-07-08,Premium,20340.82
6813,Maurice Osborne,kevin51@example.net,IN,2019-07-14,Basic,15115.03
6814,Mark Ford,scottnicolas@example.org,QA,2020-11-18,Standard,15727.62
6815,Dale Riley,jimmy82@example.com,NA,2022-10-28,Standard,24291.72
6816,Mary Wilson,jasonburke@example.com,IN,2021-10-30,Premium,15239.78
6817,Thomas Walsh,paularamsey@example.org,GE,2024-06-13,Basic,19757.42
6818,Ryan Smith,cbauer@example.net,TL,2018-06-01,Premium,1205.61
6819,Tony Estes,phoffman@example.net,VA,2024-09-05,Basic,8507.11
6820,Dawn Hansen,brentmendoza@example.org,TM,2020-07-22,Basic,424.05
6821,Kyle Hodges,anamoore@example.net,TM,2020-08-16,Basic,17721.76
6822,Katrina Griffith,alexander39@example.net,KI,2019-11-02,Premium,17606.79
6823,Teresa Morgan,benjamin81@example.com,BY,2024-01-23,Basic,10239.97
6824,Deborah Anderson,randall62@example.org,PW,2023-11-09,Standard,22615.05
6825,Michelle Long,emilyhutchinson@example.org,KR,2019-11-29,Basic,7370.23
6826,Jonathan Martinez,joseph56@example.com,BS,2021-02-08,Basic,23447.08
6827,Shannon Watkins,pcooper@example.org,BJ,2023-10-18,Standard,15481.33
6828,James Lewis,,BT,2024-11-24,Basic,11445.53
6829,Charles Jones,anita31@example.org,BF,2022-02-27,Standard,4267.41
6830,Sherri Sanchez,andrewknight@example.org,TD,2022-02-28,Standard,8214.84
6831,Brittany Williams,natalie76@example.com,UA,2024-05-27,Standard,18855.84
6832,Robert Moon,mharrell@example.net,SY,2019-06-02,Basic,18547.43
6833,Christopher Zimmerman,rroberts@example.org,TL,2024-08-23,Premium,4478.75
6834,Tony Alvarado,swalker@example.com,TT,2018-10-20,Standard,18629.81
6835,Cathy Wade,brittany12@example.org,GM,2023-03-11,Basic,13470.33
6836,Thomas Williams,matthewking@example.org,NR,2018-10-31,Premium,7480.99
6837,Jasmine Perkins,ebrown@example.net,LS,2024-01-23,Premium,15982.44
6838,Elizabeth Johnson,adamsgregory@example.org,BN,2023-01-25,Premium,11553.05
6839,Debbie Pham,wwhite@example.com,LB,2021-09-06,Basic,13228.02
6840,Mrs. Jennifer Costa,natasha55@example.org,DE,2020-12-11,Standard,20272.13
6841,Tim Mitchell,alexander83@example.net,MX,2020-12-25,Premium,10636.35
6842,Christopher Galloway,kimberly93@example.net,CZ,2019-10-17,Basic,24872.85
6843,Samantha Walters,gwalter@example.net,SM,2023-11-14,Premium,2075.00
6844,Andre Chen,shelia28@example.com,JM,2020-06-10,Basic,742.12
6845,Morgan Johnson,donnafrancis@example.com,CA,2023-12-04,Basic,8542.98
6846,Shawna Cannon,ocalderon@example.net,PA,2022-11-15,Basic,2851.92
6847,Mark Crawford,janice00@example.net,DZ,2018-12-02,Basic,6144.04
6848,Amy Santos,linda07@example.net,VE,2023-07-07,Basic,1994.66
6849,Lindsey Ramos PhD,williamsjose@example.com,TV,2021-10-10,Basic,283.91
6850,Gregory Harper,michelle24@example.net,TW,2018-04-03,Basic,19873.17
6851,Douglas Williams,saundersvictor@example.org,IL,2024-06-04,Basic,21148.08
6852,Jose Todd,kfreeman@example.com,BO,2019-03-08,Standard,11700.26
6853,Todd Bishop,denniswilson@example.net,FR,2018-07-12,Standard,7890.57
6854,Randall Johnson,sandersalexandra@example.net,AL,2024-04-13,Standard,23115.29
6855,John Powell,jerrynorman@example.net,TT,2024-07-24,Premium,5525.28
6856,Raymond Carlson,curtis59@example.org,SC,2022-03-11,Premium,15700.10
6857,John Blackburn,dhenry@example.com,CA,2021-07-06,Basic,12614.81
6858,David Wallace,wmoss@example.com,TH,2018-03-26,Basic,11616.99
6859,Jason Sutton,grayjoel@example.org,TD,2018-02-18,Basic,7960.42
6860,Mrs. Tina Trujillo,briana52@example.com,BN,2019-06-03,Basic,9864.10
6861,Autumn Boyd,travis25@example.com,DZ,2019-05-13,Premium,14391.83
6862,Nicholas Harris,christopher11@example.org,DM,2024-07-22,Premium,260.88
6863,Regina Hawkins,heatherglover@example.net,TL,2023-12-22,Premium,21320.78
6864,Debra Brown,figueroabrandon@example.org,KH,2023-04-27,Standard,3360.03
6865,Eric Scott,carneyglenda@example.net,NZ,2021-07-14,Standard,3031.56
6866,Kevin Shepherd,jacobmason@example.org,SZ,2022-10-14,Premium,14349.19
6867,David Lara,josechan@example.net,AG,2023-12-16,Standard,20658.79
6868,Allison Jimenez,stevenschneider@example.com,PE,2019-02-18,Basic,17929.47
6869,Corey Benson,markwhite@example.com,GD,2018-06-24,Standard,8193.51
6870,Travis Hughes,sotomadison@example.net,JP,2019-07-10,Standard,5304.44
6871,Jeffrey Garrett,webbholly@example.net,PK,2023-03-04,Premium,10011.52
6872,Richard Ayala,cortezalexandra@example.com,AR,2021-11-06,Basic,19876.87
6873,Jennifer Schwartz,mariaturner@example.net,IS,2023-12-15,Standard,5141.04
6874,Kevin Bautista,dunnashley@example.net,AO,2022-07-05,Premium,22875.32
6875,Tiffany Ball,pedro98@example.org,CU,2018-11-20,Premium,17255.18
6876,Diana Mahoney,shannongonzalez@example.net,CO,2023-09-19,Basic,14989.60
6877,Kristen Velez,christine41@example.net,GD,2024-05-16,Premium,5224.64
6878,Rhonda Ellis,bakerstanley@example.org,LY,2020-09-18,Basic,1508.84
6879,John Jacobs,bshannon@example.com,AO,2018-01-30,Basic,8346.59
6880,Patricia Shields,francesthomas@example.net,AM,2021-08-10,Standard,2258.69
6881,Mark Wheeler,fishertimothy@example.net,CU,2021-04-10,Standard,16641.48
6882,Jennifer Welch,adamhernandez@example.org,DO,2018-12-19,Basic,8357.81
6883,Jose Garcia,harrisstephanie@example.net,GM,2022-04-30,Standard,5985.22
6884,Susan Love,jeremysimpson@example.org,KP,2023-06-20,Basic,4648.43
6885,Derek Roach,hatkinson@example.org,TH,2021-11-21,Premium,2531.55
6886,Maria Miller,amber22@example.org,LA,2021-04-03,Premium,9822.18
6887,Beth Shaw,roger61@example.net,TV,2024-11-17,Premium,16500.62
6888,Angela Romero,mirandaricardo@example.org,CG,2023-09-13,Premium,11788.42
6889,Darrell Zuniga,jennifer21@example.com,LY,2020-01-15,Standard,704.33
6890,Samantha Scott,ericjohnson@example.org,IN,2019-10-11,Basic,14862.53
6891,Susan Hull DDS,xpham@example.com,DM,2022-03-30,Standard,117.15
6892,Mary Austin,ngonzalez@example.com,ID,2020-10-18,Standard,4427.23
6893,Renee Holland,kristakim@example.com,GN,2018-12-03,Standard,20180.95
6894,Anthony Conway,rossadam@example.net,SY,2020-11-16,Premium,20425.01
6895,Mark Gibson,stephaniefrancis@example.com,RO,2022-08-16,Premium,874.05
6896,Tiffany Kelly,fconway@example.net,ES,2019-03-06,Basic,24979.40
6897,Emily Pittman,jesseforbes@example.net,GH,2023-03-07,Standard,15865.15
6898,Dr. Vincent Lopez MD,kimberly05@example.com,UG,2020-04-18,Standard,13385.33
6899,Meghan Ellis,cranegary@example.net,SL,2021-05-12,Standard,20705.89
6900,Patrick Valenzuela,zjacobs@example.org,IT,2018-06-25,Standard,24083.36
6901,Sherry Salinas,eric42@example.com,LR,2018-06-03,Premium,16731.97
6902,Sergio Moran,fhernandez@example.com,ZA,2024-02-18,Premium,3384.22
6903,Terri Brown,vmorris@example.com,MD,2020-05-26,Premium,6601.47
6904,Joe Phillips,michealwilliams@example.com,PH,2023-06-17,Standard,5213.27
6905,Sharon Green,floydtravis@example.org,ME,2019-07-05,Basic,21809.06
6906,Mark Stone,younglisa@example.com,GB,2020-12-14,Basic,6479.08
6907,Brandy Craig,goodalec@example.org,GR,2021-01-13,Standard,2901.48
6908,Steven Castillo,chanjasmine@example.net,AM,2024-06-29,Premium,14799.44
6909,Christina Garrett MD,williamchase@example.org,ET,2020-05-15,Premium,14383.61
6910,Debra Garcia,scottrobinson@example.org,LC,2024-06-13,Premium,10459.73
6911,Rebecca Johnson,andrea88@example.org,VE,2022-07-06,Standard,17379.31
6912,Mia Cunningham,sperez@example.org,BA,2024-10-21,Basic,24129.75
6913,Shelly Castillo,howelldouglas@example.net,GW,2018-01-15,Basic,4342.51
6914,Mercedes Andrews,kclark@example.org,ZM,2023-09-03,Basic,19088.28
6915,Christopher Hill,jrivas@example.com,FJ,2021-02-13,Basic,12728.69
6916,Patricia Daniels,kriley@example.com,ST,2021-01-09,Standard,18859.97
6917,Andrew Banks,qbradford@example.com,IS,2021-12-07,Premium,21391.97
6918,Barbara Bell,rodriguezjose@example.org,OM,2020-08-29,Standard,13440.94
6919,Casey Cook,vperez@example.org,SD,2023-02-02,Premium,21146.46
6920,Kelly Taylor,gregory30@example.org,DK,2019-05-20,Standard,6647.05
6921,Karen Cherry,toddescobar@example.com,DJ,2020-03-16,Premium,16045.09
6922,Gregg Cisneros,uosborne@example.net,CY,2022-10-07,Basic,23996.39
6923,Sean Haynes,justinchandler@example.com,HT,2019-05-06,Premium,18938.97
6924,Jennifer Gonzales,laura72@example.com,OM,2021-01-14,Basic,19141.67
6925,Matthew Hicks,richard53@example.net,KI,2018-05-24,Premium,7626.67
6926,Tamara Rivera,wmitchell@example.org,VE,2020-05-03,Basic,12596.92
6927,Joshua Green,mharrington@example.net,RW,2023-11-12,Premium,12681.43
6928,Michael Sherman,nkramer@example.org,TM,2020-04-21,Basic,11747.33
6929,Jonathan Walton,umack@example.org,TW,2022-01-11,Basic,5561.12
6930,April Gillespie,milleralexander@example.org,RO,2020-08-16,Premium,10117.57
6931,Kaitlin Young,braunapril@example.org,ES,2023-04-30,Standard,348.11
6932,John Wright,dshelton@example.org,EG,2020-10-25,Premium,5813.70
6933,Anthony Robertson,jerrycraig@example.org,PY,2018-02-04,Basic,311.41
6934,Deanna Carter,joseph54@example.com,RO,2019-04-07,Standard,4825.03
6935,Jill Mcintyre,kellyrobles@example.net,ZA,2022-09-13,Premium,4657.24
6936,Tammy Jones,andrew68@example.com,PG,2019-06-08,Standard,3331.01
6937,Laura Green,beckernicholas@example.org,PW,2020-12-19,Premium,24247.21
6938,William Oneill,shawnmiller@example.net,CO,2020-12-09,Premium,16380.22
6939,Nathan Gates,rhondastephens@example.net,SA,2019-11-29,Premium,22360.97
6940,Lindsay Thompson,thompsonchristopher@example.org,NA,2024-11-08,Premium,18104.03
6941,Robert Maynard,diaztimothy@example.org,EC,2021-12-29,Standard,11545.63
6942,Jasmine Jackson,katelyn19@example.org,FI,2018-01-30,Standard,18949.05
6943,Carlos Ponce,kelly72@example.net,ER,2018-09-29,Premium,1414.93
6944,Kathryn Johnson,camachomichael@example.net,CO,2023-07-20,Basic,14789.13
6945,Derek Lopez,fernandezvincent@example.net,CL,2021-01-19,Premium,14125.65
6946,John Williamson,zjordan@example.net,PT,2019-10-16,Standard,9280.79
6947,Allison Mata,vjackson@example.com,BE,2020-09-10,Basic,16081.16
6948,Cindy Braun,christopher76@example.net,SN,2018-09-01,Basic,12068.03
6949,Deanna Rodriguez,marquezjill@example.com,TM,2024-11-28,Standard,2469.77
6950,Yvonne Garcia,lisa19@example.org,AD,2019-08-15,Premium,18766.32
6951,Veronica Braun,ybell@example.net,LU,2024-02-07,Standard,704.03
6952,Kelly Williams,wryan@example.net,LY,2024-04-04,Standard,3775.58
6953,Susan Abbott,brian10@example.com,MM,2022-05-16,Standard,21638.75
6954,Kimberly Zimmerman,vmartin@example.com,ZA,2024-06-10,Standard,5117.15
6955,Erica Anderson,matthewwright@example.net,CL,2019-12-28,Standard,1953.22
6956,Stacey Lopez,rjackson@example.com,GD,2023-07-25,Standard,19836.27
6957,Rhonda Noble,wrightalexander@example.net,LB,2020-01-30,Standard,349.72
6958,Erin Harrington,jrasmussen@example.org,VN,2020-05-26,Premium,10480.40
6959,Michael Meyer,moyerluis@example.org,NE,2019-03-18,Basic,20710.93
6960,Aaron Simmons,nfischer@example.com,AL,2018-07-31,Premium,4810.47
6961,Laura Gates,stevenssteven@example.org,DO,2022-04-17,Basic,10790.53
6962,Misty Porter,amanda36@example.org,JO,2022-04-12,Premium,1256.51
6963,Patricia Torres,sheltonian@example.org,VA,2018-02-19,Premium,13653.88
6964,Gary Ortega,julie48@example.com,BN,2023-01-12,Basic,16319.94
6965,Mrs. Catherine Martinez,marymarquez@example.org,KN,2018-08-18,Premium,19475.90
6966,Ryan Young,raven17@example.com,SE,2018-05-11,Basic,8380.53
6967,Chelsey Howell,belljon@example.org,PY,2020-08-26,Standard,22331.56
6968,Tracy Bradford,matthewwolfe@example.com,MR,2022-08-24,Basic,3388.55
6969,Angela Martin,beardarthur@example.net,IN,2024-05-28,Standard,4914.85
6970,Curtis Newman,sean96@example.org,EE,2024-02-06,Basic,779.43
6971,Anthony Nichols,vward@example.net,LB,2021-10-20,Standard,11894.90
6972,John Burke,ggamble@example.org,NP,2021-07-06,Premium,1498.31
6973,Kayla Williams,grivera@example.net,SY,2023-07-21,Premium,3414.04
6974,Stephanie Spencer,wellsshaun@example.net,LI,2024-04-25,Premium,649.92
6975,Joel Woodard,joan88@example.net,ET,2023-03-05,Premium,15383.40
6976,Rick Hensley,karen32@example.com,MA,2019-01-02,Premium,18815.88
6977,Bradley Moyer,ronald27@example.com,BF,2018-05-22,Basic,11286.78
6978,Tara Cooper,fernandezlynn@example.org,PG,2019-10-19,Premium,2728.93
6979,Ms. Allison Grant,raymond16@example.net,PS,2024-01-24,Standard,14159.29
6980,Tara Howe,rossgina@example.net,KR,2023-09-18,Standard,22114.99
6981,Christina Martin,scook@example.net,GE,2022-05-16,Standard,3563.38
6982,Christina Pham,desireebaker@example.org,CF,2019-05-07,Premium,20106.62
6983,Samuel Dixon,,EC,2020-11-05,Standard,21753.47
6984,Teresa Roman,ngraham@example.com,SB,2021-02-18,Basic,10187.82
6985,Sydney Mack,bradleyandrew@example.net,BS,2019-04-04,Standard,2773.98
6986,Alejandro Huang,fross@example.com,TJ,2019-11-16,Basic,20193.58
6987,Mitchell Bryan,kyle99@example.org,MX,2018-10-08,Standard,20855.86
6988,Briana Snyder,wosborne@example.org,CY,2023-02-06,Standard,7659.83
6989,Lisa Phillips,michaelchang@example.org,CR,2022-07-26,Premium,24581.26
6990,Laura Ward,miguelbryant@example.net,DJ,2019-08-16,Premium,18989.41
6991,Angel Vargas,hmcgee@example.com,DM,2021-04-15,Premium,4591.68
6992,Larry Buchanan,alyssarodriguez@example.net,BE,2019-08-14,Premium,16198.64
6993,Kara Fleming,gonzaleskaren@example.com,KP,2018-03-05,Premium,8558.03
6994,Joshua Phillips,hbaker@example.com,CH,2020-05-29,Basic,6746.95
6995,Jesus Blake,codyanderson@example.org,GN,2018-12-04,Premium,23858.75
6996,Fernando Fleming,carmen62@example.org,RW,2018-03-11,Basic,6789.93
6997,Mark Franco,shaungarcia@example.org,MU,2023-01-02,Standard,22082.55
6998,Nicholas Ortiz,krice@example.net,ER,2022-03-20,Basic,565.10
6999,Chelsey Robbins,stephanieanderson@example.net,MX,2020-01-19,Standard,16038.82
7000,Robert Roberts,xlewis@example.com,MK,2021-12-17,Standard,2359.33
7001,Victoria Jones,sandovalemily@example.net,BR,2019-06-19,Standard,10224.38
7002,Michael Espinoza,joel01@example.net,MW,2023-03-23,Basic,20458.53
7003,Keith Freeman,latasha94@example.com,ML,2024-04-01,Premium,24262.78
7004,Laurie Garcia,dylan10@example.org,AZ,2019-07-03,Standard,23700.46
7005,Christine Gardner,maryreid@example.org,JO,2022-01-10,Basic,13501.25
7006,Andrea Huber,ballardadam@example.com,NE,2019-04-04,Standard,926.38
7007,Lisa Gomez,williamsbruce@example.com,TG,2019-03-10,Premium,14374.31
7008,Elijah Reed,jasmine86@example.org,EG,2019-03-29,Standard,23877.07
7009,Anthony Francis,lindsay41@example.com,BT,2024-01-09,Basic,23054.68
7010,Victor Reyes,carolinethomas@example.org,MC,2019-01-08,Premium,20135.58
7011,Maria Webster,owensalbert@example.com,ID,2024-01-23,Standard,24834.19
7012,Maria Thomas,matthewwarren@example.net,ET,2021-03-15,Basic,15166.26
7013,Mackenzie Johnston,steven00@example.com,SK,2024-01-04,Standard,6382.48
7014,Adam Avery,matthew82@example.com,ZA,2024-03-27,Standard,19779.09
7015,Justin Moore,kfarmer@example.org,LU,2023-10-06,Basic,10532.53
7016,Shane Clark,stanleyvalenzuela@example.net,SZ,2020-05-26,Standard,9484.23
7017,Trevor Vincent,greenstacy@example.com,NO,2018-08-29,Premium,12505.00
7018,Dr. Travis Wright,bauertiffany@example.net,KE,2021-01-07,Standard,11404.66
7019,Angela Stewart,bryanrichards@example.org,BD,2018-04-07,Basic,18730.04
7020,Barbara Velazquez,katelyn33@example.org,MM,2022-12-01,Basic,13937.26
7021,Lauren Brown,loriwilliams@example.net,NE,2018-12-29,Basic,2738.39
7022,Amy Rice,zwiley@example.net,JP,2018-05-14,Standard,7289.40
7023,Jenna Murphy,eric52@example.com,OM,2024-05-12,Premium,2143.85
7024,Guy Rogers,sskinner@example.com,CV,2021-05-16,Premium,1258.80
7025,Kathleen Peterson,morrisondwayne@example.com,CO,2024-05-28,Basic,18152.49
7026,Samantha Collins,devin22@example.org,NO,2023-12-08,Premium,9825.95
7027,Louis Vance,jamesconner@example.com,UZ,2019-06-08,Premium,19635.58
7028,Angela Roberts,simonjackie@example.net,LB,2020-08-01,Standard,13508.31
7029,Jonathan Dean,thompsonbrent@example.net,HN,2023-09-20,Standard,6760.48
7030,Michelle Lewis,karenvang@example.com,LU,2018-06-10,Basic,3943.01
7031,Christina Simon,crystaldurham@example.com,CF,2020-07-06,Basic,24136.61
7032,Antonio Schroeder,iflores@example.com,SE,2022-08-08,Standard,6858.03
7033,Stephen Jordan,kevin69@example.net,BJ,2020-02-07,Premium,17860.40
7034,Mark Spencer,brobinson@example.net,HN,2018-02-09,Premium,1647.95
7035,Nicole Mcintosh,gillespieelizabeth@example.net,MD,2019-11-13,Premium,18587.01
7036,Emily Lin,rickymcdonald@example.org,VU,2023-07-07,Basic,23470.01
7037,Erik Stewart,garciajennifer@example.com,MM,2019-08-31,Premium,8981.99
7038,Amanda Galvan,fblackwell@example.com,TH,2021-09-08,Premium,21966.23
7039,Alyssa Freeman,lbass@example.com,AG,2020-06-11,Premium,1523.99
7040,Monica Khan,darlenekelly@example.com,DO,2018-03-16,Basic,12974.93
7041,Debbie Brown,brooksnancy@example.org,BY,2020-10-15,Standard,18594.42
7042,Randy Olson,cooperjohn@example.org,NA,2022-07-10,Standard,5981.82
7043,Rachel Navarro,jacobsnicole@example.net,PE,2019-04-01,Basic,120.73
7044,Nicholas Schwartz,gilbertmccarthy@example.org,MC,2023-10-16,Basic,14293.43
7045,David Peterson,idiaz@example.org,EG,2024-05-16,Premium,3032.95
7046,Andrew Holden,william90@example.com,NE,2019-05-03,Standard,19958.03
7047,Tina Harris,ramoskimberly@example.org,LK,2018-04-05,Basic,23873.62
7048,Matthew Pittman,eclark@example.org,SL,2019-01-14,Standard,14192.94
7049,Pamela Cross,pearsonashley@example.com,SN,2019-09-16,Premium,3471.59
7050,Christine Smith,kevin45@example.net,ET,2023-07-19,Premium,23345.47
7051,Brian Compton,michaelbarrera@example.org,TR,2024-07-11,Basic,13298.31
7052,Cheryl Morrow,michaelbradford@example.org,LV,2024-06-22,Basic,11495.78
7053,Aaron Villanueva,eking@example.org,CF,2024-12-05,Premium,9705.11
7054,Melanie Holt,james81@example.org,BT,2024-01-29,Basic,8420.96
7055,Gary Mcconnell,karencampbell@example.net,AG,2024-02-04,Premium,23570.07
7056,Sandra Norman,qduran@example.net,LY,2024-02-22,Standard,12000.72
7057,Kelly Murphy,brian22@example.com,WS,2020-11-22,Standard,6123.60
7058,Mr. Aaron Davis,hendersonryan@example.com,CN,2018-07-27,Premium,23033.98
7059,Jerry Lee,jonathan45@example.org,LC,2024-08-11,Basic,6933.25
7060,Amanda Alexander,danielle10@example.net,FI,2020-06-16,Premium,10864.05
7061,Daniel Hill,maryburns@example.org,KZ,2019-02-01,Basic,20875.82
7062,Dawn Rivera,whitney23@example.com,GY,2022-12-31,Premium,23239.23
7063,Michael Cunningham,gmeyer@example.net,CF,2023-11-14,Premium,7958.52
7064,Stephanie Martin,melinda35@example.org,ER,2024-10-10,Basic,16144.04
7065,Catherine Villa,debra90@example.org,GT,2020-11-27,Standard,12531.21
7066,Katherine Rodriguez,veaton@example.net,SA,2024-06-06,Standard,3752.03
7067,Michelle Chandler,franciscokramer@example.net,YE,2018-03-16,Premium,15898.05
7068,Veronica Solomon,grossalexander@example.org,GH,2018-02-19,Premium,9075.47
7069,Diana Sheppard,lopezerica@example.net,QA,2021-08-19,Premium,6943.35
7070,Kristen Watson,collinalvarado@example.com,GY,2022-08-11,Premium,11161.94
7071,Jennifer Perry,danielle36@example.com,SD,2022-03-17,Basic,15180.24
7072,Marcus Torres,obrientimothy@example.net,LI,2020-10-22,Standard,14550.12
7073,Ashley Robinson,kelly55@example.org,MC,2021-01-24,Standard,10798.56
7074,James Crawford,lcastaneda@example.com,DE,2019-08-31,Basic,1341.71
7075,Ann Holland,arodriguez@example.com,GT,2018-08-28,Basic,3448.70
7076,Edwin Mcguire,morrisonconnor@example.com,ES,2018-03-07,Premium,17658.50
7077,Jorge Phillips,wbryant@example.com,GD,2024-01-18,Premium,17217.96
7078,Miss Ashley Glass,nicole65@example.net,IR,2019-09-16,Premium,16315.46
7079,Mrs. Anna White,oolson@example.net,WS,2023-10-04,Standard,14911.59
7080,Kyle Smith,linda51@example.org,SG,2021-03-29,Premium,3732.30
7081,Timothy Gutierrez,jeffreyestrada@example.com,NO,2022-05-21,Premium,842.02
7082,Ashley Schwartz,ericcisneros@example.org,BF,2021-11-20,Basic,22181.06
7083,Victoria Tucker,petersonronald@example.com,SZ,2023-07-29,Standard,17220.68
7084,Meagan Reynolds,joshuaherman@example.net,GM,2019-07-11,Standard,5685.04
7085,Thomas Scott,patrick96@example.net,ES,2022-01-08,Basic,24273.48
7086,Christine Matthews,emily91@example.com,BA,2022-08-13,Standard,3994.24
7087,Tammy Sosa,danielle29@example.org,SI,2020-06-29,Standard,24893.64
7088,Angela Gross,gbarker@example.com,PE,2018-03-13,Premium,7366.48
7089,Stacey Baker,bwarren@example.net,PG,2019-10-16,Basic,2367.53
7090,Aaron Brown,cantrellrichard@example.com,ID,2024-04-12,Premium,13791.51
7091,Mary Galloway,fmullins@example.net,BS,2021-09-21,Premium,13723.80
7092,Pamela Parks,cooperjennifer@example.net,GQ,2022-09-11,Premium,15708.54
7093,Tristan Smith,chris19@example.net,TV,2021-09-02,Standard,14111.52
7094,Stephen Guzman,diane11@example.com,JO,2021-03-20,Basic,21656.94
7095,Bobby Anderson,scollins@example.com,BR,2022-06-17,Premium,22084.24
7096,Dr. Kelly Murphy,debrajohnson@example.org,BE,2018-09-07,Standard,15040.38
7097,Haley Vega,reginahawkins@example.org,AZ,2020-06-16,Premium,6612.55
7098,Matthew Aguilar,jonathanjohnson@example.org,CZ,2022-07-31,Premium,1344.55
7099,Heather Contreras,zsantana@example.org,BZ,2019-06-08,Basic,6057.57
7100,Amy Jones,dkim@example.com,GD,2019-08-11,Standard,2166.65
7101,Nancy Howard,ngeorge@example.com,IT,2019-01-03,Basic,21974.47
7102,Sandra Hughes,julierice@example.org,ML,2019-12-21,Premium,24590.23
7103,Kathryn Stokes,nross@example.net,BR,2019-06-05,Basic,18375.20
7104,Rebecca Campbell,charles21@example.org,GW,2022-10-16,Premium,8771.19
7105,James Bell,katherinewilliams@example.com,CY,2019-05-28,Premium,16371.60
7106,Darius Taylor,jennifer36@example.org,CG,2020-12-19,Basic,17883.25
7107,Troy Holmes,woodardryan@example.net,SD,2018-02-17,Standard,18385.71
7108,Nicholas Hendricks,vmaynard@example.org,TN,2022-11-18,Standard,5609.71
7109,Jason Adams,wyatt85@example.com,WS,2020-11-25,Standard,9545.89
7110,Jeffrey Henderson,angela67@example.com,SL,2018-07-08,Standard,16377.29
7111,Crystal Taylor,zmiranda@example.org,VA,2019-08-15,Standard,10474.05
7112,Darrell Myers,baxterashley@example.org,CN,2020-06-15,Basic,7496.14
7113,Alex Mueller,ojoyce@example.com,WS,2018-04-14,Premium,15550.98
7114,Martin Vang,michellefranco@example.net,ET,2021-09-25,Premium,171.09
7115,Kimberly Cole,craigshannon@example.com,BN,2023-08-07,Basic,18588.04
7116,Erica Beard,bryantstephanie@example.org,FM,2020-04-19,Basic,7728.19
7117,David Gutierrez,mark56@example.com,GN,2019-09-02,Standard,5871.96
7118,Nicole Clark,theresaarnold@example.org,GE,2024-04-05,Standard,2076.85
7119,Brenda Keller,nicoleclark@example.org,JM,2022-08-06,Basic,4226.92
7120,Catherine Brown,kwheeler@example.net,ER,2021-07-25,Premium,18736.33
7121,Elizabeth Medina,tyronewilliams@example.org,EC,2019-06-01,Standard,16704.46
7122,George West,jodysoto@example.net,LK,2020-01-21,Standard,11326.58
7123,Adam White,brittanyfrazier@example.org,VN,2018-01-16,Basic,9799.62
7124,Alexander Young,ssmith@example.com,PY,2022-09-10,Basic,20231.00
7125,Michelle Bates,brandon74@example.net,DZ,2021-12-09,Basic,19579.29
7126,Wayne Holden,amandagonzalez@example.com,TT,2019-09-18,Premium,6901.55
7127,Erik Allen,kendrahoffman@example.org,GY,2018-11-10,Basic,21983.03
7128,Melissa Klein,sheilahart@example.org,NZ,2022-08-02,Basic,11049.95
7129,Nicole Bass,sherylsullivan@example.com,WS,2021-01-09,Basic,7336.30
7130,Diane Nunez,obriennicole@example.com,BT,2023-03-29,Premium,16559.79
7131,Michelle Herrera,breweralexander@example.net,VA,2024-06-26,Premium,15977.80
7132,Mary Hernandez,frankyoung@example.net,VN,2022-01-21,Premium,912.49
7133,Jonathan Joseph PhD,dawnthomas@example.org,AZ,2019-03-22,Basic,7582.70
7134,Kristin Leon DDS,castillojerry@example.net,CV,2024-05-05,Standard,24835.54
7135,Sierra Chambers,vevans@example.com,SI,2019-08-20,Premium,5882.34
7136,Andrew Weber,joseph08@example.net,GA,2021-01-18,Premium,7689.99
7137,Todd Wright,john42@example.com,US,2021-06-12,Basic,10481.90
7138,Anna Crawford,ana77@example.org,DE,2022-03-30,Basic,3809.01
7139,Carlos Santiago,christophermorrison@example.com,OM,2019-03-29,Premium,2172.02
7140,Linda Davis,danielle97@example.net,MA,2022-11-08,Standard,15115.03
7141,Tanya Allen,rachel02@example.com,CV,2021-12-30,Premium,8922.93
7142,Frank Mcdaniel,danielstark@example.org,NO,2024-06-12,Premium,429.80
7143,Elaine Huang,dmcguire@example.com,GQ,2022-06-26,Basic,17273.91
7144,Lisa Miller,ohowe@example.net,OM,2021-03-05,Basic,20459.01
7145,Kristine Butler,turnerkayla@example.com,MM,2019-05-22,Premium,16764.52
7146,Kimberly Davis,barkerpamela@example.org,BE,2024-11-13,Standard,19352.75
7147,Kelsey Gould,samantha23@example.org,MW,2024-02-18,Basic,2007.70
7148,Brian Gutierrez,megannguyen@example.org,LB,2019-08-25,Standard,6226.94
7149,Stephanie Guerra,gallowaykyle@example.com,AR,2022-10-24,Premium,7668.08
7150,Denise Elliott,megan84@example.net,BA,2021-10-13,Basic,14668.98
7151,Felicia Cooke,agoodman@example.com,CN,2021-03-23,Basic,21860.79
7152,Olivia Mendoza,prestonmaria@example.net,ST,2023-08-22,Premium,18100.39
7153,Erin Martinez,eugenewiggins@example.net,IE,2023-12-04,Basic,6930.69
7154,David Shelton,andrea02@example.net,BN,2022-09-16,Basic,579.98
7155,John Woods,thomasmarcia@example.com,SR,2022-07-18,Standard,6491.76
7156,Gary Trevino,kimtaylor@example.net,BS,2018-03-16,Standard,21168.56
7157,Sandra Wood,englishsheila@example.net,FR,2019-02-17,Premium,4543.62
7158,Zachary Farrell,cody14@example.org,LV,2019-10-22,Standard,7775.05
7159,Colleen Reeves,espinozadeborah@example.net,TO,2021-02-16,Premium,20053.68
7160,Eric Reed,shaun46@example.net,KE,2020-02-03,Premium,21579.75
7161,Christina Hall,lisa30@example.net,TL,2019-05-01,Basic,10036.21
7162,Mia Kelley,masonmichael@example.net,MG,2021-06-27,Basic,18599.35
7163,Aaron Marks,carrieward@example.net,HR,2023-12-03,Standard,104.78
7164,Paul Lara,cheryl94@example.org,PA,2020-09-08,Standard,3556.94
7165,Cynthia Jones,heidijames@example.com,LU,2023-09-01,Standard,1321.78
7166,Juan Dillon,foleypatricia@example.org,DZ,2018-08-28,Premium,4078.89
7167,Jacqueline Stephens,karla92@example.com,UG,2020-04-05,Premium,14866.86
7168,Daniel Lopez,randy18@example.org,KZ,2024-03-05,Basic,15572.44
7169,Todd Garcia,kwilson@example.org,CI,2018-07-22,Premium,2236.64
7170,Amanda Chavez,solisdenise@example.net,BH,2021-02-04,Premium,23458.96
7171,Andre Hardy,kimberlydickerson@example.com,GY,2020-05-09,Standard,22974.59
7172,Lawrence Cunningham,melissahartman@example.com,FR,2023-04-29,Premium,6017.55
7173,William Anderson,lgarcia@example.net,DJ,2023-07-27,Basic,2472.54
7174,Alexander Merritt,johnsonlawrence@example.org,SA,2023-03-27,Basic,13869.40
7175,Felicia Fernandez,matthewfowler@example.org,CY,2018-07-06,Basic,2624.06
7176,Tiffany Adams,pwatson@example.com,MA,2022-05-09,Premium,19013.99
7177,Debbie Taylor,michaelfuller@example.net,AZ,2021-12-24,Basic,17882.23
7178,Caitlin Hamilton,danielturner@example.org,SN,2018-07-28,Basic,12683.17
7179,Elizabeth Hughes,shelbyfletcher@example.com,RW,2019-02-08,Basic,16200.35
7180,Kevin Lopez,vsalazar@example.org,VN,2023-03-27,Basic,8216.42
7181,Sabrina Smith,maria57@example.org,ID,2022-02-02,Premium,15717.16
7182,Sharon Lopez,alexrobinson@example.net,IR,2018-11-12,Premium,23955.11
7183,Heidi Bradley,hannahblack@example.com,JP,2021-10-27,Premium,8442.43
7184,Michael Knox,chelseaperez@example.org,BE,2019-11-10,Basic,2984.50
7185,Rachel Hogan,catherinejones@example.net,KG,2023-04-20,Premium,13952.79
7186,Gregory Mccann,bmedina@example.org,BN,2022-12-23,Basic,18616.93
7187,Susan King,jodi43@example.org,LT,2023-04-16,Premium,19484.74
7188,Timothy Velazquez,wcompton@example.org,SG,2024-09-18,Premium,17876.47
7189,Daryl Thomas,glasschristopher@example.com,TD,2023-04-01,Premium,23637.34
7190,Stephen Sutton,henrykylie@example.org,RU,2019-03-10,Standard,687.26
7191,James Bailey,douglas46@example.net,NI,2023-09-29,Premium,19479.93
7192,Thomas Klein,nthompson@example.org,FR,2023-04-10,Premium,3244.46
7193,Pamela Goodwin,nbrown@example.com,GY,2020-04-10,Basic,14893.05
7194,Brenda Rasmussen,anthony65@example.com,SY,2024-08-05,Basic,24696.10
7195,Christopher Richardson,martinjennifer@example.org,CL,2020-10-26,Standard,12260.25
7196,Brett Gomez,jennifer05@example.net,KZ,2019-05-10,Basic,4949.14
7197,Dawn Hopkins,thomasfreeman@example.com,TT,2021-10-19,Premium,1007.96
7198,Kenneth Douglas,iriddle@example.net,BI,2022-09-14,Basic,21582.28
7199,Samantha Thomas,russellnicole@example.net,JM,2018-01-29,Premium,19956.72
7200,Anna Robinson,samuel37@example.org,DO,2024-02-19,Premium,16843.41
7201,Erica Reed,olee@example.net,CL,2024-02-27,Standard,19609.45
7202,Ashley Johns,steven71@example.net,BG,2023-03-22,Basic,786.95
7203,Suzanne Cunningham,karenbrewer@example.org,VN,2019-11-27,Basic,6422.33
7204,Jennifer Taylor,jacqueline41@example.net,AD,2021-04-15,Premium,19960.06
7205,Sarah White,nathan59@example.net,GB,2019-07-07,Premium,21908.47
7206,Whitney Smith,oharrell@example.com,FM,2020-02-02,Premium,24256.95
7207,Jennifer Bradford,nathanielgould@example.com,CG,2019-05-13,Standard,14627.00
7208,Edgar Sanchez,alyssa04@example.org,GB,2022-04-24,Basic,16722.24
7209,Tammy Long,johnwilliams@example.com,MK,2022-04-16,Basic,8810.29
7210,Terri Crawford,randyhenry@example.com,CV,2023-02-11,Standard,9960.27
7211,Alan Wright,jacksonmarissa@example.net,PH,2023-04-18,Premium,9723.34
7212,Phyllis Williamson,josephbautista@example.net,FM,2022-12-18,Basic,17065.98
7213,John Mccormick,michaeloliver@example.com,MW,2018-09-29,Standard,15493.59
7214,Brian Nguyen,janetbutler@example.com,PH,2019-04-30,Premium,14451.60
7215,Tina Ryan,sarahnavarro@example.org,BT,2022-02-02,Basic,18714.20
7216,Austin Davis,lgonzales@example.org,CL,2019-08-05,Premium,8046.35
7217,Maria Banks,ltravis@example.com,BJ,2019-04-18,Standard,22366.23
7218,John Mclaughlin,tatematthew@example.org,PA,2019-08-18,Standard,1817.49
7219,Jasmine Glover,sgeorge@example.com,CU,2023-05-22,Premium,5439.64
7220,Chris Li,barbarabarrett@example.org,GB,2022-01-30,Premium,24480.63
7221,Andrew Archer,jaredrobinson@example.net,TH,2023-11-11,Standard,22319.70
7222,Angela Porter,elizabethdiaz@example.com,GN,2019-10-04,Standard,21213.37
7223,Angela Gordon,wspencer@example.org,SZ,2019-04-06,Basic,13454.84
7224,James Ponce,vkim@example.net,GQ,2020-06-28,Basic,3423.84
7225,Anthony Kirk,linda00@example.net,KE,2024-01-29,Standard,12584.73
7226,Michael Bryant,brendafarrell@example.com,CF,2020-06-21,Premium,255.47
7227,Scott Lin,stephensashley@example.org,TN,2019-03-15,Basic,10627.16
7228,William Reyes,foconnor@example.com,NP,2018-11-02,Premium,7909.82
7229,James Hall,david36@example.org,AM,2020-07-25,Premium,3684.00
7230,Jodi Richardson,albert84@example.org,KN,2022-02-17,Premium,9426.42
7231,Jordan Norman,davisstephen@example.org,ST,2022-02-02,Basic,13751.24
7232,April Duke,fharper@example.com,BA,2022-05-09,Basic,7270.04
7233,Mary Barber,robert16@example.com,IL,2020-09-30,Premium,16693.67
7234,Christopher Davidson,pamelahoffman@example.org,DO,2024-11-21,Standard,5816.81
7235,Cassie Turner,shamilton@example.com,LR,2024-03-02,Premium,2336.81
7236,Michael Howard,lsanders@example.com,MH,2021-08-27,Premium,20504.63
7237,Robin Evans,amymoreno@example.org,TW,2021-02-05,Standard,10515.28
7238,Christina Novak,anthony91@example.org,MY,2019-09-29,Standard,12639.11
7239,Angela Sullivan,barbara57@example.com,KE,2024-07-25,Standard,21388.07
7240,Daniel Edwards,stephanie70@example.net,LI,2019-05-16,Standard,11811.47
7241,Christopher Mullins,ryancharles@example.com,FM,2024-03-10,Standard,8023.79
7242,Charles Sampson,qlove@example.com,CG,2019-04-01,Premium,13650.22
7243,Sarah Jones,cortiz@example.com,HT,2018-11-09,Standard,22690.18
7244,Ashley Blackburn,middletonsamantha@example.net,PW,2021-09-11,Premium,3349.66
7245,James Barnett,whitealexander@example.net,HU,2024-08-22,Standard,19126.92
7246,Jessica Mejia,williamtaylor@example.com,LB,2023-08-01,Basic,2461.56
7247,Allen Collins,victoriabonilla@example.net,MA,2022-01-23,Standard,3869.11
7248,Mark Rodriguez,jacksonjonathan@example.net,AR,2018-07-06,Basic,20302.45
7249,Ashley Henson,wcook@example.org,LS,2023-03-07,Premium,5677.07
7250,Anne Frank,robert98@example.org,NL,2022-04-20,Premium,3837.71
7251,Lance Morris,rickdixon@example.net,RO,2021-04-13,Standard,18959.46
7252,William Hernandez,jennifergarcia@example.net,FJ,2022-02-23,Standard,10571.29
7253,Jennifer Evans,williamvalentine@example.net,TR,2023-03-10,Standard,3533.66
7254,Jodi Greene,perrybarbara@example.net,SY,2022-01-06,Premium,11038.57
7255,Keith Walker,simpsondiane@example.org,KM,2018-04-22,Standard,5089.36
7256,Jeff Huber,mcdowellpaul@example.net,SM,2023-08-11,Standard,3062.58
7257,Ernest Reilly,carolthomas@example.com,RO,2022-04-23,Standard,18867.47
7258,Amanda Lee,ucook@example.net,SD,2023-05-23,Basic,24872.70
7259,Loretta Lewis,susan97@example.net,BF,2020-07-30,Standard,16614.49
7260,Patrick Ford,gharris@example.org,AT,2018-09-08,Premium,2442.57
7261,Brandon Contreras,frederickvelez@example.net,NI,2021-07-26,Standard,24467.50
7262,Maria Bishop,cynthia10@example.com,CR,2023-12-12,Premium,19407.92
7263,Robin Huynh,englishheather@example.net,TG,2022-12-17,Standard,20533.45
7264,Helen Brooks,sheilagreen@example.com,SL,2021-05-20,Basic,21166.90
7265,Daryl Trevino,brownjustin@example.net,JM,2023-02-24,Basic,4526.70
7266,Ethan Hurst,garystewart@example.net,YE,2018-07-24,Premium,14065.56
7267,Gavin Barnes,fhickman@example.org,IT,2021-09-23,Standard,19264.45
7268,Brian Perkins,johnnywells@example.net,ME,2022-06-04,Basic,13201.93
7269,Brian Hill,markjoseph@example.net,AZ,2019-08-28,Standard,4648.41
7270,Gary Reyes,david72@example.com,GE,2023-10-16,Standard,24925.79
7271,James Copeland,qpatrick@example.org,GT,2023-01-12,Standard,10715.27
7272,Catherine Lee DDS,brockmartha@example.org,TG,2019-07-12,Premium,11132.99
7273,Nicole Anderson,bradleyhernandez@example.org,GR,2022-03-26,Basic,5171.86
7274,John King,kristin03@example.net,SG,2023-05-13,Premium,21491.67
7275,Alan Martin,james62@example.net,PK,2020-04-25,Standard,5206.15
7276,Donald Martinez,margaret97@example.net,LA,2024-02-25,Standard,11897.20
7277,Kimberly Rogers DDS,pweber@example.org,MU,2019-07-21,Standard,15093.55
7278,Amanda Duffy,mpalmer@example.net,VC,2020-06-11,Basic,10780.93
7279,Timothy Ochoa,jennifer12@example.net,BG,2023-08-27,Standard,15184.54
7280,Taylor Obrien DVM,kristen21@example.org,AZ,2022-07-23,Basic,17352.07
7281,Linda Rivera,sandersdaniel@example.com,MX,2020-12-14,Basic,22963.06
7282,Juan Rogers,nwebster@example.com,BN,2023-11-14,Standard,14783.04
7283,Tracy Anderson,crystalcohen@example.net,BJ,2020-08-15,Premium,1438.36
7284,Christopher Lewis,courtney47@example.net,MZ,2021-10-02,Standard,19435.52
7285,Roy Roberts,bradley85@example.com,IL,2020-11-29,Premium,8671.33
7286,Stacey Burke,hughesbrent@example.org,TT,2018-04-15,Basic,13120.66
7287,Karen Rice,christy84@example.com,AD,2024-10-09,Premium,11856.63
7288,Charles Price,duncanmichael@example.com,BE,2024-06-24,Standard,18555.09
7289,Mathew Garcia,lopezaaron@example.com,PT,2021-09-02,Basic,21343.86
7290,Mr. Tyler Shaw Jr.,andrewbooker@example.org,GA,2022-10-24,Standard,19412.79
7291,James Escobar,jbrown@example.net,SA,2021-07-11,Premium,17045.29
7292,Heather Fernandez,thorntondouglas@example.net,PE,2021-08-10,Standard,11255.80
7293,Ashley Walker,jeffrey32@example.net,MK,2023-04-25,Basic,14884.47
7294,Kristina Harrington,torreschristian@example.org,RU,2023-03-13,Standard,17767.00
7295,Chad Anderson,davismary@example.com,KI,2021-11-11,Standard,3969.63
7296,Emily Knapp,alexis46@example.net,BN,2018-11-12,Basic,17611.59
7297,Michael Price,beardtroy@example.org,RO,2018-04-24,Premium,20779.34
7298,Mr. Patrick Hall,shelby46@example.org,PE,2023-11-29,Standard,3679.06
7299,Johnny Brown,sanchezgregory@example.net,KG,2020-01-12,Standard,5251.45
7300,Eric Smith,charlespeters@example.com,KN,2022-07-07,Basic,20932.33
7301,Stacey Harris DDS,james14@example.com,MM,2023-02-09,Basic,5156.05
7302,Angela Greene,john28@example.com,SO,2018-09-02,Basic,4401.59
7303,Jessica Gonzales,ncarter@example.net,SV,2019-08-27,Standard,2582.19
7304,David Gallagher,austincampbell@example.net,BY,2018-11-04,Standard,20753.31
7305,Ryan Lee,wattsthomas@example.org,BJ,2023-07-01,Standard,15168.68
7306,Jamie Reilly,dandrade@example.net,MA,2023-07-08,Premium,10573.36
7307,Michael Perez,josephprice@example.net,HT,2018-08-23,Standard,3940.37
7308,Wayne Patton,eric08@example.net,ES,2024-02-03,Standard,2850.50
7309,Charles Baker,claudiaflowers@example.com,YE,2021-01-03,Basic,10103.71
7310,Vanessa Powers,jlewis@example.org,RW,2024-03-16,Premium,809.55
7311,Sean Vargas,cassandrabanks@example.org,HT,2019-12-21,Premium,20888.64
7312,Travis House,holmesgina@example.net,JO,2024-06-27,Premium,5183.26
7313,Hunter Chapman,rhondaking@example.com,AR,2020-01-04,Premium,739.70
7314,Mikayla Russell,gdoyle@example.org,IS,2020-01-09,Basic,10330.22
7315,Lori Boyd,moorematthew@example.org,ER,2024-05-18,Basic,347.85
7316,James Miller,bnelson@example.org,KG,2020-12-26,Premium,16965.21
7317,Amy Thomas,robertsheather@example.com,KW,2021-01-05,Standard,20720.63
7318,Jay Pitts,scottkenneth@example.org,WS,2018-09-06,Standard,13659.18
7319,Christopher Ford,sbarry@example.org,MK,2018-10-20,Standard,11613.83
7320,Claudia Pittman,nsherman@example.com,JM,2018-03-21,Premium,20155.59
7321,James Bowen,trevorluna@example.org,KP,2018-11-26,Standard,23096.27
7322,Casey Scott,yhicks@example.net,BN,2022-12-31,Premium,22204.31
7323,Joshua Vasquez,ytownsend@example.org,CR,2018-02-14,Premium,7280.13
7324,Kathy Simmons,mooremary@example.net,VA,2020-03-23,Premium,4618.74
7325,Kristen West,donna81@example.net,KR,2023-02-23,Premium,6345.13
7326,Amanda Mann,thompsonstephen@example.com,BW,2021-02-19,Standard,14439.30
7327,Elizabeth Johnson,mkennedy@example.org,LI,2019-04-09,Standard,3997.74
7328,Taylor Gordon,abigail06@example.org,IS,2021-02-15,Standard,10830.78
7329,Tom Hughes,ogilbert@example.net,SO,2020-09-16,Basic,133.23
7330,Stephanie Jones,anthonybaker@example.com,CN,2020-06-29,Basic,812.78
7331,Monica Mason,steven70@example.org,NL,2022-06-17,Standard,6502.74
7332,Jaime Taylor,dyeredward@example.org,FI,2019-10-03,Standard,15394.56
7333,John Johnson,kayla81@example.org,PW,2024-11-14,Basic,8126.25
7334,Erin Hughes,sharonmurphy@example.org,MM,2024-10-08,Premium,18454.00
7335,Andrea Chapman,collinsamy@example.net,NI,2020-07-10,Premium,11550.43
7336,Juan Combs,devin05@example.org,BG,2019-10-10,Standard,4504.56
7337,Eugene Miller,oconnordawn@example.com,AL,2018-12-23,Premium,22370.19
7338,Jose Lane,danielleclark@example.net,TD,2019-04-28,Standard,5555.22
7339,Gabrielle Rose,frankarroyo@example.com,BG,2018-07-15,Standard,24373.51
7340,Brian Daniels,qpowell@example.org,DK,2024-04-25,Standard,1487.49
7341,Lisa Bentley,aliciaphelps@example.com,VE,2022-10-30,Basic,10494.53
7342,Jennifer Bailey,ldalton@example.net,BY,2022-06-07,Basic,8278.19
7343,Karen Rodriguez,vickie83@example.com,BT,2019-12-05,Standard,21575.32
7344,Andrea Allen,jeffreygray@example.net,KP,2024-03-14,Basic,7593.06
7345,Craig Owens,jeremy34@example.net,CV,2020-04-21,Basic,12231.30
7346,Tommy Kelley,lisa66@example.net,BI,2024-12-28,Basic,15665.05
7347,Gary Bell,shannonsamantha@example.net,MV,2022-03-11,Premium,11316.09
7348,Anthony Gonzales,aatkinson@example.org,ES,2018-01-03,Basic,21479.06
7349,Kaitlin Gardner,scastaneda@example.net,YE,2022-11-17,Standard,20401.61
7350,Alan Carter,hernandezcarmen@example.net,LC,2022-09-11,Basic,12379.04
7351,Theresa Orr,alexandercolon@example.net,NP,2022-01-28,Standard,21162.19
7352,Sheena Torres,laura21@example.com,JP,2018-03-30,Premium,1114.87
7353,Marissa Edwards,james86@example.net,KE,2018-02-11,Basic,17871.71
7354,Sarah Barker,contrerasnicole@example.com,CD,2019-02-28,Basic,23995.76
7355,Jacqueline Macdonald,yolanda73@example.net,BI,2019-12-05,Basic,1161.44
7356,Jeff Hayes,hday@example.org,LY,2020-02-02,Premium,22602.96
7357,Angela Banks,veronicaburton@example.org,RO,2021-05-10,Premium,15492.41
7358,Jennifer Larson,longcrystal@example.net,JM,2021-02-18,Standard,13555.35
7359,Kathryn Stanton,dlong@example.net,MD,2018-05-22,Basic,5629.26
7360,Kevin Ortiz,yrodriguez@example.org,GQ,2019-10-05,Standard,23927.96
7361,Heather Perez,carpenterdaniel@example.net,TR,2020-10-09,Premium,4332.83
7362,Lisa Barton,daniel75@example.com,GM,2019-11-19,Premium,8938.02
7363,Diane Ramirez,hwilliams@example.org,TZ,2018-06-16,Premium,20239.69
7364,James French,ryanperry@example.com,QA,2021-09-19,Standard,21337.68
7365,Reginald French,jasonpacheco@example.org,MU,2018-09-01,Premium,15454.79
7366,Vanessa Gonzalez,lhogan@example.com,FI,2020-07-15,Standard,7092.00
7367,Jonathan Jones,paigewilliams@example.com,TH,2018-05-17,Premium,21382.90
7368,Joan Henderson,esparzatammy@example.net,BT,2024-07-07,Basic,20328.98
7369,Misty Harrison,joneschristine@example.net,GH,2024-04-13,Standard,17378.57
7370,Patricia Goodman,gina41@example.com,IS,2020-05-02,Basic,4841.03
7371,John Rodriguez,smithdanielle@example.net,MX,2020-10-02,Premium,21878.68
7372,Christopher Rivera,brendangreen@example.com,PW,2021-04-21,Premium,9852.86
7373,Katrina Ross,christine22@example.org,SZ,2019-10-31,Basic,10668.87
7374,Alicia Cruz,jennifer97@example.net,PG,2018-01-30,Basic,666.31
7375,Brian Nelson,millerdominique@example.org,GE,2024-04-30,Basic,18510.47
7376,Theresa Smith,jkey@example.com,EC,2020-08-02,Premium,3158.14
7377,Jonathan Ramirez,ebutler@example.net,AT,2021-01-08,Standard,2261.65
7378,Regina Vance,lloydcheryl@example.org,CM,2024-07-02,Premium,11108.28
7379,Jeffrey Rodriguez,billyprice@example.com,SD,2021-09-27,Basic,9820.54
7380,Stephen Drake,adkinsemily@example.net,BY,2024-11-10,Basic,15369.70
7381,Jason Gardner,deckerrobert@example.com,ME,2018-08-20,Premium,3566.07
7382,Philip Hernandez,danielsmichelle@example.net,AT,2023-07-27,Standard,4952.20
7383,David Smith,angel96@example.org,UY,2023-05-25,Standard,7724.75
7384,Kari Lee,alyssa14@example.com,AF,2022-03-03,Standard,4001.33
7385,Victoria Hansen,heather40@example.net,PT,2018-03-02,Standard,4556.31
7386,Shannon Schaefer,larry17@example.com,MT,2021-01-03,Basic,2322.67
7387,James Guerra,olopez@example.org,GW,2020-04-12,Standard,8547.45
7388,Catherine Brooks,starkstephanie@example.net,RO,2019-02-05,Basic,3310.98
7389,Angela Gallagher,leahmyers@example.net,MA,2022-06-09,Standard,1900.34
7390,Justin Hernandez,sgregory@example.com,KM,2020-07-27,Premium,12040.44
7391,Brian Walker,sarahbrown@example.org,IR,2020-08-08,Basic,10019.56
7392,Jordan Foster,mmonroe@example.org,US,2022-10-01,Standard,11836.31
7393,Alexandra Anderson,milleranna@example.net,BH,2019-09-12,Basic,21326.18
7394,Caitlin Perez,hubbardsamuel@example.com,MG,2022-06-21,Standard,9577.38
7395,Katherine Lopez,daniel86@example.com,ZA,2019-08-05,Basic,635.12
7396,David Mathis,david19@example.com,TT,2024-12-17,Standard,3011.64
7397,Lori Lopez MD,,AT,2020-07-25,Premium,112.74
7398,Jennifer House,christianashley@example.org,MD,2024-08-26,Premium,16496.12
7399,Anthony Garza,rhaynes@example.net,MV,2023-12-24,Standard,7885.13
7400,Cole Hurley,michaelbeard@example.net,TZ,2019-07-17,Standard,1527.11
7401,Daniel Trujillo,ericksongeorge@example.com,MT,2019-11-12,Basic,2647.37
7402,Penny Jones,brianlittle@example.net,NG,2021-12-20,Basic,5756.79
7403,Tyler Case,foxsamantha@example.org,LV,2021-09-21,Standard,248.33
7404,Joseph Parker,edwardbaker@example.org,FM,2019-01-21,Standard,5247.09
7405,Julie Francis MD,betty57@example.org,SA,2019-07-26,Premium,14547.17
7406,Rachel Mendoza,carolynlyons@example.net,NR,2019-03-07,Standard,5944.07
7407,Tiffany Gilbert,mosleypamela@example.org,ZA,2018-07-22,Basic,21283.81
7408,Thomas Banks,timothywhite@example.com,RS,2023-06-11,Basic,11524.89
7409,John Hughes,fwhite@example.org,CZ,2019-07-27,Standard,11653.44
7410,Eduardo Johnson,robertdavis@example.net,GA,2019-06-04,Standard,17310.60
7411,Daniel Lopez,torresjeremy@example.org,TR,2020-10-26,Premium,3833.14
7412,Robert Villanueva,caseylaurie@example.org,BW,2019-01-18,Basic,13631.40
7413,Michelle Black,jerryolson@example.org,BR,2020-11-07,Basic,19947.38
7414,Joel Bradley,hvelasquez@example.com,PL,2021-08-09,Basic,23294.27
7415,Thomas Dudley,turnermelissa@example.net,PW,2019-03-25,Basic,4508.32
7416,Kathy Johnson,smithsheena@example.net,SZ,2018-01-31,Standard,19291.52
7417,Jeffery Moore,vwalter@example.org,UZ,2023-06-02,Standard,1036.18
7418,Kendra Richardson,john99@example.org,ET,2023-07-12,Basic,9555.10
7419,Erica Parker,perezmichelle@example.com,YE,2024-06-11,Premium,24041.06
7420,Danielle Chambers,lindsey19@example.com,ID,2020-08-18,Premium,14722.79
7421,Christopher Walker,jonathan25@example.net,TH,2024-04-05,Standard,8857.25
7422,Tiffany Mcguire,smithalicia@example.org,ZW,2022-01-06,Basic,23568.90
7423,Jill Barajas,uhill@example.org,BR,2019-11-11,Standard,11681.75
7424,Russell Hartman,zmitchell@example.net,AG,2024-02-02,Basic,7245.90
7425,Joan Taylor,john77@example.com,GW,2022-11-10,Standard,1433.25
7426,Olivia Payne,ibauer@example.org,MN,2023-10-30,Standard,15913.50
7427,Donald Warren,smithsamantha@example.org,NP,2022-01-11,Basic,13182.29
7428,William Meyer,sscott@example.com,TT,2020-02-26,Basic,13537.15
7429,Christina Barnes,drakemonica@example.net,LY,2021-08-06,Basic,10931.08
7430,Angel Roberts,reevesandrew@example.org,ZM,2023-05-12,Premium,10113.27
7431,Donald Wilson,kroberts@example.org,GY,2019-12-06,Premium,18491.40
7432,Jamie Friedman,hornshirley@example.org,CI,2020-12-26,Standard,12056.38
7433,Devon Holmes,frank52@example.com,NE,2024-07-22,Premium,9060.31
7434,Tammy Wilson,bryanespinoza@example.net,KE,2020-06-06,Basic,21872.40
7435,Katherine Gonzalez,townsendtimothy@example.org,LV,2022-03-09,Premium,19643.39
7436,Kristy Harris,tamara59@example.net,ML,2022-05-24,Premium,13886.23
7437,Vanessa Wilson,jeremyberger@example.com,CH,2019-12-09,Premium,21739.41
7438,Susan Gonzalez,isaacperry@example.org,MG,2018-02-05,Premium,13332.09
7439,Jason Crawford,dianecrawford@example.com,RO,2021-12-15,Basic,19895.36
7440,Olivia Parker,gchase@example.net,SY,2022-07-20,Premium,18923.32
7441,Brenda Singleton,bramsey@example.com,NI,2021-05-13,Standard,4302.58
7442,Henry Gross,abigailsmith@example.org,IQ,2022-08-12,Premium,14724.56
7443,Dr. James Figueroa,sarah40@example.com,MX,2020-10-28,Premium,16152.98
7444,Linda Luna,matthewmartin@example.org,MY,2019-01-07,Premium,19822.97
7445,Abigail Garrett,jonesdeborah@example.net,RW,2020-10-03,Standard,2179.74
7446,Matthew Bradley,jessicamora@example.org,MD,2024-05-22,Basic,4375.08
7447,Hector Patterson,seth23@example.net,NP,2018-02-16,Premium,15137.11
7448,Jennifer Williams,gjones@example.org,ZA,2022-09-07,Standard,4256.02
7449,Nicole Braun,dbyrd@example.net,NG,2022-12-22,Premium,3359.47
7450,Theresa Johnson,julie18@example.com,BD,2022-06-21,Premium,6556.91
7451,Johnny Freeman,barry18@example.net,KI,2021-11-04,Premium,24071.83
7452,Sandra Brown,ianbird@example.com,MH,2022-01-19,Standard,4855.13
7453,Thomas Walker,robertpetersen@example.net,AF,2018-10-01,Standard,20898.85
7454,Sherri Walker,monicaluna@example.org,SB,2018-06-11,Premium,17929.41
7455,Mary Cooke,wilsonangela@example.net,TO,2024-11-22,Premium,1247.56
7456,Alexander Graves,smithshawn@example.net,AM,2018-12-12,Basic,5490.15
7457,Martin Miller,omurillo@example.net,NL,2022-02-27,Premium,13468.58
7458,Michelle Bennett,tiffanyrobinson@example.net,IE,2019-12-29,Premium,4008.05
7459,Patrick Zimmerman,gpowell@example.net,LU,2023-03-15,Premium,2171.09
7460,Christina Moody,rlindsey@example.com,SD,2024-08-21,Premium,9558.04
7461,Frederick Powell,tammyabbott@example.org,HU,2018-01-24,Basic,1169.42
7462,Adam Walker,nelsoncory@example.net,NA,2018-03-29,Basic,3589.15
7463,Brittany Mitchell,michaelmcgee@example.org,CL,2023-06-14,Basic,931.80
7464,Madeline Aguirre,watkinsalexander@example.org,CD,2022-06-27,Standard,10005.83
7465,Kevin Anderson,gbeck@example.org,SO,2022-09-09,Premium,11850.04
7466,Matthew Davis MD,pmckenzie@example.org,PG,2022-11-21,Premium,9773.06
7467,Andrew Green,daniellewells@example.com,MA,2020-06-13,Basic,13143.04
7468,David Brooks,michellebell@example.com,NP,2021-12-20,Premium,368.13
7469,Beth Becker,stephen66@example.org,BG,2021-08-26,Premium,11575.72
7470,Elizabeth Meadows,johnstonrobin@example.org,KH,2020-03-29,Standard,10591.48
7471,Brian Perez,woodkenneth@example.net,MN,2022-12-27,Standard,16475.87
7472,Tamara Brown,stephanie96@example.com,NZ,2020-07-02,Basic,2783.10
7473,David Hart,ellen95@example.com,CH,2020-03-22,Standard,2866.65
7474,Kylie Owens,bward@example.org,DK,2024-12-03,Standard,7077.86
7475,Alan Terrell,dennis90@example.com,AR,2019-01-17,Standard,7491.76
7476,Heather Webb,brittneypatrick@example.org,AO,2020-03-30,Basic,2478.54
7477,Patrick Stevens,bobbyturner@example.com,EC,2021-11-30,Standard,22498.20
7478,Joseph Taylor,nunezamy@example.com,PL,2021-03-24,Premium,22884.83
7479,Jose Clark,caldwelljohn@example.com,CZ,2020-03-16,Standard,4466.93
7480,Mitchell Bryant,trevor36@example.net,BJ,2023-04-09,Basic,22368.99
7481,Julie Lane,jason52@example.com,SN,2023-11-14,Standard,11915.22
7482,David Flores,robertbrown@example.org,SY,2022-09-18,Premium,10549.75
7483,Steve Young DVM,angela60@example.com,IN,2020-05-03,Standard,15110.13
7484,Tanya Evans,michaelmorton@example.net,BE,2020-01-08,Basic,24366.95
7485,Megan Riley,kimberlyrivera@example.com,TO,2021-02-10,Standard,20221.30
7486,Ashlee Huber,riceaaron@example.com,FR,2023-04-23,Standard,21458.70
7487,Kelly Cook,adam52@example.net,MW,2019-02-14,Basic,13761.98
7488,John Mathis,stacey68@example.org,KW,2018-03-22,Premium,20897.34
7489,Brent Fox,kyle02@example.com,ML,2023-07-19,Basic,15387.39
7490,Mark Rhodes,buckgregory@example.net,LU,2020-02-13,Premium,7494.49
7491,Mark Patterson,oscarwalker@example.org,DE,2020-01-19,Premium,22055.12
7492,Barbara Adams,karen80@example.net,YE,2021-03-21,Basic,5479.82
7493,Peggy Roberts,fosterjacob@example.com,ZW,2021-06-14,Standard,19287.39
7494,Alicia Henderson,mbuck@example.com,UY,2018-11-15,Standard,4205.46
7495,James Brown,trevor39@example.org,IL,2021-01-05,Standard,10710.02
7496,Mark Lee,lindalee@example.net,YE,2021-10-05,Premium,12524.58
7497,Christine Wolfe DDS,petersdavid@example.org,GM,2022-05-12,Basic,6388.21
7498,Kaitlin Mcfarland,beasleystacey@example.net,SB,2024-05-24,Premium,4137.69
7499,Kristin Mueller,trevinohayley@example.net,PG,2021-04-16,Basic,9243.08
7500,Melissa Butler,gpugh@example.net,SD,2020-07-12,Standard,21051.67
7501,Curtis Gonzalez,hamiltonantonio@example.net,GH,2019-07-15,Standard,13985.30
7502,Joseph Beck,rodriguezroberta@example.org,ML,2018-06-19,Standard,17205.36
7503,Zachary Hall,hmccarty@example.net,SK,2019-12-10,Premium,12892.94
7504,Matthew Robertson,tiffanygriffith@example.org,BW,2020-12-26,Premium,16320.92
7505,Gabrielle Hall,adriana96@example.org,AM,2018-01-14,Basic,8472.59
7506,Clayton Walker,alexdurham@example.net,CR,2023-08-14,Standard,15645.54
7507,Joshua Stein,hbrown@example.com,GT,2021-07-05,Standard,18547.96
7508,Erica Diaz,brandon18@example.org,MA,2021-01-02,Premium,2284.26
7509,Julie Rhodes,fwalls@example.com,DJ,2021-02-14,Premium,8032.18
7510,Jason Phillips,robertwoods@example.net,AD,2024-08-13,Basic,400.09
7511,Lori Lyons,smithbilly@example.net,EE,2018-05-14,Basic,19525.31
7512,Jenna Hill,harrismarc@example.net,QA,2023-05-08,Basic,1941.31
7513,Troy Fox,sherry42@example.com,CZ,2022-10-17,Premium,7618.12
7514,Patrick Davis MD,smithkimberly@example.com,EC,2022-08-09,Basic,2346.58
7515,Jennifer Cruz DVM,qgonzalez@example.org,KP,2020-06-28,Standard,12629.72
7516,Lisa Williamson,wolflisa@example.org,AR,2023-11-11,Standard,6895.18
7517,Christopher Mcintyre,larashane@example.com,AT,2023-02-16,Premium,9904.48
7518,James Beard,elizabeth57@example.net,PW,2022-03-17,Premium,13555.81
7519,Brian Anderson,walter21@example.com,LK,2023-01-23,Basic,24075.47
7520,Richard King,christianmckinney@example.com,BG,2021-12-10,Standard,6410.18
7521,Stacey Mcgrath,khawkins@example.net,BT,2022-08-24,Standard,3284.34
7522,John Kim,swarren@example.net,SV,2022-05-08,Premium,10103.30
7523,Lori Lester,chenpatrick@example.org,FM,2018-10-03,Standard,16478.04
7524,Robin Hayes,christopher55@example.org,UA,2018-12-23,Basic,9319.18
7525,Shane Clark,morrisonadrienne@example.org,GN,2023-10-21,Basic,15223.22
7526,Kayla Bush,reneepayne@example.net,DE,2018-05-18,Premium,3728.82
7527,Eduardo Griffin DDS,kevin46@example.org,KM,2023-05-02,Basic,4173.43
7528,Dean Scott,kyork@example.org,HU,2019-03-27,Premium,19426.77
7529,Adrian Rush,david21@example.net,SM,2021-06-15,Standard,1025.24
7530,Stephen Richards,martinronald@example.net,TJ,2023-02-05,Basic,21031.44
7531,Janet Romero,jesseyoung@example.com,BZ,2024-04-21,Standard,510.85
7532,Matthew Murphy,geraldcortez@example.net,KZ,2020-08-25,Standard,10297.44
7533,Heidi Smith,harrisonamy@example.org,BG,2022-10-21,Premium,8436.52
7534,Sally Chaney,mariaramirez@example.org,RO,2018-05-30,Premium,17647.20
7535,Jorge Carter,henry37@example.com,OM,2022-12-25,Standard,22871.17
7536,Michelle Becker,michelle17@example.org,TW,2024-08-22,Basic,6141.18
7537,Abigail Russell,mary76@example.com,PE,2018-04-21,Standard,12076.17
7538,Tina Watson,fishersarah@example.com,LT,2022-12-08,Basic,5274.76
7539,Tanya Gibbs,kristahughes@example.org,BO,2022-07-16,Standard,17521.08
7540,Jessica Macdonald,toneill@example.com,DJ,2019-05-08,Basic,23325.40
7541,Carrie Leonard,mark19@example.com,MA,2020-01-20,Basic,4585.25
7542,Angela Campbell,natasha18@example.net,AL,2022-08-08,Standard,22780.61
7543,Debra Smith,jessica80@example.net,HR,2021-02-25,Premium,15357.71
7544,Patricia Smith,zhodges@example.net,CD,2023-09-28,Standard,12702.13
7545,Leslie Valencia,ygarza@example.net,NP,2023-09-08,Standard,8227.42
7546,Kenneth Miller,garcianicole@example.org,HR,2023-08-20,Standard,16906.32
7547,Judy Figueroa,seth49@example.net,CL,2018-07-11,Standard,11768.20
7548,John Henderson,ryan09@example.net,NR,2020-04-20,Basic,10367.75
7549,Robert Payne,david68@example.org,AO,2021-06-01,Basic,20330.16
7550,Justin Velazquez,dustin85@example.com,VA,2023-10-11,Basic,15447.93
7551,Antonio Kane,stacy41@example.net,MN,2023-08-26,Standard,24685.29
7552,Jennifer Glover,christopher88@example.net,BW,2018-04-09,Basic,21095.87
7553,Michael Mack,ijoyce@example.com,FR,2021-08-14,Premium,21096.06
7554,William Hansen,darryl49@example.com,NG,2021-05-24,Basic,3451.26
7555,Jimmy Garcia,sduncan@example.org,CU,2019-04-29,Basic,11385.28
7556,William Beltran,tamara68@example.org,VA,2020-12-10,Basic,21411.19
7557,Megan Matthews,steven39@example.com,PL,2022-09-27,Basic,19121.06
7558,Brian Payne,michael22@example.net,IR,2024-02-11,Standard,17069.85
7559,Teresa Thompson,istokes@example.net,GD,2022-12-19,Premium,10178.37
7560,Amanda Medina,jessica60@example.com,AD,2020-04-23,Premium,20973.40
7561,Shelly Mcdowell,kthomas@example.org,CZ,2018-10-13,Standard,19075.15
7562,Travis Bowers,james62@example.org,AF,2024-06-24,Basic,22407.84
7563,Krista Ward,jenniferanderson@example.org,BB,2018-03-02,Standard,4791.45
7564,Joel Cordova,coxbarbara@example.org,AM,2024-07-04,Basic,4432.78
7565,Franklin Allen,nicholas08@example.net,SI,2023-09-16,Basic,2002.30
7566,Mitchell Castro,anneblack@example.com,BF,2024-05-09,Basic,23262.22
7567,Kent Barnes,brandytaylor@example.net,VN,2023-07-03,Premium,14046.31
7568,Susan Giles,nvelez@example.com,MD,2022-09-11,Basic,8071.45
7569,Phyllis Johnson,kari72@example.org,DM,2020-04-15,Premium,11591.26
7570,Kerry Medina,veronicalane@example.net,RU,2023-02-18,Basic,22860.50
7571,Justin Liu,ewilliams@example.com,TL,2018-01-25,Basic,10572.22
7572,Patrick Parks,justin10@example.org,VN,2021-06-15,Basic,6560.36
7573,Roberta Davis,wendyruiz@example.com,AZ,2022-07-18,Basic,7298.42
7574,Cody Blair,dylan09@example.net,GM,2018-05-04,Premium,17949.08
7575,Scott Dickerson,youngjoshua@example.org,PH,2024-08-19,Basic,17174.08
7576,Rodney Patton,nicolerandolph@example.net,KP,2020-08-18,Premium,16864.30
7577,Richard Gibbs,sandrawalsh@example.net,US,2020-08-30,Standard,7562.17
7578,Michelle Stone,larsontrevor@example.net,TG,2024-09-29,Basic,481.94
7579,Rachel Butler,jgreen@example.org,ET,2021-03-02,Standard,19377.19
7580,Joshua Waller,frederick50@example.com,NE,2024-11-05,Standard,11241.03
7581,Joel Huynh,ycarter@example.com,ST,2022-04-08,Basic,4490.81
7582,Rebecca Rocha,michael11@example.com,SV,2024-12-01,Standard,20488.15
7583,Brian Mcbride,jane18@example.org,BZ,2022-12-04,Premium,49.79
7584,Amy Sanders,rileywhite@example.com,TJ,2020-11-24,Basic,13262.55
7585,Christopher Smith,jameschad@example.com,BJ,2021-01-17,Premium,14035.28
7586,Tabitha Anderson,jason95@example.net,KG,2023-10-01,Basic,19394.34
7587,Gregory Graham,kmitchell@example.com,CH,2020-10-01,Premium,17434.37
7588,Tim Thompson,lacey72@example.com,GQ,2018-11-05,Standard,18116.98
7589,Joseph Peters,djohnson@example.com,IQ,2019-04-03,Standard,11786.90
7590,Alan Ramos,jessica71@example.net,VU,2018-01-23,Standard,15850.44
7591,Jeffrey Woods,holly14@example.org,BW,2021-01-15,Basic,5544.85
7592,Alexander Douglas,boyertammy@example.net,MU,2019-04-12,Standard,22075.70
7593,Linda Petersen,simpsonjames@example.org,TM,2023-12-02,Basic,21592.44
7594,Joel Jefferson,jessicathomas@example.com,BG,2018-08-01,Premium,9490.34
7595,Steven Wade,davidanderson@example.net,PA,2020-10-31,Basic,23025.20
7596,Olivia Fisher,brandon04@example.net,MA,2019-08-05,Basic,12775.06
7597,Samantha Baker,jeffrey45@example.com,KP,2021-09-07,Premium,4992.83
7598,James Munoz,cervantesbobby@example.org,CU,2023-01-13,Premium,2860.94
7599,Amanda Clark,mharvey@example.com,KW,2018-08-11,Basic,24433.16
7600,Julia Barnes,fkeller@example.com,MY,2022-08-16,Basic,7458.60
7601,Regina Brandt,robinsonjacqueline@example.org,MX,2023-01-02,Premium,5089.68
7602,Pamela Mueller,regina32@example.com,CV,2023-10-03,Basic,13485.53
7603,Jay Miles,james24@example.net,JO,2023-10-22,Basic,22456.35
7604,Brandi Torres,smithjustin@example.net,FI,2018-09-26,Standard,3983.35
7605,Marc Copeland,megan19@example.net,FI,2019-09-08,Basic,4140.11
7606,Bernard Carter,morriselizabeth@example.net,GT,2022-08-26,Basic,4346.33
7607,Mr. Manuel Ray,johnsonstephen@example.net,GM,2021-04-27,Standard,21061.18
7608,Anna Daniels,lhoward@example.com,BH,2021-08-29,Premium,16512.83
7609,Tina Duarte,rebecca51@example.org,NR,2018-03-20,Standard,3682.63
7610,Amanda Swanson,gregory20@example.net,GD,2023-09-11,Basic,14486.34
7611,Laurie Smith,vickigarcia@example.net,BY,2021-10-20,Basic,4596.27
7612,Thomas Kelly,ashley24@example.org,UZ,2023-03-28,Basic,6890.25
7613,Ashley Myers,regina36@example.org,CL,2018-11-05,Standard,13495.92
7614,Ashley Ruiz,harrisamy@example.net,HU,2022-09-29,Basic,17135.57
7615,Henry Medina,harrisoneric@example.org,TD,2024-09-22,Standard,21464.49
7616,Benjamin Flowers,baxtercory@example.com,NE,2019-12-04,Standard,10153.61
7617,Tiffany Gray,snydertimothy@example.org,CM,2019-06-27,Premium,13936.73
7618,Joshua Gallagher,michael35@example.com,YE,2023-12-13,Premium,21016.80
7619,Jennifer Murray,gonzalezdaniel@example.org,FR,2020-09-10,Basic,3001.17
7620,Rhonda Jones,kylescott@example.net,MU,2018-08-21,Basic,18935.25
7621,James Clayton,choisandra@example.com,EE,2019-12-19,Standard,4865.46
7622,Darrell Hill,alexis60@example.org,JP,2020-12-19,Standard,6733.09
7623,Brian Anderson,jennifer84@example.net,TH,2021-08-28,Basic,9537.13
7624,Timothy Watson,ronaldbrown@example.com,KE,2020-01-24,Basic,6327.04
7625,Tammy Jefferson,mikeclark@example.net,HN,2023-11-08,Basic,20533.01
7626,Susan Hill,gbell@example.org,GQ,2023-06-08,Premium,2030.57
7627,Matthew Hughes,matthewmurphy@example.net,LK,2018-02-14,Basic,18659.47
7628,Jeffery Reese,mdavis@example.net,LV,2019-08-08,Standard,4057.66
7629,Katelyn Smith,adam30@example.net,LK,2022-03-12,Premium,10195.55
7630,Karen Anderson,stephanie85@example.com,HU,2018-03-18,Basic,2250.62
7631,Jared Lee,katherineyang@example.net,EE,2019-10-02,Premium,11463.23
7632,Jennifer Harris,fcook@example.org,CL,2020-10-15,Premium,4565.99
7633,Catherine Mitchell,cathy39@example.org,TN,2020-12-26,Basic,11283.73
7634,Steven Duke,reneepatel@example.net,CL,2018-08-29,Premium,15251.12
7635,Stacey Richardson,dsmith@example.org,TH,2023-01-13,Premium,3296.48
7636,Diane Stevens,cruzamy@example.org,GY,2021-04-17,Premium,9385.82
7637,Joseph Villa,josephreese@example.org,HT,2019-06-29,Basic,7708.47
7638,Patricia Sullivan,jason93@example.net,GR,2021-12-12,Standard,5557.65
7639,Rose Salinas,sjohnson@example.org,NO,2022-10-07,Standard,12530.80
7640,Michael Hall,greenebrenda@example.com,MC,2018-11-21,Basic,13319.71
7641,Melissa Ruiz,kristy56@example.net,KZ,2022-12-06,Standard,19472.11
7642,Alexis Lee,banksmary@example.net,NG,2021-02-14,Basic,406.71
7643,Samantha Ward,thomasmckenzie@example.com,SI,2020-09-22,Standard,20676.73
7644,Mark Obrien,sphillips@example.net,CO,2021-01-19,Basic,13669.61
7645,Calvin Quinn,cassandra19@example.net,TZ,2019-05-02,Standard,21856.96
7646,Ronald Perez,kyle77@example.org,TT,2024-05-23,Standard,24951.94
7647,Joshua Bright,bradley14@example.com,MC,2020-10-15,Basic,9235.97
7648,Christopher Gonzalez,william82@example.net,HR,2022-06-27,Standard,3806.75
7649,Melissa Herman,stephaniedudley@example.net,SD,2020-03-20,Premium,5770.53
7650,Deborah Nguyen,braysara@example.net,TM,2018-06-07,Standard,10080.80
7651,Christopher Fields,worr@example.net,KP,2023-03-14,Basic,19386.57
7652,Tara Rubio,petermartinez@example.net,GM,2023-12-07,Standard,7092.60
7653,Julie Turner,fletcherjames@example.com,CM,2018-10-29,Premium,9320.83
7654,Carla Johnson,danielhuber@example.org,GN,2021-06-25,Basic,20414.92
7655,Victoria Robertson,teresaho@example.net,KM,2019-12-15,Premium,18712.37
7656,William Guerrero,deanmeredith@example.net,NR,2020-11-16,Premium,15120.80
7657,Michaela Brooks,anthony58@example.net,PT,2022-05-04,Premium,4144.64
7658,Robert Cox,tylerashley@example.net,VU,2022-08-10,Basic,15497.06
7659,Kelly Edwards,eric29@example.org,VA,2018-02-15,Standard,10423.82
7660,Richard White,michael55@example.com,CR,2018-10-25,Standard,23715.69
7661,Andrew Phillips,ymahoney@example.net,CG,2024-05-20,Basic,10204.54
7662,Jonathan Barker,pwest@example.net,MM,2020-02-14,Standard,9423.88
7663,Melissa Bryant,jfrancis@example.org,BF,2024-08-13,Basic,16432.61
7664,Benjamin Miller,tammy57@example.com,ET,2019-09-25,Basic,22870.33
7665,Stephen Banks,longrobert@example.org,MG,2024-10-06,Basic,13704.04
7666,Madison Monroe,laura63@example.com,JM,2020-06-01,Standard,18787.39
7667,Amber Day,robertsanchez@example.net,NP,2023-05-10,Standard,13899.45
7668,Amy Cruz,rcarey@example.com,LT,2023-03-16,Basic,12385.81
7669,Deanna Mccarty,jeremy18@example.net,TG,2024-11-07,Premium,9304.22
7670,Joshua White,steventanner@example.org,AG,2022-11-12,Premium,7527.70
7671,Edward Smith,michelle82@example.net,PG,2020-10-08,Standard,13129.80
7672,David Davis,chapmanjoseph@example.net,MD,2018-07-20,Basic,23688.18
7673,Deanna Smith,munozbrandon@example.com,HR,2020-10-27,Basic,20327.46
7674,Amber Sanford DDS,bowmanerin@example.org,JO,2019-01-27,Standard,5003.55
7675,Ashley Nguyen,connie24@example.net,AT,2023-12-03,Basic,4739.98
7676,Theresa Castro,briancox@example.org,CI,2024-09-21,Premium,3868.95
7677,Alvin Palmer,brookelee@example.org,NZ,2019-06-01,Standard,246.09
7678,Erica Mcdaniel,gomezdavid@example.org,IN,2018-01-19,Premium,7239.82
7679,Randy Decker,strongmichele@example.com,MV,2018-07-23,Basic,24472.22
7680,John Sandoval,cruzalejandro@example.org,LV,2023-03-26,Standard,3669.85
7681,Amy Barnes,kellychristopher@example.org,EE,2024-12-01,Basic,18674.82
7682,Desiree Carey,hopkinsjessica@example.org,PH,2018-10-03,Standard,18529.78
7683,Denise Barr,manuelgarcia@example.org,SZ,2020-07-18,Premium,21767.88
7684,Earl Rodriguez,eric41@example.org,HU,2024-04-29,Premium,5443.18
7685,Angela Johns,taylorjessica@example.net,CR,2019-04-30,Premium,5103.13
7686,Janice Ryan,,GY,2024-06-12,Standard,8034.93
7687,Sarah Barber,ifrench@example.com,NE,2024-02-05,Standard,3309.88
7688,Timothy Costa,mark68@example.net,IS,2024-08-19,Basic,13503.65
7689,Tyler Christian,harveytravis@example.net,TZ,2021-09-02,Basic,9593.61
7690,Keith White,brookeking@example.com,KH,2019-10-17,Basic,19647.61
7691,Lisa Jensen,fordheather@example.com,LS,2019-07-09,Standard,22714.77
7692,Ronald Baker,mossgary@example.org,BG,2021-09-11,Basic,24240.52
7693,Dr. Brian Ferrell,diana50@example.net,GQ,2019-09-12,Premium,12964.75
7694,Kristi Smith,murillowilliam@example.com,NE,2020-08-14,Standard,20791.27
7695,Zoe Johnson,gloverpaula@example.net,US,2018-05-07,Basic,23312.20
7696,Melissa Campos,hrice@example.org,BD,2022-10-14,Standard,15215.78
7697,Aaron Pena,joshua44@example.com,GT,2019-02-24,Basic,23581.93
7698,Sarah Anderson,fharrison@example.net,BI,2024-04-07,Basic,10016.97
7699,Rachel Jones,smithjoseph@example.net,LA,2024-05-17,Basic,23030.42
7700,Bonnie Gomez,chadpeterson@example.org,KG,2018-05-20,Basic,24693.43
7701,Carrie Humphrey,hornadam@example.net,SR,2022-02-24,Standard,13348.70
7702,Marissa Sellers,yevans@example.org,KP,2018-01-18,Premium,11846.45
7703,Steven Martin,williamnguyen@example.com,TT,2022-02-01,Premium,15698.69
7704,Melinda Miller,anne54@example.net,TH,2018-01-12,Standard,15392.18
7705,Andrew Velazquez,douglasbutler@example.net,BN,2022-08-03,Premium,23411.18
7706,Veronica Bowen,sethruiz@example.org,BT,2022-10-30,Basic,8330.14
7707,Ricky Meyers,hannah37@example.net,LB,2023-05-22,Premium,18942.39
7708,Lauren Clark,danny51@example.net,KE,2021-04-04,Premium,7740.50
7709,Amanda Smith,sandra67@example.org,GT,2021-06-12,Standard,6440.69
7710,Patricia Hess,garciatanya@example.org,BY,2019-11-01,Standard,5638.46
7711,Nicole Williams,wwyatt@example.net,AU,2018-10-25,Basic,4854.28
7712,William Lane,patricia87@example.org,ID,2024-12-09,Standard,21260.51
7713,Daniel Kim,tsullivan@example.com,QA,2019-02-02,Premium,1295.75
7714,Bonnie Brooks,briana60@example.com,AF,2023-07-01,Standard,4911.23
7715,Mark Lewis,ncombs@example.net,AT,2019-11-26,Premium,12408.23
7716,Bruce Moore,vphelps@example.com,EG,2021-12-03,Premium,5643.89
7717,Megan Hughes,timbaker@example.net,TM,2018-12-19,Basic,19044.88
7718,Martha Baker,vweaver@example.net,JP,2020-01-05,Premium,3665.32
7719,Rodney Mccoy,hosborn@example.net,LS,2021-09-28,Basic,18605.27
7720,Valerie Franklin,traceyjones@example.org,SV,2024-07-19,Basic,18055.84
7721,Natalie Lopez,morsekenneth@example.org,QA,2024-08-16,Premium,12890.91
7722,Whitney Evans,robert50@example.com,KR,2020-03-03,Premium,11490.55
7723,David Gates,gail41@example.com,GM,2020-02-17,Standard,18294.06
7724,Nathaniel Moran,state@example.org,RU,2021-04-18,Standard,6876.54
7725,Antonio Robinson,scottmary@example.com,IQ,2023-01-12,Standard,13748.75
7726,Audrey Goodman,simmonsmorgan@example.com,AO,2018-01-01,Standard,12334.56
7727,Michael Mason,robert02@example.net,TJ,2018-04-16,Standard,18744.81
7728,Anne Jimenez,gonzalesdonald@example.org,BH,2023-12-30,Standard,21650.03
7729,David Nixon,jpitts@example.org,MU,2020-07-12,Standard,24661.13
7730,Jessica Kaiser,ogalvan@example.com,VN,2018-01-22,Basic,20923.52
7731,Scott Horton,fbeltran@example.net,LR,2022-08-21,Standard,1905.41
7732,Amanda Watson,katherine91@example.net,JP,2024-10-27,Premium,19660.69
7733,Hayley Kim,lfrench@example.org,CG,2018-05-20,Basic,13934.08
7734,Austin Morrison,donald17@example.org,SG,2022-01-03,Premium,12083.03
7735,Antonio Richards,michelereeves@example.com,CU,2020-09-05,Basic,4161.47
7736,Yvette Ingram,amber54@example.com,BR,2024-01-14,Basic,8677.83
7737,Cesar Nguyen,haynesjanet@example.org,ID,2021-01-02,Standard,9588.17
7738,Ann Smith,torrestanya@example.org,MV,2020-11-13,Premium,15125.46
7739,Veronica May,qbradley@example.com,HN,2018-10-28,Basic,19869.65
7740,Maria Morrison,adrianhawkins@example.org,SO,2023-09-16,Premium,8607.83
7741,Mr. Thomas Smith DVM,edavis@example.org,NZ,2024-02-09,Basic,1976.34
7742,Susan Warner,julia16@example.org,SM,2019-01-26,Standard,22379.94
7743,Michelle Berry,bnguyen@example.com,CG,2023-01-25,Standard,6781.21
7744,Alan Jones,hoffmanangie@example.org,GT,2024-12-11,Standard,16726.92
7745,Elizabeth Reeves,llucas@example.com,BI,2020-10-16,Basic,16660.14
7746,Peter Keller,hgolden@example.net,GD,2022-06-20,Premium,16165.31
7747,Eric Murphy,carlmiller@example.net,YE,2023-04-21,Premium,1264.46
7748,Rachel Lewis,lisalloyd@example.net,PA,2018-02-16,Basic,6145.75
7749,Tracey Howard,vperez@example.com,MN,2018-02-21,Basic,7787.06
7750,Patrick Vaughn,dawn08@example.net,KP,2021-06-30,Premium,13489.41
7751,Andre Martinez,chelsea40@example.org,SA,2018-03-17,Premium,15105.17
7752,Kevin Benson,tinaeverett@example.net,SG,2024-02-15,Premium,4455.28
7753,Vanessa Dennis,eric25@example.com,JP,2024-01-20,Premium,17024.32
7754,Lisa Scott,garypeterson@example.org,IL,2024-08-07,Standard,9841.41
7755,David Myers,dylanibarra@example.net,NR,2019-10-19,Basic,18284.62
7756,Cynthia Navarro,alexpatterson@example.net,GT,2020-09-04,Basic,9293.67
7757,Caleb Douglas,,NL,2024-02-07,Basic,9983.50
7758,Michael Brown,juliamartinez@example.org,SZ,2021-02-15,Basic,24302.55
7759,Molly Thompson,charleswilson@example.org,SI,2018-03-28,Basic,11120.40
7760,Theresa Dunn,romerobrenda@example.org,GN,2024-01-23,Premium,3788.79
7761,Kyle Morrow,zacharybanks@example.org,ZM,2021-08-10,Premium,15202.01
7762,Kristina Gay,bshort@example.org,AM,2021-10-16,Premium,24270.65
7763,Samantha Dixon,gardnerjoseph@example.org,LB,2022-04-15,Standard,17301.23
7764,Maria Cowan,iwhite@example.org,MN,2024-09-24,Premium,21673.79
7765,Kristina Cox,ltucker@example.com,SC,2020-08-27,Standard,18020.82
7766,Jason Simpson,whitejustin@example.com,IR,2019-06-26,Premium,1387.34
7767,Curtis Cooper,rnelson@example.org,FM,2020-02-17,Basic,24636.34
7768,Phyllis Lopez,jjohnson@example.net,BB,2021-05-13,Standard,21250.11
7769,Susan Scott,lauramcfarland@example.net,IN,2023-08-23,Basic,22500.07
7770,Kristen Davis,khughes@example.net,GE,2022-11-05,Standard,1064.29
7771,Cheryl Nunez,rogerscindy@example.com,SE,2024-10-14,Basic,12074.20
7772,Michael Le,nelsonkimberly@example.com,SO,2018-06-24,Basic,4204.69
7773,Stacy Richmond,john79@example.org,CF,2019-04-27,Basic,17482.29
7774,Susan Lee,melvin70@example.net,SV,2019-01-15,Basic,20977.39
7775,Thomas Howard,frussell@example.net,JP,2021-03-01,Premium,1971.52
7776,Jeff Brooks,sarah08@example.net,UZ,2020-03-28,Basic,21403.97
7777,Michelle Ruiz,webbpatrick@example.org,IE,2019-08-18,Standard,9464.31
7778,Teresa Jackson,margaretmorgan@example.net,NI,2019-01-30,Standard,13427.85
7779,Thomas Meyer,glenn95@example.org,UG,2024-03-17,Standard,14021.93
7780,Donna Graham,amanda48@example.net,ME,2021-11-05,Premium,20008.56
7781,Jennifer Farmer,simpsonmarcus@example.net,KW,2020-09-14,Premium,16453.49
7782,Joseph Anderson,laurageorge@example.net,AL,2019-04-02,Basic,16404.94
7783,Susan Carpenter,ohahn@example.net,BE,2018-05-13,Standard,24854.87
7784,Henry Gilbert,marshalljoshua@example.com,ID,2019-10-13,Premium,452.24
7785,Edward Smith,vbrown@example.com,AT,2020-07-14,Basic,22624.60
7786,William Underwood,jamesdickson@example.com,GT,2018-01-29,Standard,11935.18
7787,Vicki Harrison,theresatucker@example.com,VU,2021-01-21,Standard,17779.20
7788,Melissa Davis,jimmy40@example.org,MX,2021-04-28,Standard,18160.24
7789,Samantha Williams,julie52@example.com,GE,2018-08-21,Basic,16972.40
7790,Christine Miller,ypark@example.net,MA,2019-07-18,Basic,22385.00
7791,Gabrielle Wells,robert05@example.com,CR,2018-11-24,Standard,18767.88
7792,Michael Davis,glong@example.org,PW,2021-03-30,Standard,18647.45
7793,Darrell Turner,deleonamy@example.com,TM,2024-12-04,Basic,8473.96
7794,Mitchell Sharp,dunncharles@example.net,FM,2020-09-25,Basic,6807.48
7795,Julie Lucas,hamptonkaren@example.net,IR,2023-06-14,Standard,24945.05
7796,Natalie Castro,stevenhale@example.com,GE,2019-06-26,Standard,4495.05
7797,Deborah Hall,igross@example.net,SM,2021-08-31,Basic,18973.60
7798,Joshua Gonzalez,thomas37@example.com,LT,2022-03-20,Premium,9082.55
7799,Eric Schwartz,qlopez@example.net,CH,2018-02-25,Premium,18726.01
7800,Thomas Martinez,ramosdavid@example.org,NO,2018-10-29,Basic,13365.51
7801,Brian Thomas,riverajoseph@example.org,GN,2018-03-09,Premium,9349.26
7802,Kevin Vargas,bbeck@example.com,GD,2024-03-25,Standard,148.44
7803,Ronnie Rogers,edwardrichardson@example.org,MZ,2022-05-10,Basic,10032.12
7804,Steve Ellis,katherine48@example.com,AZ,2021-09-16,Premium,9834.27
7805,Diane Jones,braykirsten@example.net,TR,2018-06-20,Standard,9895.24
7806,Mr. Joseph Stevens,jonesashley@example.net,NI,2022-11-13,Premium,9274.11
7807,Valerie Mcdaniel,lynnknight@example.org,SA,2019-06-14,Basic,13272.55
7808,Megan Lee,parrishjanet@example.com,TT,2018-12-26,Basic,15832.18
7809,Amanda Horn,ifitzgerald@example.net,ZM,2020-12-25,Premium,15596.11
7810,Alan Hopkins,staceylyons@example.net,BN,2024-08-04,Premium,273.72
7811,Ashley Sherman,rsuarez@example.org,SD,2020-06-05,Basic,1095.04
7812,Angela Cook,jennifermann@example.com,MY,2019-04-30,Premium,1467.56
7813,Dr. Timothy Jenkins,jessicafranco@example.org,BA,2020-08-29,Basic,720.31
7814,Erin Diaz,howens@example.net,HR,2022-02-03,Premium,582.64
7815,Shane Kirby,waltonpatricia@example.net,LS,2020-12-10,Standard,3951.99
7816,Dustin Smith,amandahudson@example.org,GR,2020-03-30,Standard,18924.40
7817,Zachary Stanley,schmittmichelle@example.net,JM,2024-05-17,Standard,17402.85
7818,Jonathan Palmer,sanchezjennifer@example.org,KM,2022-02-10,Premium,21436.70
7819,Christopher Arnold,margaret96@example.net,NL,2024-06-11,Basic,20609.50
7820,Daniel Mcdaniel,jesus75@example.org,EE,2022-05-27,Premium,1238.47
7821,Alexandra Taylor,laura80@example.com,MV,2023-12-25,Standard,1074.95
7822,Thomas Hernandez,opearson@example.org,BA,2023-03-14,Standard,22930.79
7823,Melissa Young,stevenwalter@example.org,BH,2023-07-13,Standard,16539.66
7824,Eric Jensen,jramirez@example.net,HT,2020-11-21,Standard,24537.06
7825,Sarah Nguyen,gonzalesbrenda@example.org,PS,2024-08-15,Premium,1096.12
7826,Michael Cross,dominiquesolis@example.com,IQ,2021-03-16,Basic,13920.92
7827,Michelle Martinez,burtonmegan@example.org,SG,2024-10-13,Standard,17337.14
7828,Matthew Tucker,david36@example.com,AD,2021-09-11,Premium,12844.87
7829,Sierra Hill,brooksdaniel@example.org,SE,2019-05-25,Basic,407.25
7830,Christopher Rodriguez,julieray@example.org,BO,2024-04-17,Premium,17959.16
7831,David Lee,jennifermolina@example.org,GM,2024-09-04,Standard,8696.52
7832,Marcia Taylor,sara81@example.com,ER,2021-12-06,Basic,5284.03
7833,Evan Jackson Jr.,kimberly91@example.com,BW,2021-03-05,Standard,9953.42
7834,Philip Greene,jeffrey21@example.org,LS,2022-07-22,Premium,21673.90
7835,Kathryn Phillips,lisachase@example.net,SR,2024-09-11,Basic,9274.87
7836,Edward Delgado,cynthiapittman@example.net,TD,2019-05-21,Standard,15413.28
7837,Elizabeth Mccarthy,yacevedo@example.net,BT,2018-08-03,Standard,17485.28
7838,Mr. Matthew Wheeler,rodriguezjoshua@example.org,ES,2022-04-06,Premium,5868.34
7839,Jeffrey Griffin,millerkelly@example.org,KI,2022-07-31,Premium,20271.50
7840,Stephanie Castro,lisarussell@example.net,MG,2019-07-26,Standard,13544.02
7841,Charles Garrett,jensenjacob@example.org,MA,2018-05-05,Standard,262.13
7842,Jeffrey Richardson DDS,chelseaanderson@example.net,ZA,2023-01-13,Basic,3856.58
7843,Amber Lutz,nicholas67@example.net,VC,2022-09-23,Standard,400.89
7844,Philip Wallace,englishdouglas@example.net,KR,2020-03-16,Standard,19994.42
7845,Michele Davis,baileybarbara@example.org,LI,2018-09-15,Standard,12599.20
7846,Danielle Burgess,kelsey97@example.org,PK,2018-04-22,Premium,9361.47
7847,Alexis Hawkins,bmaynard@example.org,TR,2020-03-26,Basic,109.20
7848,Timothy Brown,lorithomas@example.net,LY,2022-12-13,Premium,16984.77
7849,Derrick Thomas,pattersonpeter@example.net,KM,2019-01-05,Standard,12426.26
7850,Michael Garcia,igoodman@example.org,LV,2019-01-20,Standard,10581.17
7851,Deborah Wilson,russellkelly@example.net,AE,2021-11-21,Basic,11000.94
7852,Charlene Gonzales,campbellthomas@example.org,LV,2018-09-11,Standard,3223.71
7853,Jessica Salazar,ebyrd@example.org,TT,2020-11-13,Standard,1876.33
7854,James Palmer,madison34@example.com,GR,2020-10-01,Basic,8159.93
7855,Edward Clark,robertchavez@example.net,CF,2022-12-17,Basic,6633.71
7856,Bruce Zavala,reneedunlap@example.net,LV,2022-03-18,Standard,18298.07
7857,Amanda Cox,matthew80@example.org,IL,2022-02-05,Premium,2426.85
7858,Glen Aguirre,nkelly@example.com,BR,2021-08-03,Basic,23474.23
7859,Kaitlin Scott,kimberlytownsend@example.org,ID,2023-03-31,Basic,1360.36
7860,Elizabeth Zimmerman DDS,michelle92@example.net,AM,2023-03-01,Premium,14316.74
7861,Diana Diaz,whitealicia@example.org,BZ,2018-11-24,Basic,23310.15
7862,Stacy Hudson,sarah94@example.com,CO,2024-06-15,Basic,9946.49
7863,Jose Taylor,elizabeth74@example.org,OM,2021-05-15,Basic,10115.39
7864,Susan Wu,afigueroa@example.com,VE,2020-05-29,Standard,8252.44
7865,Samantha Peterson,teresa86@example.net,JM,2019-05-20,Basic,5876.29
7866,Jeffrey Payne,williamhull@example.org,WS,2021-08-13,Basic,15181.83
7867,Michelle Elliott MD,patrick31@example.org,NZ,2020-12-16,Basic,16763.82
7868,Jamie Poole,peter63@example.org,BE,2023-02-28,Standard,13673.47
7869,Elizabeth Shelton,jamescarpenter@example.org,BR,2018-01-29,Standard,17166.62
7870,Rodney Smith,mary56@example.net,JO,2018-07-21,Premium,24264.23
7871,Deborah Price,vbright@example.net,CY,2023-05-13,Standard,20032.22
7872,Christie Shelton,xburnett@example.com,PK,2018-12-30,Basic,6633.98
7873,Brian Long,xknapp@example.com,LA,2018-01-25,Basic,2506.54
7874,Ethan Ford,alexander33@example.com,MK,2020-01-31,Premium,638.34
7875,James West,brownashley@example.com,PK,2022-01-14,Standard,12221.72
7876,Linda Gilbert,juanrichards@example.com,DE,2020-06-07,Premium,21257.72
7877,Drew Henderson,wesleystewart@example.com,NI,2019-08-12,Basic,17661.70
7878,Joseph Kidd,scott41@example.com,LK,2023-05-17,Premium,19653.35
7879,Michael Perry,wilsonstephanie@example.net,NO,2019-06-30,Premium,14138.06
7880,Raymond Williams,justinbolton@example.org,GA,2022-07-17,Standard,6476.91
7881,Joshua Vazquez,pattersonjodi@example.net,HR,2020-02-02,Basic,23038.98
7882,Eric Le,burtonphilip@example.net,KR,2021-08-12,Premium,19077.16
7883,Julian Castaneda,,AR,2022-06-06,Standard,9401.55
7884,James Koch,nicoleanderson@example.com,NA,2024-08-28,Basic,4670.79
7885,Jonathan Sexton,christopherwalker@example.com,AE,2019-11-09,Standard,11834.94
7886,Veronica Barnes,zoebrown@example.net,BD,2020-08-27,Basic,23326.30
7887,Stephanie Jimenez,ytodd@example.net,FI,2019-10-16,Premium,18023.25
7888,Micheal Jenkins,stephen66@example.com,MD,2021-10-17,Basic,3517.28
7889,Wanda Harrison,butleranthony@example.org,DJ,2019-07-14,Premium,17150.26
7890,Travis Hopkins,lisascott@example.net,MA,2018-03-30,Basic,2348.02
7891,Timothy Acosta,josephbaker@example.org,PH,2018-01-01,Premium,10582.00
7892,Joshua Kerr,zdavis@example.net,ZW,2020-02-13,Premium,19028.63
7893,Kenneth Conway,samantha78@example.org,TJ,2019-12-19,Basic,6972.51
7894,Joseph Juarez,ocooley@example.net,GY,2019-07-21,Premium,24038.18
7895,Heather Duran,msmith@example.org,KH,2023-07-20,Basic,1765.05
7896,Miss Kim Murphy,amycruz@example.com,TN,2024-08-17,Basic,3733.77
7897,Clayton Gamble,robert91@example.org,BB,2024-10-26,Premium,19992.39
7898,Alexis Daniels,hbaxter@example.com,GH,2023-06-03,Standard,20496.96
7899,Mary Johnson,brian44@example.org,MW,2018-12-11,Standard,21068.53
7900,Jared May,harrisadam@example.org,LR,2021-11-02,Premium,22417.48
7901,Gregory Berry,zdavis@example.org,JP,2018-08-24,Standard,8090.19
7902,Rachel Robertson,edwardsdenise@example.com,KZ,2024-05-17,Basic,15233.80
7903,Michelle Washington,kimberly02@example.com,UA,2018-10-12,Premium,13777.85
7904,Joe Serrano,stephenbarker@example.com,SV,2020-06-24,Premium,736.36
7905,Scott Baker,matthew89@example.org,LV,2022-05-31,Standard,24617.03
7906,Jessica Burnett,nixonbrittany@example.net,LI,2020-05-24,Basic,3868.14
7907,Benjamin Ramirez,laura78@example.org,KE,2022-11-07,Basic,18117.66
7908,Mark Coleman,wlewis@example.org,CU,2019-09-09,Premium,12319.08
7909,Angela Gonzalez,bwilliamson@example.org,BT,2023-03-30,Standard,5458.60
7910,Dana Webster,victoriacastro@example.com,MY,2018-11-05,Standard,22167.57
7911,Danielle Duncan,seth01@example.com,GD,2023-09-05,Basic,24002.26
7912,Michael Nelson,carneyross@example.net,EE,2022-06-20,Standard,23214.49
7913,Frank Lopez,joselee@example.com,PE,2023-05-13,Premium,23137.83
7914,Robert Smith,tony92@example.org,GN,2022-12-20,Premium,5183.38
7915,Jessica James,alyssahayes@example.org,TL,2022-01-20,Premium,5951.01
7916,Joann Thomas,mitchell45@example.org,CL,2018-05-22,Standard,15359.07
7917,Amber Sanders,woodsalexis@example.net,TR,2019-11-26,Basic,12585.58
7918,Joshua Graham,joseph59@example.org,IT,2021-05-31,Premium,15754.36
7919,Matthew Vasquez,russellemily@example.com,CF,2018-12-14,Basic,20602.29
7920,Jessica Sanchez,russellsusan@example.org,GB,2023-04-22,Basic,7437.78
7921,Angela Sanchez,jasonwhite@example.org,GT,2018-08-08,Premium,22445.17
7922,Kathleen Simmons,scott08@example.org,NG,2021-01-11,Premium,16884.94
7923,Amanda Cooper,jennynelson@example.org,BD,2022-11-15,Standard,19537.53
7924,Jordan Bishop,hillkelly@example.net,LS,2022-02-11,Basic,4175.11
7925,Susan Fuller,jfox@example.net,GR,2023-02-01,Standard,3443.00
7926,Angel Brown,kristine67@example.net,LY,2024-05-20,Premium,21046.43
7927,Cynthia Kaufman,paul76@example.net,MZ,2022-10-27,Premium,344.84
7928,Lisa Brown,singhjason@example.org,GY,2018-06-13,Premium,17664.71
7929,Tina Norton,melanie43@example.net,HR,2020-02-21,Basic,16558.99
7930,Joseph Phelps,kimberly42@example.net,HN,2022-01-01,Basic,21173.74
7931,Jose Clements,george09@example.com,HT,2022-07-11,Standard,23646.61
7932,Amanda Parsons,lwilkinson@example.net,ZA,2018-10-18,Standard,14341.91
7933,Jorge Dixon,wileyadriana@example.com,BE,2020-12-30,Standard,14875.32
7934,Alyssa Baldwin,krystal39@example.org,KM,2024-07-29,Premium,2612.18
7935,Leslie Harrell,whayes@example.com,AG,2020-06-10,Basic,17474.57
7936,Shannon Padilla,timothylawrence@example.org,UY,2024-05-26,Basic,12110.13
7937,Dr. Gabriela Doyle,crystal38@example.net,AG,2024-06-10,Basic,17701.69
7938,Holly Spears,chall@example.net,BR,2024-09-16,Premium,6442.19
7939,Melissa Simpson,scottlisa@example.com,CF,2023-09-04,Standard,859.54
7940,Victoria Brown,john29@example.org,MN,2024-12-15,Standard,20346.69
7941,Terry Carpenter,ashley18@example.net,FR,2018-02-28,Standard,14930.38
7942,Michael Reed,hprice@example.com,US,2020-04-30,Premium,20588.65
7943,Rebekah Jones,megan65@example.net,SB,2022-11-23,Standard,5411.96
7944,Brian Porter,xhines@example.net,VC,2019-06-24,Basic,5560.79
7945,Gabriel Jenkins,robertthompson@example.com,NO,2024-08-15,Standard,22329.71
7946,Thomas White,rebecca78@example.net,NI,2019-02-20,Premium,2521.11
7947,David Castillo,dbarnes@example.org,NP,2024-02-23,Basic,17597.22
7948,Alyssa Mccall,rodriguezerica@example.org,IS,2023-12-26,Basic,1865.75
7949,Jeffrey Howard,timothy98@example.com,IN,2019-03-04,Standard,15397.95
7950,Ashley Gregory,georgerobert@example.org,FM,2024-04-22,Standard,5699.46
7951,Patrick David,dixonruth@example.com,CG,2018-03-08,Premium,17495.08
7952,Kevin Smith,jamesvaughn@example.net,AO,2020-01-18,Basic,11260.75
7953,Michael Sanchez,lbuchanan@example.org,IR,2019-11-01,Premium,22740.48
7954,Theodore Burns,susan11@example.com,CR,2024-08-20,Basic,17579.98
7955,James Garner,gpugh@example.com,BN,2021-05-30,Standard,7504.28
7956,Michael Braun,howens@example.com,FR,2019-10-24,Standard,9942.29
7957,Ethan Maddox,wheelerrichard@example.net,LK,2023-03-04,Basic,12600.39
7958,Kayla Foster,,TM,2023-07-07,Premium,21181.12
7959,David Espinoza,benjamin26@example.net,LC,2023-08-15,Basic,3533.60
7960,Mary Eaton,marvinpeters@example.net,SR,2019-06-12,Premium,11256.28
7961,Julie Walters,nicholastorres@example.net,KW,2024-02-15,Basic,12076.97
7962,Kimberly Moore,evanskathleen@example.net,ID,2021-09-12,Basic,13666.39
7963,Cassidy Simpson,bsantiago@example.com,KW,2021-04-03,Premium,9698.32
7964,Joseph Ortiz,collinsmatthew@example.net,GH,2018-07-22,Standard,17438.21
7965,Samantha Chambers,mercerwendy@example.org,CH,2020-03-29,Basic,18083.42
7966,Katherine Lopez,tamarahopkins@example.org,SK,2024-06-15,Basic,9251.95
7967,Mark Collins,tatedustin@example.net,KE,2021-06-07,Standard,18689.84
7968,John Kelly,armstrongdavid@example.com,PY,2024-06-13,Basic,13412.00
7969,Katie Montoya MD,shafferalexander@example.com,CY,2021-01-15,Standard,612.54
7970,Kayla Johnson,andrewsnicholas@example.com,NP,2021-08-22,Basic,10709.53
7971,Mrs. Sue Jones DDS,monicagomez@example.org,ID,2022-12-23,Basic,6733.49
7972,Joel Marsh,jenniferhardin@example.com,NL,2022-05-04,Premium,22089.85
7973,Debbie Lowery,dpatton@example.org,OM,2024-01-28,Premium,24276.63
7974,Jessica Jones,knightrobin@example.com,VC,2024-12-18,Standard,3854.13
7975,Karen Maddox,rebekahbeard@example.net,CO,2022-06-06,Premium,1267.38
7976,Dr. Jody Scott,stephenhester@example.com,KH,2024-02-03,Premium,14348.25
7977,Sarah Barker,melissa69@example.org,FM,2019-07-31,Standard,2091.85
7978,Nathan Wilkinson,masontony@example.com,SD,2022-06-30,Premium,185.23
7979,Heather Lawrence,ricerebecca@example.org,GW,2022-09-11,Standard,8908.22
7980,Julie Adams,xjones@example.com,BR,2021-07-29,Basic,11240.46
7981,James Calderon,kathleensmith@example.org,AM,2023-09-06,Standard,23777.08
7982,John Mueller,bradley56@example.net,LU,2021-09-15,Standard,16637.74
7983,Amanda Brown,idorsey@example.com,BI,2023-11-12,Standard,8061.84
7984,Elizabeth Bradford,brownkristy@example.com,ZW,2022-01-08,Standard,8801.63
7985,Daniel Flynn,seanbanks@example.org,GW,2019-12-07,Standard,11756.51
7986,Sean Hill,keyteresa@example.com,LA,2021-01-29,Premium,171.21
7987,Jacob Russell,whitneyanderson@example.com,TZ,2022-05-02,Basic,11160.27
7988,David Anderson,braunjesse@example.org,CA,2023-11-05,Standard,20208.92
7989,Jordan Porter,anthonybush@example.net,MX,2019-06-28,Standard,17082.33
7990,Dr. Ashley Pierce MD,iwatts@example.com,FI,2022-01-03,Premium,10368.08
7991,Benjamin Singh,emilywright@example.net,JM,2021-12-16,Standard,8127.40
7992,Thomas Hensley,kennethjennings@example.org,UZ,2019-09-23,Premium,22294.35
7993,Kimberly Cummings,ashleyfrench@example.org,FJ,2021-05-24,Standard,1717.78
7994,Kristen Moore,christinepadilla@example.com,LB,2023-09-30,Basic,15290.56
7995,Ricardo Macias,anthony54@example.com,LI,2021-04-27,Premium,3593.01
7996,Clayton Baird,robertflowers@example.org,QA,2020-04-06,Premium,13232.09
7997,Samuel Hardy,brandy14@example.net,CA,2023-12-29,Standard,424.71
7998,John Garcia,apalmer@example.com,GB,2020-08-13,Standard,20514.56
7999,Dalton Reyes,smithmartha@example.com,GB,2018-06-21,Basic,1588.07
8000,Mrs. Lisa Taylor,jerry37@example.org,DM,2018-03-23,Premium,10205.23
8001,Sarah Watts,james24@example.com,IS,2018-07-06,Basic,7457.48
8002,Karen Sampson,samanthagray@example.net,KW,2021-01-01,Premium,22907.67
8003,Donna Clay,robertmartin@example.org,BH,2023-10-01,Basic,10280.31
8004,Paula Esparza,joe40@example.org,US,2019-12-12,Premium,19932.84
8005,Mr. Thomas Gomez,bjohnson@example.net,IL,2021-09-25,Basic,1212.78
8006,Daniel Hensley,angela67@example.net,CO,2024-11-09,Basic,13366.85
8007,Daniel Henry,josejones@example.com,WS,2018-05-05,Basic,19421.48
8008,Lorraine Lucas,gardnerandrew@example.net,KG,2021-02-12,Basic,1729.08
8009,Lisa Downs,benjamin51@example.com,TV,2021-01-07,Basic,14459.66
8010,Adam Juarez,sarahbarnes@example.org,PL,2024-07-19,Standard,15949.25
8011,Stephanie Jones,benjamin91@example.com,CA,2024-10-23,Standard,14909.42
8012,Lisa Cox,ghernandez@example.com,RO,2024-06-16,Standard,3373.24
8013,Deborah Grant DDS,thomas75@example.net,GH,2021-01-22,Standard,24750.82
8014,Michael Wilson,marcus16@example.com,GH,2024-03-24,Standard,2737.90
8015,Melissa Lawrence,aprilyoung@example.com,AD,2022-01-25,Standard,15234.82
8016,Jesse Allison,iarnold@example.net,LA,2023-11-28,Premium,7470.60
8017,Wendy Henry,,SR,2018-06-23,Standard,5116.10
8018,Samantha Walters,brettgonzales@example.net,LY,2022-03-27,Basic,12303.57
8019,Sandra Russell,graymichele@example.com,BZ,2023-09-18,Premium,14325.92
8020,Christina Smith,sarahmartin@example.com,JP,2023-08-03,Basic,15978.96
8021,Alex Curtis,gjackson@example.org,NI,2020-07-01,Basic,6280.37
8022,Leslie Torres,cummingsanthony@example.net,ME,2018-03-19,Standard,14611.95
8023,Tammy Carlson,jenniferdixon@example.org,EE,2024-02-25,Premium,3508.90
8024,Peter Wiggins,marthacannon@example.org,HT,2022-11-06,Premium,4214.64
8025,Brian Wu,juliastewart@example.net,BS,2024-12-02,Standard,6756.62
8026,Jessica Thompson,michaelschmidt@example.com,HT,2018-07-01,Premium,24236.17
8027,Kim Anderson,nguyenjeffrey@example.com,CU,2021-12-20,Basic,15011.62
8028,Andrew Reid,onealsamantha@example.org,AM,2019-07-28,Standard,13014.61
8029,Joseph Mays,michaelcharles@example.org,DM,2024-11-05,Premium,11716.10
8030,Dennis Gonzalez,ibell@example.org,BH,2021-07-02,Premium,1021.73
8031,Jeremy Fowler,gregory05@example.net,BF,2019-01-30,Basic,18602.54
8032,Thomas Miller,gwilson@example.org,SE,2023-02-27,Standard,7142.57
8033,Lori Miller,hoodmelissa@example.com,AO,2022-11-25,Standard,9064.35
8034,Elizabeth Martin,jessicacooper@example.org,CI,2022-02-05,Premium,16407.65
8035,Susan Bryant,brian82@example.com,PT,2018-10-01,Basic,22483.85
8036,Chloe Brown,asanchez@example.com,VE,2020-12-30,Basic,13067.02
8037,Diane Best,gpruitt@example.net,BW,2019-10-14,Premium,92.34
8038,Jacob Turner,patrick88@example.org,SA,2023-11-09,Basic,3228.41
8039,Jason Williams,angela48@example.net,GY,2024-10-19,Standard,19667.70
8040,Kyle Velasquez,orogers@example.com,CH,2023-10-31,Standard,17408.28
8041,Thomas Kennedy,gomezkathy@example.net,FI,2021-02-06,Premium,14263.79
8042,Mary Parker,alexander91@example.com,SY,2019-10-14,Premium,16167.57
8043,Nicholas Lee,rconrad@example.org,ZM,2020-06-19,Premium,24276.85
8044,Maureen Rose,william11@example.net,MR,2022-10-25,Premium,18420.72
8045,John Ruiz,ramosshannon@example.com,NP,2022-01-16,Basic,13715.90
8046,Jessica Anderson DVM,brownlisa@example.com,CA,2024-12-25,Standard,4143.66
8047,Dominique Strickland,wrightthomas@example.net,ES,2022-09-17,Standard,7313.39
8048,Justin Rice,morrismaria@example.com,SO,2023-10-16,Premium,2466.42
8049,Nathan Galvan,bwu@example.net,AD,2022-12-22,Premium,17494.85
8050,Joseph Sanchez,dmurphy@example.net,OM,2022-04-22,Standard,4544.83
8051,Joseph Green,joel94@example.com,NG,2024-08-15,Premium,16430.08
8052,Carol Ross,mwise@example.com,BY,2018-12-21,Standard,2306.82
8053,Melissa Rodriguez,amandamclean@example.org,IT,2023-12-10,Premium,11718.48
8054,Shelley Newman,floresmatthew@example.org,TO,2023-08-13,Premium,7372.53
8055,Sarah Moore,rruiz@example.com,BT,2019-08-24,Standard,20583.22
8056,Joseph Jacobs,zwilson@example.com,AO,2021-10-24,Basic,7810.23
8057,Daniel Wilson,emason@example.net,PW,2024-12-26,Basic,14843.00
8058,Rachel Wade,ashleyallen@example.net,BG,2018-04-06,Standard,23196.28
8059,Joanne Kennedy,angela00@example.net,BA,2020-08-22,Premium,11504.21
8060,Jason Lopez,anthony46@example.net,MV,2019-08-15,Premium,16344.08
8061,April Stephenson,butlerashley@example.org,MM,2019-05-03,Standard,15616.85
8062,Morgan Hensley,ogonzalez@example.net,IN,2024-06-30,Premium,24517.40
8063,Matthew Baker,perkinsglenn@example.com,CL,2019-12-03,Premium,11788.16
8064,Michael Gould,iwest@example.org,SB,2024-06-05,Premium,897.79
8065,Jessica Perez,murphyjeffrey@example.org,PS,2022-10-21,Standard,20598.05
8066,Michael Martin,charlesalison@example.com,JM,2024-01-30,Basic,15944.06
8067,David Watson,brandon31@example.org,PG,2018-08-16,Basic,22214.30
8068,Nicole Blair,mary15@example.com,MK,2021-02-23,Standard,24610.77
8069,Roberto Garcia,smithjonathan@example.net,GN,2024-07-07,Standard,17581.67
8070,Brittany Medina,milleraustin@example.net,CD,2018-10-17,Basic,19776.54
8071,Renee Sullivan,brandonhopkins@example.net,NO,2022-09-20,Standard,7849.00
8072,Laura Joseph,dedwards@example.org,ZA,2020-04-09,Basic,13120.78
8073,Jessica Greene,btaylor@example.org,NZ,2024-02-09,Basic,15607.88
8074,Julie Coleman,plang@example.net,TV,2018-06-12,Standard,18723.67
8075,Michael York,davidreed@example.org,AG,2023-03-11,Basic,1657.72
8076,Yesenia Grant,fhunt@example.org,LS,2024-07-16,Premium,8010.14
8077,Andrea Montgomery,heatherortiz@example.net,CG,2024-10-03,Premium,13945.66
8078,Mr. Jonathon Hunter,lindaflowers@example.org,NL,2021-05-24,Standard,12748.19
8079,Michael Jones,ashley91@example.net,QA,2024-10-28,Basic,15679.69
8080,Caitlin Hood,dadams@example.net,FJ,2019-11-18,Standard,20669.36
8081,Matthew Parker,bryan88@example.com,FM,2020-05-10,Basic,6589.36
8082,Emily Wheeler,brownstephen@example.org,RW,2023-09-28,Standard,10275.62
8083,Jeffrey Luna,lawrenceperkins@example.org,SZ,2023-11-21,Premium,21531.11
8084,Kimberly Hodges,evansmith@example.net,GA,2018-03-11,Basic,11974.67
8085,Melinda Murphy,jesus01@example.org,CO,2018-11-21,Premium,5944.88
8086,Robin Richards,iwong@example.com,TO,2022-06-23,Basic,2719.35
8087,Jennifer Ashley,kylenichols@example.com,BA,2019-04-15,Basic,19658.78
8088,Amanda Walker,reevesamanda@example.com,CO,2024-10-04,Premium,15800.87
8089,Craig Hull,karen18@example.org,MW,2021-09-28,Basic,2205.39
8090,Christopher Bryant,powelljordan@example.com,NZ,2024-02-18,Premium,3867.16
8091,Jason Weaver,campbelldana@example.net,BS,2024-05-11,Basic,19727.79
8092,Cindy Ramos,tlee@example.com,NI,2023-11-13,Basic,9674.16
8093,Benjamin Colon DDS,cathy76@example.net,KI,2019-02-07,Basic,19175.40
8094,Guy Calderon,davidwright@example.org,MC,2018-04-19,Basic,20688.00
8095,Angela Aguilar,pfox@example.net,ME,2018-01-29,Standard,9700.60
8096,Caroline Lloyd,barbarahamilton@example.net,EE,2024-09-07,Premium,21826.91
8097,Alan Patrick,carrillodawn@example.org,MM,2018-07-12,Standard,14653.41
8098,Martin Perez,wgutierrez@example.net,JO,2020-06-17,Standard,19483.39
8099,Donna Taylor,ronaldolson@example.com,RW,2024-08-11,Basic,3599.46
8100,Tyler Rivera,sampsonashley@example.com,MM,2024-03-16,Basic,22336.64
8101,Philip Graham,thomas76@example.org,IL,2020-07-06,Standard,22632.23
8102,Nicholas Yoder,mendozadaniel@example.org,MV,2023-09-26,Basic,23242.42
8103,Ms. Sarah Mitchell,jacob83@example.net,MT,2022-11-24,Basic,7594.70
8104,Ronald Nelson,leachkyle@example.net,KZ,2023-02-04,Premium,6065.26
8105,Jacqueline Morris,vickie71@example.org,BE,2021-07-19,Premium,10518.08
8106,David Hayden,ipeters@example.org,MU,2021-09-05,Standard,12775.81
8107,Catherine Thomas,zlittle@example.net,RO,2022-08-22,Basic,19573.51
8108,Christina Bentley,beckypierce@example.net,LV,2020-07-11,Premium,8457.98
8109,Amber Shaw,shelly94@example.net,EG,2023-01-02,Premium,20009.15
8110,Roger Fleming,jonesallison@example.org,HT,2022-12-17,Premium,18493.38
8111,Jennifer Williams,hendersonkaren@example.net,GH,2019-12-01,Basic,22469.95
8112,Deborah Allen,johnsonhannah@example.org,SB,2020-06-12,Premium,8072.62
8113,Tara Gonzales,hartbenjamin@example.org,CU,2021-10-25,Basic,1067.70
8114,James Parker,julian49@example.net,LR,2021-07-27,Standard,16902.98
8115,Lisa Campos DDS,loribrown@example.org,BN,2018-05-15,Standard,3174.46
8116,Jack Carter,markkelley@example.com,BW,2019-01-19,Basic,11961.03
8117,John Washington,francojessica@example.org,FI,2024-10-07,Basic,21929.35
8118,Kelly Harper,dorothyallen@example.net,DO,2020-06-30,Basic,6846.21
8119,Susan Colon,grosschristopher@example.net,RW,2021-02-21,Standard,1117.81
8120,Matthew Williams,wking@example.org,MV,2022-02-14,Basic,13434.87
8121,Steven Mccoy,garywalker@example.com,MV,2019-03-05,Premium,7784.08
8122,Nicholas Jefferson,nicholas29@example.com,IS,2021-06-17,Standard,23774.35
8123,Donna Olson,ericcoleman@example.com,CZ,2019-02-24,Premium,23405.23
8124,Danielle Sanchez,julie26@example.org,LA,2021-08-14,Premium,4961.30
8125,Catherine Hernandez,grivera@example.com,CF,2024-01-04,Standard,2845.77
8126,Zoe Gomez,kevinnelson@example.org,PH,2022-05-31,Basic,15043.51
8127,Marcus Trujillo,simonzachary@example.org,VC,2018-06-03,Basic,15971.75
8128,Michelle Pineda,jessica24@example.org,DO,2023-01-19,Basic,11160.22
8129,Veronica Kelly,iwood@example.net,MC,2018-08-07,Premium,5803.02
8130,Brittany Hodges,briannatate@example.net,SY,2021-05-24,Basic,6675.24
8131,Alexander Mccormick,cherylrussell@example.com,SN,2022-10-13,Basic,7298.06
8132,Bradley Ayers,joseph94@example.com,IR,2022-08-15,Standard,14362.62
8133,Brenda Forbes,fmorse@example.org,NP,2021-04-16,Premium,22874.49
8134,Carla Hall,amanda37@example.net,MH,2020-08-07,Standard,18140.73
8135,Michael Little,travispeterson@example.org,UG,2022-10-17,Standard,20360.09
8136,Steven Rodriguez,hrivera@example.org,NL,2018-09-29,Standard,5448.23
8137,Todd Neal,wwallace@example.com,AU,2019-07-06,Basic,7982.45
8138,Brian Dillon,warddebbie@example.net,SR,2020-06-14,Standard,12650.80
8139,David Leach,michaeljackson@example.net,TD,2020-05-03,Premium,8876.68
8140,Gabrielle Martinez,kathryn41@example.org,MA,2023-08-03,Standard,11325.15
8141,Monica Miller,scottunderwood@example.org,AR,2019-10-19,Basic,22750.30
8142,Madison Anderson,millersherri@example.org,SR,2019-08-27,Basic,10979.56
8143,Dr. Lydia Hampton MD,oryan@example.net,MC,2019-03-04,Basic,9837.57
8144,Jennifer Hall,nsmith@example.com,JM,2024-04-10,Basic,5209.43
8145,Kimberly Lang,bedwards@example.net,BZ,2018-06-04,Premium,14123.37
8146,Lori Juarez,millerandrew@example.net,SL,2018-12-30,Standard,13980.26
8147,Matthew Fox,luisochoa@example.org,CY,2021-05-31,Basic,4091.94
8148,Jackie Anderson,gobrien@example.net,MY,2020-07-17,Premium,4376.26
8149,Michael Martinez,anthonyjessica@example.org,MY,2019-01-06,Standard,21363.41
8150,Phyllis Harris,carolinetapia@example.net,BN,2022-03-08,Premium,13749.76
8151,Mary Bennett,nicole11@example.com,BW,2020-11-07,Basic,6185.97
8152,Janice Poole PhD,sandra59@example.org,FI,2022-11-08,Standard,599.15
8153,Paula Ho,bhoffman@example.net,AM,2023-03-27,Premium,7497.28
8154,Adrian Campbell,gonzalezethan@example.org,CH,2022-04-24,Standard,17725.47
8155,Joseph Barton,michele39@example.org,FR,2022-05-12,Premium,18178.89
8156,Debra Stevens,ibarramargaret@example.com,GH,2021-11-15,Basic,15804.74
8157,Kendra Keller,craigmartin@example.net,AG,2022-01-01,Basic,7085.89
8158,Shawn Nelson,johnfisher@example.com,AU,2018-12-04,Basic,12176.40
8159,Alisha Montes,jhernandez@example.net,ZM,2024-11-02,Premium,10617.37
8160,Michelle Jackson,meghanroth@example.org,BB,2022-12-16,Premium,8416.75
8161,Ivan Garcia,vkaufman@example.net,RW,2019-10-24,Premium,1923.06
8162,Elizabeth Olson,campbellemily@example.org,ME,2019-01-21,Standard,14113.60
8163,Jeffrey Foley,zbass@example.com,SV,2018-10-22,Basic,20853.23
8164,Ashley Johnson,matthew19@example.net,KN,2021-03-20,Premium,5698.16
8165,Brenda Melendez,zmurphy@example.org,DM,2021-05-13,Standard,16691.16
8166,David Roy,dawnreed@example.com,MT,2022-05-03,Basic,22233.98
8167,Christina Weiss,xkent@example.org,TT,2024-08-16,Standard,20432.46
8168,Susan Meyers,xavier17@example.net,JO,2020-04-13,Basic,12171.34
8169,Sherri Lewis,esmith@example.com,BR,2023-01-17,Standard,645.76
8170,Jose Shah,bwalker@example.com,FR,2019-06-11,Basic,20259.12
8171,Christian Eaton,timothy84@example.net,GY,2019-05-29,Basic,10126.70
8172,Kyle Wallace,garciajason@example.net,VE,2020-09-15,Premium,19266.26
8173,Ashley Thomas,madison88@example.org,EC,2018-04-28,Premium,10618.81
8174,Christine Jarvis DDS,alyssa23@example.com,CV,2021-11-25,Basic,739.25
8175,Crystal Carter,douglasturner@example.org,CM,2024-07-24,Standard,17677.00
8176,Donald Mcbride,patriciacox@example.com,LU,2020-02-06,Premium,13945.76
8177,Jodi Smith,orodriguez@example.org,MK,2020-02-12,Standard,9427.79
8178,Mrs. Cynthia Thompson,weaverjimmy@example.net,SO,2023-02-26,Premium,14994.58
8179,Tara Stephenson,wrightcraig@example.net,NG,2022-03-27,Standard,10346.57
8180,Jeffrey Holmes,margaretlong@example.net,TH,2018-11-16,Premium,3488.75
8181,Patrick Reed,griffinnicole@example.net,LC,2021-07-07,Basic,9853.91
8182,Ashley Ramirez,jmorse@example.com,FM,2020-09-12,Standard,4347.40
8183,Jamie Turner,belliott@example.com,US,2018-05-12,Premium,19835.85
8184,Margaret Williams,thomaseverett@example.net,KG,2019-06-09,Premium,17001.23
8185,William Ramirez,martincarter@example.com,PT,2020-06-20,Standard,15342.96
8186,Edward Shepherd,billyrodriguez@example.com,HR,2024-02-08,Premium,1809.26
8187,David Frost,tarafigueroa@example.net,BO,2020-05-05,Basic,10942.95
8188,Carl Baker,fryrobert@example.com,GT,2022-10-01,Basic,5517.68
8189,Emily Jones,vfields@example.com,CR,2022-09-21,Standard,8952.09
8190,Johnny Armstrong,paigeroman@example.org,CY,2018-03-08,Premium,11858.82
8191,Amber Johnson,jamesknapp@example.com,PL,2023-01-27,Basic,1804.17
8192,Alicia Johnson,andersonchristopher@example.com,FI,2019-09-06,Basic,7610.73
8193,Jonathan Parker,mitchell06@example.org,RU,2022-07-12,Premium,6858.70
8194,Caleb Cruz,larsonmichael@example.com,CH,2018-04-21,Basic,4105.11
8195,Jessica Cole,ortegatheresa@example.net,NL,2020-10-01,Standard,1566.68
8196,James Miller,qflores@example.com,FJ,2021-05-30,Standard,22699.14
8197,Mr. Richard Brown,david23@example.net,PG,2022-11-14,Standard,3502.81
8198,Robert Rice,wangadam@example.net,LV,2022-03-24,Premium,2751.09
8199,Gregory Russell,lindagarrett@example.com,GY,2022-04-21,Premium,12240.41
8200,Kayla Pena,jamesnguyen@example.com,KH,2019-06-10,Standard,5454.63
8201,Tracy Delgado,zwilliams@example.org,AF,2024-05-13,Basic,19557.37
8202,William Brown,sotoantonio@example.org,PW,2022-01-01,Basic,22614.90
8203,James Wilcox,allenryan@example.net,BA,2022-04-12,Basic,15842.64
8204,Alan Espinoza,adamspatrick@example.com,AO,2021-12-29,Basic,18948.34
8205,George Blake,silvajoshua@example.org,IS,2020-01-19,Standard,17132.73
8206,Michael Jones,nmiller@example.org,ER,2022-03-19,Standard,20297.32
8207,Jessica Hale,samantha74@example.org,VN,2021-05-08,Basic,1124.53
8208,Michelle Osborn,boydstephanie@example.org,NZ,2020-06-05,Basic,8084.41
8209,David Hall,perkinschristopher@example.com,BR,2020-01-03,Basic,20039.54
8210,Krystal Martinez,johngonzalez@example.com,EC,2021-11-07,Premium,18215.18
8211,Debra Robinson,joyhughes@example.com,IQ,2020-05-03,Standard,19487.19
8212,Rachel Davis,brenda46@example.org,LS,2020-11-13,Basic,9983.25
8213,Madison Ortiz,murphysarah@example.org,ML,2019-07-31,Premium,13336.13
8214,Eric Potter,lvazquez@example.com,TO,2024-01-05,Premium,14316.57
8215,Matthew Mcclure,hendersonelizabeth@example.net,BZ,2021-05-16,Standard,18875.71
8216,Jeffrey Brown,moorechristina@example.net,DM,2020-08-14,Premium,6317.27
8217,Deborah Pierce,mfreeman@example.com,LS,2022-01-19,Standard,9449.26
8218,Richard Smith,whitedaniel@example.net,CH,2018-12-09,Standard,17165.94
8219,Jeremy Ingram,pturner@example.com,AF,2021-04-12,Basic,20736.47
8220,Melissa Ortiz,millermatthew@example.org,CV,2019-09-02,Standard,2319.87
8221,Jason Cook,caleb51@example.com,CR,2020-12-03,Basic,19541.69
8222,Lori Thompson,buchananlisa@example.com,EE,2023-02-19,Basic,12926.47
8223,Robin Morse,victor69@example.com,SK,2024-08-12,Standard,5341.41
8224,Bryan Henderson,lawsonrachel@example.net,AO,2019-07-03,Basic,201.93
8225,Deborah Bennett,gina00@example.net,DZ,2018-02-27,Basic,8055.77
8226,Tara Cole,cherylgriffin@example.com,CM,2020-09-25,Standard,12388.68
8227,Brian White,spencemichael@example.net,ZA,2022-11-19,Standard,2368.96
8228,Andrea Bolton,uschultz@example.org,MT,2020-03-06,Premium,17459.13
8229,Patricia Clark,vickiturner@example.com,NO,2022-03-12,Basic,1289.96
8230,Jose Ball,claireraymond@example.org,CD,2019-02-14,Basic,17417.76
8231,Mary Stephens,frank29@example.org,CM,2023-05-22,Premium,2144.35
8232,Emily Lopez,christophercox@example.com,RO,2020-04-24,Basic,2107.69
8233,Lauren Hayes,scottclaire@example.net,LA,2019-01-13,Premium,6254.27
8234,Kim Dixon,christianatkins@example.org,AM,2022-11-10,Standard,13371.52
8235,Andrew Petersen,monica43@example.net,DM,2019-12-01,Basic,2597.12
8236,Destiny Skinner,noblemary@example.net,PS,2018-03-02,Standard,19960.80
8237,Kimberly Horton,james07@example.com,TO,2018-11-14,Basic,11402.69
8238,Deborah Esparza,rperry@example.org,PA,2018-07-05,Basic,16784.70
8239,Shawn Richards,whitakercraig@example.net,RU,2023-11-19,Standard,10581.12
8240,Richard Walsh,dylanduncan@example.com,BG,2019-06-12,Standard,19024.65
8241,James Cameron,millerrobert@example.org,PL,2018-08-05,Standard,16057.87
8242,Christopher Stone,oware@example.net,BA,2018-01-10,Premium,21593.12
8243,Jordan Hernandez,jordanrebecca@example.com,BA,2024-06-26,Basic,4948.06
8244,Geoffrey Ward,jesus00@example.org,NZ,2018-10-23,Standard,23551.64
8245,Katherine Jenkins,dtaylor@example.com,LB,2020-01-05,Basic,18576.15
8246,Leslie Knight,jonathon31@example.net,YE,2018-02-20,Standard,831.01
8247,Jessica Huff,hgarza@example.com,LC,2020-01-27,Premium,1355.75
8248,Marissa Wilson,barbara93@example.org,AR,2023-08-20,Standard,21856.97
8249,Megan Hill,ericperkins@example.com,TG,2021-10-04,Basic,471.67
8250,Jennifer Garcia,hparsons@example.net,MR,2021-08-30,Premium,4204.99
8251,Paul Davis,bradforderic@example.com,HT,2019-01-27,Premium,7231.90
8252,Thomas Kim,michael71@example.net,LU,2019-09-21,Premium,10092.90
8253,Mrs. Carmen Williams,chad38@example.com,KW,2023-05-22,Premium,2577.42
8254,James Crawford,deborahhernandez@example.com,DO,2018-11-05,Standard,7993.96
8255,Kevin Klein,wdunlap@example.net,MD,2024-08-08,Basic,3541.69
8256,Christopher Wilson,charles00@example.net,US,2019-01-26,Standard,10610.37
8257,Ashley Weber,tonyabriggs@example.net,NR,2020-10-20,Premium,21220.11
8258,Michael Davis,nicoleodonnell@example.org,PH,2023-10-29,Premium,3218.12
8259,Michael Brown,martinsharon@example.com,VC,2019-07-14,Standard,933.96
8260,Michael Hall,mfranklin@example.com,GR,2021-08-01,Premium,21726.52
8261,Elizabeth Wright,michelle81@example.net,NI,2024-08-01,Premium,4604.73
8262,Ronald Snow,smithmichelle@example.org,MX,2019-12-23,Premium,9310.96
8263,Richard Fleming,timothy08@example.org,LS,2019-07-27,Basic,688.28
8264,Joshua Cantrell,shepardkristina@example.com,SR,2024-11-19,Premium,21258.41
8265,Randy Fox,sbrown@example.net,KI,2019-04-12,Premium,6400.65
8266,Steven Davenport,shane31@example.org,BD,2021-06-10,Premium,5590.68
8267,Wendy Cline,lcollins@example.com,LB,2019-02-18,Premium,5695.62
8268,Benjamin Mills,thompsonnathan@example.org,VN,2019-12-15,Standard,4538.39
8269,Jared Harris,rbradley@example.com,ID,2022-04-01,Premium,19915.18
8270,Michael Le,andrea66@example.net,JM,2019-10-11,Premium,18323.44
8271,Rose Wallace,michaelrivera@example.org,SM,2020-11-07,Standard,20810.10
8272,Robert Roy,joshuali@example.org,ET,2022-08-14,Basic,7082.71
8273,Joseph Silva,taylornicole@example.net,TT,2019-06-02,Premium,7606.98
8274,Luis Garcia,tonya10@example.org,SV,2023-08-13,Standard,7460.03
8275,Edwin Parker,emilylawrence@example.org,TN,2021-05-05,Basic,11067.96
8276,Bryan Serrano,claire19@example.org,SE,2018-01-21,Premium,6592.72
8277,Edward Wood,rodriguezbrittany@example.com,ME,2023-09-29,Standard,10734.97
8278,Jocelyn Vega,paigedean@example.org,GB,2021-01-01,Premium,18635.58
8279,Scott Walker,jennifer87@example.com,NI,2024-07-17,Standard,6187.93
8280,Tyler Nelson,nalexander@example.org,MD,2023-02-02,Basic,16750.52
8281,Bridget Donovan,lbridges@example.org,KH,2020-09-20,Standard,16546.78
8282,Meghan Taylor,kleinbrian@example.net,SG,2024-03-03,Basic,15627.16
8283,Tiffany Long,amandaherring@example.com,MM,2019-12-28,Basic,11797.44
8284,Tasha Lee,william73@example.org,BT,2020-08-08,Standard,10119.15
8285,Daniel Roberts,lawrencereyes@example.com,LB,2019-01-13,Standard,17208.95
8286,Troy Carter,davidmartin@example.net,CG,2022-04-21,Standard,9273.16
8287,Jacqueline Hughes,robertlopez@example.org,HR,2021-09-23,Basic,21176.57
8288,Lisa Johnson,tina08@example.com,MV,2020-12-31,Standard,19100.77
8289,Megan Proctor,harrisonkeith@example.net,BD,2022-05-17,Premium,9243.30
8290,Ashley Woods,fgarcia@example.net,AO,2020-10-05,Basic,12772.43
8291,Dawn Miller,tracyhorton@example.org,MK,2024-12-12,Standard,10412.23
8292,Carla Morris,owensjessica@example.org,TW,2019-03-08,Standard,11818.31
8293,Samuel Serrano,austinbrown@example.com,HU,2022-02-22,Premium,6230.34
8294,Sara Lee,dawnjarvis@example.net,LC,2024-07-10,Basic,9271.75
8295,Lauren Montoya,,AR,2021-03-27,Standard,19436.37
8296,William Hughes,hellis@example.net,OM,2021-01-14,Standard,10857.56
8297,Tonya Buchanan,ywarren@example.org,MZ,2021-07-25,Basic,5833.13
8298,Brandon Nelson,lnorton@example.com,HR,2020-05-03,Basic,14514.01
8299,Lauren Williams,klewis@example.org,CU,2022-07-29,Premium,19047.23
8300,Michael Weeks,caindavid@example.net,PA,2024-06-19,Basic,22205.66
8301,Tina Lawson,dwebster@example.org,CD,2020-10-20,Premium,7240.90
8302,Karen Decker,angelagreen@example.com,RU,2022-05-10,Standard,23094.47
8303,Nancy Summers,albert48@example.com,CF,2019-09-10,Standard,2581.44
8304,Alan Rodriguez,ehunt@example.org,PW,2023-04-29,Premium,3916.36
8305,Devin Montgomery,swebb@example.net,MM,2023-02-18,Basic,17446.05
8306,Shannon Franklin,katherinekent@example.com,TH,2022-09-10,Premium,18623.67
8307,Valerie Thomas,caitlin33@example.net,TM,2024-02-19,Premium,8099.54
8308,Angela Henry,robertfisher@example.com,DJ,2020-05-20,Basic,7165.48
8309,Barry Browning,jasminemyers@example.org,TZ,2024-02-25,Standard,12505.28
8310,Misty Rose,timothystewart@example.net,MG,2022-10-24,Premium,16718.90
8311,Keith Castro,tiffanypatterson@example.net,YE,2018-04-18,Standard,19619.81
8312,Todd Moore,wanda26@example.net,NI,2022-05-30,Basic,13460.00
8313,Jessica Johnson,sandra35@example.net,CU,2021-04-27,Basic,11759.72
8314,Mr. Derek Campbell,uthomas@example.com,MZ,2020-08-26,Basic,15210.46
8315,John Reeves,aimee05@example.com,ID,2024-02-16,Basic,1929.10
8316,Autumn Miller MD,xlong@example.org,RS,2019-01-29,Standard,21511.10
8317,Michael Crawford,matthew35@example.com,AF,2023-08-11,Premium,2537.65
8318,Amy Sandoval,moralescharles@example.com,YE,2023-10-12,Basic,4918.36
8319,Kevin Mcgee,woodwarddarlene@example.org,KZ,2023-03-07,Premium,730.67
8320,Jessica Petty,vmorris@example.net,ZM,2018-04-05,Standard,20160.08
8321,Christian Lopez,rachael24@example.org,MT,2023-04-26,Premium,9488.49
8322,Kellie Lynn,brooke45@example.net,RO,2023-04-16,Basic,4151.15
8323,Amy Thomas,ruizlaura@example.org,AE,2018-01-17,Premium,6846.74
8324,Eric Figueroa,tcole@example.org,MR,2024-11-18,Standard,20362.96
8325,Kathleen Flores,justinjohnson@example.net,SA,2024-03-18,Basic,477.47
8326,Sara Stewart,vanessa07@example.com,RW,2019-07-28,Standard,18297.89
8327,Deanna Lane,michellearmstrong@example.org,KI,2024-06-08,Premium,2945.62
8328,Barbara Long,melaniebaldwin@example.org,JM,2019-05-17,Standard,9955.80
8329,Jennifer Carter,christian16@example.org,BE,2020-03-15,Basic,19205.34
8330,Michelle Hernandez,regina67@example.net,VN,2022-12-16,Standard,4598.59
8331,James Turner,rachel17@example.net,KM,2021-02-12,Premium,18716.63
8332,Eric Byrd,medinajanet@example.com,ML,2019-11-05,Standard,21061.20
8333,Marie Hansen,evanschloe@example.net,CI,2021-04-29,Standard,18766.32
8334,Sarah Walker,wmedina@example.com,QA,2020-04-20,Premium,14946.20
8335,Brandon Meadows,apatterson@example.net,ID,2023-02-28,Premium,18701.28
8336,Timothy Pratt,qcunningham@example.org,GT,2024-07-24,Basic,15765.23
8337,Amber Johnson,romeroricky@example.net,ES,2021-05-16,Premium,5380.79
8338,Rebekah Hall,cynthia14@example.org,PT,2024-06-03,Standard,12640.68
8339,Daniel Miller,acostasarah@example.org,CZ,2018-11-24,Basic,2745.93
8340,Matthew Cabrera,stephanielewis@example.org,WS,2022-08-22,Basic,22776.08
8341,Mrs. Sharon Perry,stephaniewilliams@example.net,LR,2021-04-11,Basic,11504.11
8342,Richard Lowery,kirbykaren@example.org,KN,2024-12-16,Standard,11287.45
8343,Joshua Pope,joneschris@example.org,ZW,2018-04-15,Standard,17048.20
8344,Brandon Johnson,vrich@example.com,IE,2024-03-05,Premium,5461.27
8345,Julie Ho,flambert@example.net,IR,2020-06-22,Basic,2773.44
8346,Anthony Lowery,morganherrera@example.com,JP,2019-03-06,Standard,2685.90
8347,Katie Dixon,zimmermanjohnny@example.net,MD,2021-12-04,Basic,688.50
8348,James Rogers,montesjoyce@example.com,KE,2022-07-02,Basic,6172.46
8349,Janice Kaiser,toddbriggs@example.net,CD,2024-09-30,Standard,18284.54
8350,Christopher Jones,angelica63@example.com,NO,2018-05-19,Premium,4867.19
8351,Casey Stewart,samantha59@example.net,CH,2020-08-06,Standard,24301.57
8352,Mackenzie Carlson MD,melissareed@example.com,AZ,2020-06-01,Standard,22941.05
8353,Hannah Taylor,justin32@example.net,BA,2022-09-14,Standard,16419.79
8354,Timothy Weaver,simmonsjennifer@example.net,NG,2020-04-20,Basic,6840.80
8355,Michael Cunningham,jessica61@example.org,MU,2019-02-16,Standard,1139.76
8356,Ricky Smith,harrisjonathan@example.net,TO,2024-04-26,Basic,19928.56
8357,Becky Hernandez,harveysarah@example.net,MV,2020-12-22,Premium,18209.26
8358,Michael Crawford,seth15@example.com,LS,2018-10-19,Standard,12340.60
8359,Zachary Lopez,tyler46@example.net,VE,2020-06-05,Premium,1847.84
8360,Douglas Rogers,christine09@example.com,CL,2020-10-25,Basic,2278.52
8361,Krista Cameron,candace05@example.com,AM,2022-06-29,Premium,24382.99
8362,Samantha Price,iduran@example.net,MD,2024-06-26,Basic,17759.43
8363,Brent Hall,melissa08@example.com,AU,2018-12-07,Premium,1189.02
8364,Aaron Rush,robert76@example.net,VU,2021-06-30,Basic,22473.96
8365,Kristen Peters,bdennis@example.com,BT,2019-10-24,Premium,3763.05
8366,Anthony Hinton,smithdiana@example.net,VE,2024-04-20,Standard,21330.39
8367,Kathleen Thompson,michael57@example.org,FR,2019-05-03,Standard,22899.47
8368,William Mcguire,gonzalesnicole@example.net,BE,2018-05-16,Basic,24120.41
8369,Matthew Sampson,coconnell@example.com,SN,2024-12-17,Basic,988.89
8370,Daniel Fitzpatrick,mary43@example.net,RU,2021-04-10,Premium,3049.85
8371,James Jordan,vyoder@example.org,TM,2020-04-01,Standard,12548.60
8372,Stephanie Crosby,ygriffith@example.net,CF,2021-09-10,Standard,13837.93
8373,Tammy King,maddoxlindsay@example.org,MK,2019-10-01,Premium,5238.25
8374,Richard Santos,sharon64@example.org,MA,2020-03-19,Premium,10636.68
8375,Tyler Reed,potterrichard@example.com,MN,2023-05-13,Basic,24609.25
8376,Jorge Cruz,stephenmorgan@example.org,VU,2019-01-29,Standard,20933.34
8377,Antonio Aguirre,patriciamoore@example.org,BW,2024-08-20,Premium,5135.22
8378,Bryan Bell,royhenry@example.org,KN,2024-02-05,Standard,1469.02
8379,Mr. Christopher Jones,david92@example.com,CH,2021-08-19,Standard,2472.05
8380,Cynthia Smith,mwilliams@example.net,VN,2018-12-20,Standard,2900.15
8381,Brett Davis,crystalcarroll@example.com,SR,2019-07-08,Basic,2444.03
8382,Patricia Lee,craig30@example.net,PW,2021-06-21,Premium,24908.97
8383,Jamie Cole,john70@example.net,MY,2021-05-27,Standard,16725.17
8384,Christopher Richardson,williamcox@example.com,AT,2018-01-18,Premium,24266.24
8385,Ashley Brown,evansdavid@example.org,SR,2023-11-04,Basic,20075.11
8386,Emily Randall,cooperryan@example.org,DE,2018-12-28,Standard,2300.39
8387,Keith Savage,ruizjoshua@example.net,CD,2019-06-27,Basic,11484.41
8388,Joseph Martin,mromero@example.org,DZ,2021-05-10,Standard,3417.94
8389,Donna Lee,toddkathryn@example.net,CM,2023-06-08,Basic,1877.07
8390,Jessica Aguirre,heather09@example.net,TV,2024-10-24,Premium,24243.82
8391,Morgan Weaver,tapiaheather@example.net,IN,2023-05-06,Basic,9212.56
8392,Stacie Davies,jonathon00@example.org,LB,2022-04-08,Standard,21504.66
8393,William May,davidmarquez@example.com,KG,2020-02-08,Basic,1793.69
8394,Charlene Moore,kennethparker@example.net,ZW,2024-03-19,Premium,937.73
8395,Shelley Suarez,williamvillanueva@example.com,RO,2023-08-08,Standard,15366.66
8396,Douglas Howell,isaac32@example.com,FR,2019-04-01,Basic,24646.84
8397,Karen Phillips,ericjenkins@example.com,BI,2019-05-16,Basic,24968.90
8398,Joshua Allen,david54@example.net,GQ,2019-11-25,Premium,16035.39
8399,James Morris,wesleycox@example.com,MG,2019-05-03,Standard,7098.97
8400,Gina Duncan,grossmegan@example.net,TM,2018-07-16,Premium,17749.66
8401,Amy Galvan,qstevens@example.com,CH,2018-12-04,Standard,5444.87
8402,Hannah Glenn,jason91@example.org,GB,2018-07-30,Standard,14920.30
8403,Sara Walker,trujillolori@example.org,LK,2022-11-10,Basic,4638.65
8404,Angela Lopez,wgarcia@example.net,PG,2018-09-30,Standard,13696.69
8405,Herbert Davis,rclark@example.org,DZ,2021-11-11,Standard,4180.52
8406,Ricky Bates,jefferydavis@example.com,LR,2021-08-16,Premium,18941.50
8407,Brenda Mason,riddlerebecca@example.com,PS,2023-07-29,Basic,7797.20
8408,Kimberly Guerrero,ajones@example.com,IE,2018-11-04,Premium,3473.27
8409,Amanda Logan,brownsarah@example.com,NG,2022-01-28,Standard,12163.97
8410,Troy Jones,christylynn@example.com,DE,2018-09-24,Basic,11663.62
8411,Shawn Townsend,paulayala@example.net,MG,2024-02-02,Basic,17619.67
8412,Michael Jordan,heather92@example.org,ML,2021-02-04,Basic,13142.80
8413,Justin Cox,jwinters@example.com,PL,2022-01-10,Standard,9760.67
8414,Jennifer Stanley,meltonrachel@example.org,NI,2021-03-02,Basic,14255.33
8415,Holly Clark,billaustin@example.com,NI,2024-09-14,Premium,24529.04
8416,William Tanner,kristina70@example.org,CR,2018-05-06,Standard,2649.17
8417,Alexandria Pierce,alvarezsharon@example.net,SG,2021-10-27,Standard,11285.44
8418,Charles Martinez,william99@example.org,BI,2022-07-05,Premium,9140.51
8419,Shawn Wagner MD,dharris@example.com,HT,2023-08-30,Standard,22162.82
8420,Susan Branch,agonzales@example.net,ET,2020-01-25,Standard,15953.79
8421,Stacy Meyers,zknight@example.com,CV,2018-12-20,Standard,3901.56
8422,Amanda Ortiz,fletcherbailey@example.net,TR,2022-07-14,Premium,19010.54
8423,Jared Wood,davisjames@example.com,RO,2022-01-21,Standard,9173.96
8424,Tina Gonzalez,terri97@example.org,SR,2020-11-26,Standard,21849.12
8425,Anthony Hernandez,claudialowe@example.com,KR,2023-05-06,Premium,16583.42
8426,Devin Nash,oalexander@example.com,LU,2018-12-06,Standard,21475.54
8427,Kylie Martinez,nicholastodd@example.org,SR,2021-01-29,Premium,20970.81
8428,Kelly Werner,willisjames@example.org,OM,2018-01-21,Standard,12731.10
8429,Dominique Hardy,alvarezmichael@example.com,CO,2022-09-21,Premium,6516.93
8430,Sandy Hall,simskathryn@example.com,LI,2023-09-28,Standard,19450.73
8431,Frank Santana,brentjohnston@example.com,FR,2019-02-25,Premium,85.76
8432,Karen Ortiz,thomasholmes@example.org,FJ,2022-08-14,Standard,13537.38
8433,Danielle Ware,masseymatthew@example.net,GE,2018-08-30,Basic,6798.58
8434,Christine Gonzalez,,NP,2019-02-15,Standard,3389.39
8435,Devon Moyer,gjohnson@example.net,VN,2019-07-31,Premium,11792.81
8436,Cynthia Myers,randolphscott@example.com,AF,2019-11-22,Premium,12537.55
8437,Scott Watts,jennifer71@example.net,SE,2019-04-01,Premium,8779.36
8438,Megan Price,charles31@example.net,CM,2019-10-23,Premium,5734.21
8439,Desiree Cunningham,xbright@example.org,PE,2024-03-11,Premium,4524.53
8440,Robert Kelley,isingh@example.com,KE,2024-03-27,Premium,7097.71
8441,Billy Villanueva,wdunn@example.org,DO,2024-01-05,Standard,11776.06
8442,Samuel Scott,ruizmark@example.com,SG,2019-09-30,Basic,4815.12
8443,Kristen Anderson,ortizdustin@example.org,KE,2024-10-18,Basic,14887.39
8444,Dominique Davidson,robert23@example.org,GA,2018-05-11,Premium,6822.99
8445,Stephanie Young,ljimenez@example.org,AU,2018-06-09,Basic,18782.73
8446,Charles Wilkins,darlene09@example.net,IE,2021-01-02,Standard,15133.49
8447,Logan Howard,gonzaleztracy@example.com,MM,2019-04-20,Premium,9325.64
8448,Kyle Walters,michaelparrish@example.net,AO,2019-02-21,Basic,2886.53
8449,Susan Lucas,castanedajames@example.net,CO,2020-10-05,Standard,16675.35
8450,Brittney Allen,bentleyjamie@example.com,SD,2021-07-11,Premium,7967.11
8451,Cynthia Crawford,jbuchanan@example.net,UZ,2022-12-20,Premium,4118.30
8452,Nicholas Garcia,debbie79@example.net,HR,2023-12-14,Basic,3281.30
8453,Sarah Martin,kimberlywilson@example.com,AT,2018-02-01,Standard,7231.71
8454,Amber Marquez,erikacraig@example.com,GY,2022-01-12,Standard,13913.11
8455,Angela Miller,trevinojessica@example.com,GE,2018-06-17,Basic,18979.27
8456,Wendy Shaffer PhD,martinmegan@example.org,PT,2023-11-18,Premium,730.27
8457,Kimberly Garcia,johnrobinson@example.com,IE,2024-01-23,Premium,21287.18
8458,Charles Quinn,adkinserin@example.net,CG,2018-04-08,Standard,2558.17
8459,Cassandra Rodriguez,stephanie76@example.com,CF,2021-03-24,Basic,23580.56
8460,Jeffrey Smith,caleblopez@example.org,MT,2020-09-20,Standard,1930.03
8461,Barbara Baker,zavalajulie@example.com,JM,2021-09-25,Premium,19666.08
8462,Travis Lopez,vegajonathan@example.org,MD,2023-09-23,Premium,23245.87
8463,Devin Howard,mdavis@example.com,NE,2020-12-11,Standard,11738.27
8464,Richard Smith,jeffhunt@example.com,UZ,2022-08-07,Standard,7195.93
8465,Samantha Brock,colleenjackson@example.net,HN,2019-06-12,Basic,910.32
8466,Vanessa Gonzales,harperashley@example.com,GA,2018-12-15,Basic,12748.48
8467,Victoria Gomez,crawforddavid@example.net,LB,2024-03-25,Basic,5581.82
8468,Sarah Gregory,brookssandra@example.com,CR,2022-04-29,Premium,18900.22
8469,Kenneth Wright,goldenwilliam@example.org,GA,2023-08-01,Basic,16061.89
8470,Brian Davis,,CA,2018-04-13,Basic,24884.67
8471,Catherine Glenn,paulwilliams@example.net,MC,2023-03-19,Basic,14629.57
8472,Jessica Wilson,jessicawaters@example.com,PW,2019-04-18,Basic,3647.72
8473,Jason Bush,bgonzales@example.org,JM,2020-06-27,Basic,15514.13
8474,Cheyenne Graham,jenniferdavila@example.net,KI,2022-12-27,Standard,23279.08
8475,Holly Alexander,weaverscott@example.com,BS,2020-09-08,Basic,10062.44
8476,Brian Cook IV,jking@example.org,LC,2024-06-16,Premium,7973.41
8477,James Hughes,patrickshelby@example.org,LR,2021-09-21,Basic,8079.07
8478,Linda Fisher,jacquelinebrewer@example.org,MW,2021-11-11,Standard,19606.20
8479,Craig George,smoore@example.net,CR,2024-08-23,Basic,7651.53
8480,Brian Lozano,chadwang@example.net,CG,2018-03-27,Basic,18989.01
8481,Matthew Wilkins,justinwoods@example.com,KM,2020-02-04,Basic,22369.82
8482,Justin Dougherty,osaunders@example.net,BH,2018-01-03,Standard,15068.57
8483,Paul Carroll,marygarcia@example.net,SE,2022-10-27,Basic,15940.82
8484,Sean Wright,sallen@example.org,BS,2021-05-05,Standard,22346.58
8485,Susan Buchanan,courtney34@example.com,VN,2023-10-31,Basic,20025.07
8486,Nicole Wiley,vzimmerman@example.net,SY,2022-10-24,Premium,9431.55
8487,Kara Davis,sierrafuller@example.org,VN,2018-07-18,Standard,8288.99
8488,Miranda Richardson,pgibson@example.org,AU,2023-02-26,Premium,5838.21
8489,Sheryl Cortez,robertdunn@example.net,WS,2021-01-24,Standard,11101.30
8490,Amy Johnston,jeffrey38@example.org,AU,2018-06-27,Premium,9976.83
8491,John Gutierrez,martinkristen@example.com,CF,2019-08-13,Standard,10359.36
8492,Monica Snow,jeffrey09@example.org,CZ,2020-07-01,Standard,16597.05
8493,Molly Ballard,paulaross@example.org,NE,2018-10-11,Standard,14693.65
8494,Patricia Hernandez,jonathanpreston@example.com,AL,2024-03-10,Premium,3500.34
8495,Lauren Hines,xruiz@example.org,PH,2020-06-19,Basic,512.39
8496,Charles Garza,dean55@example.com,MD,2021-02-22,Premium,11972.77
8497,Theresa Randolph,gzamora@example.org,CG,2022-06-21,Basic,15344.52
8498,Samuel Smith,robert55@example.com,HN,2024-11-15,Standard,7394.02
8499,Matthew Smith,james93@example.net,PK,2021-05-19,Standard,19346.80
8500,Matthew Hodge,xvaldez@example.net,VC,2023-08-06,Premium,8077.72
8501,Harold Valdez,justinlee@example.com,ID,2018-02-07,Basic,7049.60
8502,Victoria Wright,amysmith@example.net,PW,2020-01-25,Premium,18598.67
8503,James Tucker,norrisstephanie@example.net,NR,2020-10-23,Premium,5314.80
8504,Leah Sanchez,breannapadilla@example.net,LV,2023-09-30,Premium,19169.81
8505,Cheryl Burton,eneal@example.org,TJ,2021-01-26,Premium,11359.23
8506,Robert Chang,karen58@example.net,PL,2019-06-01,Standard,2765.27
8507,Darlene Austin,bradleylisa@example.net,CF,2021-09-17,Standard,6165.01
8508,Carlos Singh,curtis50@example.net,NI,2022-06-20,Basic,2700.31
8509,Chelsea Wright,anthony59@example.net,AE,2023-12-30,Standard,7883.13
8510,Dana Russo,qharris@example.org,LR,2021-02-28,Basic,23204.16
8511,Amy Wall,cheyenneguerra@example.net,SM,2022-04-23,Premium,20852.41
8512,Gina Adkins,campbellzachary@example.org,LI,2024-04-25,Standard,373.66
8513,Felicia Bell,zfreeman@example.com,CR,2021-02-10,Premium,9223.07
8514,Sherry Ford,zjohnson@example.net,QA,2018-09-09,Premium,24918.73
8515,Ruben Moreno,schmittsara@example.net,VA,2020-05-22,Premium,16428.97
8516,Charles Carter,scott33@example.net,KM,2024-12-16,Standard,16891.41
8517,Raymond Armstrong,williamspears@example.com,BB,2021-04-07,Standard,4532.08
8518,Ryan Gonzalez,ajordan@example.com,UA,2020-06-29,Premium,8053.96
8519,Steven Mclaughlin,vsmith@example.com,TT,2024-01-12,Premium,13134.02
8520,Megan Robinson,gordonjessica@example.com,CH,2020-07-16,Premium,6988.35
8521,Darren Henderson,rebeccarichardson@example.net,JM,2019-07-27,Basic,10877.08
8522,Justin Wright,vjensen@example.org,TH,2020-01-23,Basic,15430.92
8523,Sean Gilmore,gilbertkyle@example.net,GB,2019-01-07,Standard,3948.29
8524,Victoria Crawford,christopher68@example.com,SZ,2023-06-12,Standard,23781.96
8525,Mary Scott,jessicaknight@example.net,HR,2024-09-24,Premium,20730.51
8526,Andrew Ayers,jessicaparker@example.com,GN,2018-04-19,Standard,2175.32
8527,Ryan Hudson,bobfernandez@example.org,PW,2023-03-16,Basic,23190.28
8528,Lauren Clarke,josephsullivan@example.org,GR,2019-12-26,Premium,8979.57
8529,Allison Harrison,paulgreer@example.net,LI,2020-09-13,Basic,4402.32
8530,Monique Mendez,loganberry@example.net,BR,2022-07-22,Standard,15103.09
8531,Joshua Johnson,timothystewart@example.org,PG,2023-04-29,Premium,9905.38
8532,Scott Haynes,reneegonzalez@example.net,NO,2019-06-01,Standard,18788.11
8533,Zachary Rodriguez,leetracey@example.org,LU,2020-06-01,Premium,20975.04
8534,Rachel Hunter,osborneeric@example.net,LI,2024-07-29,Premium,12502.79
8535,Erik Case,michaelthompson@example.org,MA,2021-05-22,Basic,19505.88
8536,Shirley Pearson,thomas61@example.com,IN,2022-01-07,Premium,4623.66
8537,Antonio Ellis,tmunoz@example.org,BS,2018-07-04,Standard,2380.49
8538,Carolyn Washington,rodriguezerika@example.com,NZ,2024-07-24,Premium,2656.07
8539,Timothy Sullivan,alecpena@example.org,AR,2020-09-07,Basic,6087.97
8540,Paul Gibbs,jacobwilliams@example.org,AO,2022-03-11,Basic,5642.32
8541,Caitlin Blackwell,alester@example.com,DJ,2024-10-10,Standard,2118.82
8542,Vicki Phillips,brandon13@example.com,RO,2018-09-11,Premium,1453.37
8543,George Castro,donaldbrown@example.org,SM,2018-03-30,Premium,17718.33
8544,Patrick Pierce,emorris@example.net,GR,2021-10-31,Standard,2486.25
8545,Larry Hill,gtorres@example.org,CN,2019-08-22,Premium,21042.16
8546,Nancy House,elliottryan@example.com,SK,2022-03-23,Basic,17948.54
8547,Ian Wilson,wwu@example.com,CR,2021-02-24,Basic,12305.74
8548,Patrick Jackson,qjensen@example.net,GH,2023-10-07,Basic,9211.66
8549,David Smith,donald89@example.org,CL,2024-09-22,Standard,61.43
8550,Antonio Owens,joshua50@example.org,KH,2023-01-16,Basic,24937.52
8551,Jason Chen,howardjames@example.com,KR,2019-08-08,Premium,11.76
8552,Maureen Lynch,hcastro@example.org,AR,2021-11-10,Basic,20095.04
8553,Keith Nixon,milessteven@example.org,SV,2020-06-08,Premium,18572.50
8554,Jared Hayden,kenneth40@example.net,SR,2018-12-06,Standard,16272.24
8555,Gabriela Smith,anthonyroy@example.net,AM,2023-04-04,Standard,22901.23
8556,Elizabeth Anderson,tsmith@example.com,NL,2023-12-30,Premium,7121.60
8557,Robert Pierce,melissatorres@example.org,DM,2022-03-24,Standard,11027.30
8558,Phillip Hall,patricia97@example.com,SC,2021-03-25,Premium,11098.45
8559,Gregory Carson,cooperjuan@example.com,GE,2019-04-30,Basic,7392.71
8560,Rachel Lawson,susan75@example.com,GW,2021-12-15,Premium,16941.98
8561,Kendra Cox,skent@example.com,BN,2019-03-04,Premium,16752.00
8562,Kenneth Johnson,rbowman@example.com,HU,2023-08-06,Standard,24229.91
8563,John Anderson,lopezkaren@example.org,ER,2022-10-20,Standard,1460.33
8564,Charles Gregory,astafford@example.net,GT,2019-12-26,Basic,11773.29
8565,Robert Steele,rpope@example.org,GQ,2022-09-09,Premium,3125.54
8566,Amanda Reid,brucebradford@example.org,AT,2024-06-15,Premium,13844.36
8567,Kelly Rodriguez,pachecopaul@example.net,KM,2021-08-08,Standard,13686.00
8568,Kara Day,jacob23@example.net,MX,2022-07-25,Basic,1854.48
8569,Mark Ruiz,jsimon@example.org,PA,2018-09-03,Premium,3301.14
8570,Michelle Marks,kmartin@example.net,WS,2018-10-11,Basic,2846.93
8571,Alicia Cummings,stephanie23@example.net,BF,2023-05-14,Basic,13677.36
8572,Mariah Graham,perkinschristopher@example.org,TO,2022-12-15,Premium,9659.55
8573,Ashley Wells,tylersmith@example.org,ID,2023-05-12,Basic,10689.45
8574,Sydney Thompson,jeffreyhughes@example.org,TJ,2021-10-05,Premium,3387.08
8575,Todd Jones,travispearson@example.org,TG,2020-03-23,Basic,12157.36
8576,Megan Jones,stephaniekeller@example.com,TD,2024-01-18,Standard,14644.34
8577,Alex Sanchez,shannon68@example.net,UG,2018-10-21,Premium,9463.77
8578,Kevin Walker DDS,williamschristopher@example.com,MH,2023-10-18,Basic,7112.10
8579,James Washington,justin70@example.org,TH,2023-10-01,Standard,10352.13
8580,Steven Davis,timothy90@example.com,VA,2023-08-02,Premium,2078.16
8581,Charles Wood,pamelawright@example.org,FJ,2019-09-16,Basic,7789.23
8582,Gary Wallace,sarasalinas@example.org,ME,2018-03-30,Premium,722.95
8583,Carol Melendez,davidpatel@example.com,SC,2020-09-29,Standard,20754.45
8584,Carrie Warner,bentleyryan@example.com,GN,2020-10-03,Basic,18808.54
8585,Tanya Lewis,shelly87@example.com,ER,2024-05-01,Basic,3712.57
8586,Damon Carter,lawrencestephanie@example.org,IE,2020-09-23,Basic,17432.29
8587,Paul Richards,robertmcdowell@example.com,IE,2020-04-28,Premium,6491.33
8588,Daniel King,bradfordwendy@example.com,TD,2021-11-12,Basic,16467.64
8589,Susan Carr,jonesjeremiah@example.com,RW,2023-08-20,Standard,9499.74
8590,Caroline Price,wstewart@example.com,NA,2020-05-04,Premium,24272.47
8591,Zoe Clarke,kylehorton@example.net,PK,2024-01-02,Basic,6446.37
8592,Allison Garcia,russellmichael@example.org,EC,2023-07-04,Basic,13843.61
8593,John Anderson,greenrobert@example.com,DE,2023-07-29,Standard,8562.46
8594,Adam Griffin,veronica96@example.com,TW,2018-10-21,Standard,22387.92
8595,Joseph Vazquez,jeremy44@example.com,PA,2023-11-16,Premium,1031.10
8596,Jamie Jackson,kmccarthy@example.com,NE,2019-02-07,Standard,16682.47
8597,Jill Valenzuela,traci77@example.com,RO,2018-05-05,Standard,20095.71
8598,Maria Hartman,kingmichael@example.org,MY,2019-11-02,Basic,10699.26
8599,Tammy George,maria91@example.org,LY,2021-04-14,Premium,10777.06
8600,Jessica Waller,christinataylor@example.net,TH,2020-06-21,Standard,1590.34
8601,Colton Thomas,ingramjoseph@example.com,PW,2019-08-15,Standard,4576.97
8602,Colleen Gonzalez,brandyfrench@example.org,CZ,2021-02-19,Standard,23576.68
8603,Julie Hughes,emmacruz@example.net,CD,2020-06-22,Premium,12225.22
8604,Brandon Stewart,leemary@example.com,SL,2022-02-05,Basic,9806.30
8605,Emily Evans,thompsonmegan@example.org,BN,2022-04-30,Basic,11731.54
8606,Allison Snyder,ahall@example.net,LB,2022-08-10,Standard,13223.37
8607,David Frederick,sara76@example.org,CI,2023-09-26,Standard,14717.01
8608,Joseph Campbell,gtate@example.com,AG,2019-10-17,Premium,6967.05
8609,Brian Clayton,melanie12@example.com,AO,2024-06-24,Standard,17703.94
8610,Karen Cummings,smills@example.org,VE,2019-05-08,Premium,7670.68
8611,Paige James,james83@example.com,GT,2019-07-20,Standard,145.34
8612,Angel Gonzales,samuel03@example.org,BB,2022-08-20,Basic,3240.35
8613,Jimmy Brewer,joeortiz@example.org,IR,2024-05-13,Standard,8174.78
8614,Ann Castillo,timothy98@example.net,AL,2023-12-27,Standard,21468.71
8615,Paul Brown,markbarrera@example.org,DE,2019-08-09,Basic,1355.92
8616,Luke Chavez,matthew67@example.net,BG,2022-09-24,Premium,18767.35
8617,John Vega,gwilliams@example.org,CH,2022-09-08,Basic,12304.75
8618,Victoria Ellis,joshuapennington@example.org,MX,2024-09-12,Premium,18492.38
8619,Jason Johnson,morenobrian@example.com,FI,2018-03-31,Basic,11021.24
8620,Timothy Walters,bvillegas@example.org,ZA,2020-06-01,Standard,17120.37
8621,Steven Hicks,jlee@example.net,JO,2021-01-08,Premium,1823.73
8622,Tyler Taylor,lisa94@example.com,OM,2024-06-15,Premium,7529.04
8623,Marc Sharp,priley@example.org,HR,2022-03-01,Premium,4651.16
8624,Patricia Gonzalez,timothy85@example.org,SM,2020-03-13,Standard,22324.49
8625,Chelsey Brooks,daniel51@example.com,TH,2023-03-06,Basic,24599.15
8626,Brett Santos,stevenjames@example.net,KH,2018-01-26,Standard,22767.70
8627,Jose Sharp,dtanner@example.net,FR,2023-07-12,Basic,14180.94
8628,Kyle Hood,patrick80@example.net,SI,2019-07-15,Standard,2905.43
8629,Michael Hopkins,jkim@example.org,MU,2023-10-30,Standard,17452.86
8630,Colleen Watts,alicia86@example.net,IQ,2018-08-01,Standard,605.68
8631,Dr. Kelly Martinez MD,santoswilliam@example.org,HR,2020-07-31,Basic,15274.10
8632,Jaime Torres,moorelisa@example.org,MM,2019-07-03,Premium,7315.12
8633,Erica Roberson,cynthia88@example.org,MC,2024-03-25,Basic,21021.90
8634,Hannah Bennett,jessicawest@example.net,SO,2019-08-13,Premium,4826.70
8635,James Serrano,dmckinney@example.org,MY,2019-10-02,Basic,1402.51
8636,Zachary Conrad,goldenthomas@example.net,VE,2024-05-13,Basic,17579.00
8637,Jamie Garcia,lynchmark@example.com,ME,2021-07-21,Premium,17944.19
8638,James Berry,jennysanchez@example.net,FI,2022-06-05,Standard,10005.03
8639,Michael Allen,gloria01@example.net,ES,2022-12-29,Premium,9885.60
8640,Bryan Davis,andrewdennis@example.com,DO,2022-07-26,Basic,5492.74
8641,James Best,rphillips@example.net,BY,2019-07-30,Basic,10658.46
8642,Sarah Bolton,donnasanchez@example.com,AM,2018-01-18,Premium,1684.09
8643,Gabriela Foster,kelly92@example.org,CU,2019-07-21,Premium,676.67
8644,Robert Jordan,edwin96@example.com,GR,2018-07-20,Basic,16897.23
8645,Sheena West,ebonyhenderson@example.org,SC,2021-04-11,Basic,22952.65
8646,Lori Thompson,smithmadison@example.net,PW,2019-06-03,Standard,20427.67
8647,Reginald Mullins,zsmith@example.net,FJ,2024-02-03,Premium,5114.82
8648,Austin Caldwell,perrymoore@example.net,GM,2020-05-20,Standard,21227.88
8649,Brandon Garza,whitney49@example.com,MG,2024-06-18,Standard,573.52
8650,Melissa Maldonado,eric85@example.net,TR,2023-09-18,Premium,23462.62
8651,Gregory Woodward,ebryant@example.org,CV,2024-01-22,Basic,10136.79
8652,Michael Robinson,rileynicole@example.org,GY,2018-12-18,Basic,5171.14
8653,James Carter,cassandrapark@example.com,GD,2018-02-05,Standard,16002.87
8654,Connie Orozco,marymcconnell@example.net,CR,2020-11-03,Basic,22933.86
8655,Jessica Williams,wilsonyvonne@example.org,SD,2022-11-17,Basic,3327.02
8656,Richard Salazar,mevans@example.org,HU,2024-04-22,Standard,22930.67
8657,Megan Hubbard,yowens@example.net,UA,2021-02-20,Basic,17879.81
8658,Shawn Harris,chansen@example.com,YE,2018-08-01,Premium,21677.17
8659,Janet Foster,daniellozano@example.com,PW,2019-08-20,Standard,15540.79
8660,Jason White,melinda68@example.net,VC,2019-01-19,Basic,23263.21
8661,Chase Hampton,sdunn@example.com,KN,2022-03-13,Premium,20621.75
8662,Jeremy Bryan,deborah21@example.net,AM,2018-01-04,Premium,2707.03
8663,Katrina Frazier,danielmorse@example.net,SD,2021-09-21,Standard,9787.61
8664,Shawn Patton,xray@example.net,CH,2023-05-01,Standard,19677.08
8665,Wayne Turner,riverarichard@example.org,PH,2023-12-14,Basic,17273.08
8666,Ian Serrano,ycole@example.com,EE,2018-09-03,Basic,21944.38
8667,Teresa Sherman,brooksdebra@example.org,FI,2020-06-06,Basic,18343.71
8668,Adam Smith,courtney05@example.org,AD,2024-06-21,Basic,18933.30
8669,Anne Elliott,aaron98@example.net,PW,2018-05-27,Standard,6382.02
8670,Devon Barnes,dgarcia@example.com,CO,2018-10-07,Premium,7046.14
8671,Heather Sanchez,jimmysimpson@example.org,ID,2021-01-18,Premium,1596.86
8672,Wendy Hernandez,amber19@example.net,KN,2022-07-20,Standard,22340.62
8673,Steve Vasquez,roy51@example.net,SN,2021-10-24,Premium,17177.59
8674,Michael Brooks,ritarodriguez@example.com,AT,2021-09-14,Premium,13061.02
8675,Cathy Castro,emily97@example.net,VA,2019-02-27,Standard,12876.29
8676,Michael Mcintyre,russellperez@example.net,MK,2020-06-08,Standard,7757.36
8677,Juan Walter,sheltonallison@example.org,BY,2021-08-02,Standard,12642.15
8678,Willie Brennan,alvaradoedwin@example.org,BB,2020-03-18,Premium,15611.64
8679,Cameron Best,robertsellen@example.net,MD,2018-02-19,Premium,23054.36
8680,Kimberly Daniels,joel67@example.net,AD,2023-10-16,Standard,9535.83
8681,Tina Ibarra,debra61@example.com,BJ,2023-01-07,Premium,12176.46
8682,Matthew Ayers,ifrost@example.net,WS,2023-01-21,Basic,6556.60
8683,Michelle Nunez,hamiltonivan@example.com,NA,2019-01-09,Basic,930.04
8684,Karen Avila,ethanyoung@example.org,SM,2023-03-10,Basic,2567.69
8685,Valerie Torres,ricardo17@example.net,ZA,2024-10-19,Basic,17347.87
8686,Emily Wheeler,sandra71@example.net,BS,2020-04-16,Standard,17543.17
8687,Adam Jensen,dawn41@example.com,FI,2022-11-21,Premium,2667.58
8688,Bryan Rogers,mcdanieldarlene@example.net,GB,2023-10-15,Standard,10607.33
8689,Thomas Perez,masseyalisha@example.net,MT,2023-10-21,Standard,2820.57
8690,Rhonda Turner,melendezphillip@example.org,AG,2024-05-18,Basic,11750.57
8691,Tammy Anderson MD,whunt@example.org,NL,2022-04-28,Standard,8906.20
8692,Doris Manning,davidsonroger@example.org,BF,2023-11-06,Premium,16599.89
8693,Phillip Manning,stephanie51@example.net,CR,2019-10-17,Standard,1641.82
8694,Carolyn Olson,christymcguire@example.net,VN,2018-06-20,Basic,8021.19
8695,Ashley Henderson,saguirre@example.net,PY,2018-04-26,Standard,24241.16
8696,Derrick Burgess,leslieburke@example.com,KG,2024-01-06,Premium,9373.10
8697,Holly Rodriguez,jamieporter@example.net,TT,2020-11-12,Standard,16090.60
8698,Courtney Richardson,kimberlyclark@example.net,BT,2018-10-02,Basic,8694.44
8699,Ashley Garza,xmcgee@example.com,NR,2021-09-02,Standard,17639.73
8700,Penny Contreras,karenfuller@example.org,KR,2024-02-13,Standard,6172.84
8701,Joy Stone,etaylor@example.net,TO,2020-09-07,Premium,14462.56
8702,Ryan Jones,morrisjoshua@example.org,NO,2024-08-27,Basic,4077.36
8703,Mr. Chris Robinson MD,hamiltonchristina@example.net,UA,2019-10-15,Standard,10004.49
8704,Derek Burton,kristintaylor@example.com,LI,2019-08-05,Premium,11703.11
8705,Jean Matthews,,GN,2023-05-29,Standard,13988.95
8706,Stephen Clark,eosborn@example.com,IR,2018-09-30,Basic,8256.27
8707,Jacob Cohen MD,esimpson@example.net,IL,2021-01-01,Standard,10693.92
8708,Denise Dean,cmiller@example.net,PH,2023-06-10,Basic,21725.17
8709,Eric Hull,dakota26@example.com,AT,2018-01-18,Premium,161.50
8710,Steven Stuart,tiffanywalker@example.org,CR,2023-10-13,Standard,5112.71
8711,Jennifer Graves MD,nguyenspencer@example.org,SE,2023-03-08,Premium,11974.75
8712,George Benton,davidgraham@example.com,VN,2022-04-23,Standard,14813.17
8713,William Scott,daniellebishop@example.com,BA,2020-06-28,Standard,7916.39
8714,Jeremy Clements,holmesalex@example.com,IN,2022-02-28,Basic,17753.01
8715,Amber Zimmerman,whouse@example.net,SM,2019-11-06,Standard,3144.55
8716,Mr. Nathan Garrett,bdelgado@example.com,LK,2023-10-23,Standard,23584.70
8717,David Gillespie,brandon97@example.com,CY,2022-10-13,Premium,24207.02
8718,Sheila Ramos,juliegrant@example.org,TW,2018-01-19,Basic,11677.89
8719,Jennifer Martinez,dmolina@example.org,MR,2020-02-20,Premium,13379.27
8720,Elizabeth Gonzales,amber81@example.com,SD,2024-04-30,Standard,3126.54
8721,Adam Robinson,taylorsteven@example.org,CG,2018-02-02,Basic,11417.00
8722,Nicole Phillips,ericaherrera@example.net,IN,2020-07-05,Basic,21625.73
8723,Joshua Hansen,josephmurray@example.net,BR,2019-11-15,Standard,19833.95
8724,Michael Murphy,ramseyamy@example.net,TO,2023-04-06,Standard,22996.35
8725,Cindy Patterson,scott59@example.net,IN,2019-04-20,Premium,21970.49
8726,Kristi Velez,james40@example.com,KH,2023-08-16,Standard,3505.21
8727,Teresa White,michael88@example.net,TO,2019-06-10,Basic,18312.19
8728,Charles Holder,walshtimothy@example.org,SY,2023-08-27,Standard,4960.49
8729,Timothy Flowers,cunninghambrian@example.org,IE,2024-10-04,Premium,215.50
8730,Karen Howard,jasonramos@example.net,HT,2018-12-06,Premium,1829.58
8731,Juan Campbell,bianca86@example.com,ZW,2019-08-03,Basic,21438.74
8732,Anna Gordon,karenvaughn@example.org,MA,2019-07-31,Premium,7380.08
8733,Lisa Lamb,zfrank@example.net,IT,2021-04-03,Standard,5415.16
8734,Melvin Yang,pamelakelly@example.com,HU,2018-08-01,Standard,18471.48
8735,Megan Johns,rebeccamartin@example.com,AG,2023-06-04,Basic,16555.38
8736,Tara Wilkerson DDS,fporter@example.org,AU,2023-04-08,Premium,18934.78
8737,Emily White,rebecca77@example.org,ZW,2022-10-16,Premium,16946.39
8738,Jeffrey Davis,cortezjonathon@example.com,HT,2024-07-14,Basic,11868.42
8739,David Manning,mercadomaxwell@example.com,MT,2022-03-21,Standard,17744.42
8740,Benjamin Simon,grossdanielle@example.net,TD,2022-11-15,Standard,19297.02
8741,Megan Lopez,jessica94@example.net,CZ,2022-07-08,Standard,10167.99
8742,Tammie Nunez,wilsonmark@example.net,BG,2018-06-16,Basic,15235.00
8743,Abigail Banks,nguyenkimberly@example.org,BZ,2022-03-27,Basic,21367.36
8744,Natalie Gardner,bryanrodriguez@example.net,KG,2020-03-08,Standard,19474.47
8745,Erika Cortez,abowers@example.net,SK,2018-03-07,Premium,15374.83
8746,Francisco Thomas,aprilgarcia@example.net,LU,2022-02-10,Premium,4036.92
8747,Sarah Barnes,feliciabass@example.com,CH,2021-02-27,Premium,24660.34
8748,Ian Reynolds,jose09@example.net,MM,2022-04-05,Basic,17816.16
8749,Anne Warner,cynthiaknight@example.org,CZ,2020-03-14,Standard,15603.57
8750,Cristina Rhodes,icastillo@example.com,IR,2020-01-17,Premium,20944.71
8751,Matthew Lopez,bevans@example.net,PA,2024-07-01,Premium,19005.98
8752,Michael Guerrero,pgriffin@example.com,ZM,2020-09-25,Basic,17585.51
8753,Adam Walters,steven66@example.net,US,2023-02-22,Premium,9046.14
8754,Holly Cooper,raven08@example.com,SV,2021-03-11,Standard,16794.05
8755,Ian Moore,wangmichael@example.org,ER,2022-09-22,Premium,19056.58
8756,Pam Martinez,lopezdana@example.net,SM,2021-10-02,Standard,19714.77
8757,Renee Larsen,stephenbrown@example.com,VC,2024-07-31,Premium,2065.40
8758,Maria Lopez,vargasjulie@example.org,ZA,2021-09-08,Premium,18630.54
8759,Anthony Holt,jrogers@example.org,BN,2019-01-29,Premium,1731.07
8760,Adam Ortiz,gcarey@example.org,SE,2019-09-13,Standard,222.83
8761,Christina Mann,rosshannah@example.com,SC,2023-08-27,Premium,3363.76
8762,Denise Berg,psuarez@example.org,NZ,2021-11-29,Basic,14295.51
8763,Scott Davis,levimosley@example.net,NZ,2020-05-05,Basic,6541.35
8764,Christopher Thomas,emily47@example.com,ER,2023-04-04,Standard,14946.83
8765,Megan Hicks,phillipfarmer@example.org,UG,2024-03-28,Premium,5516.43
8766,Benjamin Simmons,vmiller@example.com,IT,2021-03-29,Basic,12509.84
8767,Caleb Gillespie,scottebony@example.net,TT,2020-04-27,Standard,12299.92
8768,Kevin Kerr,xwoodard@example.org,CY,2019-01-01,Basic,4672.28
8769,Stephanie Stanley,gburke@example.org,BN,2021-03-07,Basic,10072.99
8770,Edward Hernandez,mcmillanryan@example.org,SO,2024-05-24,Premium,20455.05
8771,Jennifer Webb,hansonnicholas@example.com,MW,2022-04-24,Premium,24257.48
8772,Wendy Allen DDS,timothyoliver@example.net,BS,2023-09-01,Standard,24623.78
8773,Todd Young,acraig@example.com,GN,2022-05-06,Standard,16969.47
8774,Thomas Lee,cgill@example.org,KE,2020-09-10,Premium,573.64
8775,Russell Burns,bellchristopher@example.net,SR,2020-04-30,Premium,23560.28
8776,Kelli Orozco,nataliewilliams@example.org,SZ,2023-07-20,Basic,3467.73
8777,Elizabeth Wagner,youngbenjamin@example.org,PE,2022-07-28,Standard,9121.68
8778,Jacob Newman,ufrank@example.org,TN,2023-10-25,Premium,7759.45
8779,Alicia Miller,tylerarcher@example.com,KN,2024-01-16,Standard,6596.74
8780,Brooke Alexander,rebecca79@example.org,DO,2024-08-22,Premium,24712.53
8781,Stephen Williams,jonathanbennett@example.com,VA,2023-08-03,Basic,3213.39
8782,Ruben Mccoy,johnwilson@example.net,BN,2018-01-11,Premium,20271.10
8783,Emma Dillon,freystephen@example.org,NI,2019-08-02,Premium,13652.61
8784,Joseph Maddox,zwilliams@example.net,OM,2018-07-23,Premium,7604.86
8785,Daniel Martin,andreagarcia@example.net,IS,2022-03-25,Premium,7990.74
8786,Robert Mckinney,leonard42@example.net,ZW,2024-08-10,Premium,13986.96
8787,Julie Ramirez,mreed@example.net,YE,2021-10-16,Standard,5211.79
8788,Lorraine Aguilar,donnadavis@example.net,CY,2019-08-10,Standard,21935.29
8789,Lisa Gonzalez DDS,qferguson@example.com,AG,2022-06-30,Basic,5072.96
8790,Alexander Wyatt,moralesmatthew@example.com,MH,2018-08-22,Basic,17401.85
8791,Gregory Sloan,mariowood@example.org,ST,2020-03-22,Premium,8006.71
8792,Megan Jennings,perrydestiny@example.com,NO,2022-09-20,Basic,22739.41
8793,Yvette Webb,daniellelopez@example.com,AM,2022-04-12,Basic,17819.21
8794,Robert Quinn,amberstark@example.net,NO,2020-04-02,Premium,2235.23
8795,Michelle Morrison,troytaylor@example.org,NO,2018-08-27,Premium,18059.55
8796,Tiffany Smith,cbates@example.org,BI,2024-08-10,Premium,13158.08
8797,Rita Gonzalez,wattskathleen@example.org,NR,2024-09-03,Basic,5869.90
8798,Jason Williams,marcia21@example.com,FJ,2024-03-15,Standard,13026.03
8799,Steve Johnson,markcole@example.org,RU,2018-01-15,Standard,21340.20
8800,Stephanie Smith,sheena50@example.net,CD,2023-12-18,Premium,4337.25
8801,Joanne Rice,solomonbrian@example.com,ER,2020-08-02,Standard,17475.51
8802,Pamela Thomas,michaelbeck@example.org,KH,2021-02-15,Premium,8377.57
8803,Lee Parks,grantlogan@example.org,GD,2024-09-24,Premium,15624.83
8804,Robert Thomas,johnsmith@example.com,ZM,2018-07-27,Basic,18489.88
8805,Chad Holden,agross@example.com,CF,2018-07-22,Standard,17656.93
8806,Karen Pena,tyler30@example.net,ZW,2022-12-22,Standard,10617.44
8807,Ashley Roberson,ublankenship@example.net,AL,2020-09-20,Standard,9847.70
8808,Sara Freeman,tcastillo@example.com,GA,2023-12-27,Basic,618.31
8809,Mrs. Margaret Lee,michaelparsons@example.net,KG,2018-12-04,Premium,24626.13
8810,Andrew Jones,romerostacy@example.org,FJ,2022-10-24,Basic,1669.50
8811,William Dillon,petercastillo@example.com,AR,2024-06-01,Standard,19495.24
8812,Erik Walker,connor16@example.org,ZA,2020-11-16,Standard,21170.10
8813,Karen Fischer,tina57@example.net,GW,2021-11-24,Basic,5507.20
8814,Sergio Bell,alexanderadams@example.net,CN,2018-12-28,Premium,24486.95
8815,Rachel Smith,lhouston@example.org,MZ,2024-02-25,Premium,16858.58
8816,Lisa Hahn,htaylor@example.com,AR,2020-09-28,Premium,21550.45
8817,Larry Mcgee,matthewstracy@example.org,BJ,2022-11-08,Standard,23246.71
8818,Cody Young,tonya99@example.com,MH,2024-10-12,Standard,15468.35
8819,Scott Grant,crystal45@example.net,GQ,2021-04-03,Premium,2366.61
8820,Mary Blake,cbrown@example.org,DK,2024-07-22,Premium,18674.90
8821,Brianna Castro,glenn21@example.org,ST,2019-07-28,Basic,10554.77
8822,Damon Anderson,nataliehall@example.org,BH,2020-08-11,Standard,24967.46
8823,Donna Ellison,nicholas30@example.org,UG,2021-12-29,Basic,719.54
8824,Aaron Morgan,bmay@example.org,AR,2019-03-02,Standard,20307.36
8825,Heather Williams,marklong@example.org,BS,2022-10-16,Standard,17251.98
8826,Jessica Graham,jeffreylittle@example.org,IQ,2019-02-07,Basic,12380.99
8827,John Turner,ayork@example.com,GT,2022-06-19,Premium,16455.05
8828,Lisa Anderson,agutierrez@example.org,LK,2024-02-01,Premium,10229.18
8829,Tina Reyes,sarahwalters@example.com,CU,2020-08-25,Standard,13618.67
8830,David Gonzales,xtucker@example.com,SY,2022-01-04,Premium,2194.54
8831,Crystal Lane,dustin03@example.com,ML,2022-06-13,Basic,4036.63
8832,Lisa Collins,john40@example.org,GW,2022-07-03,Premium,14803.11
8833,Kristina Hale,evan95@example.org,KN,2020-01-24,Standard,10806.38
8834,Michelle Murray,pam28@example.com,AL,2022-12-24,Basic,20770.06
8835,Melissa Patel,robert38@example.org,EG,2023-10-10,Premium,14246.90
8836,Paula Hernandez,powellsarah@example.net,ML,2020-03-08,Standard,16089.53
8837,Shannon Richardson,egreen@example.org,ET,2018-12-17,Standard,24737.76
8838,Brandy Martinez,barberamy@example.net,SY,2021-08-23,Premium,4681.53
8839,Carmen Hall,christine02@example.net,BJ,2024-10-02,Basic,22299.77
8840,Joshua Williams,oarnold@example.com,YE,2024-01-12,Basic,16.89
8841,Michael Maddox,douglascohen@example.com,ER,2021-04-08,Basic,14593.30
8842,Felicia Jenkins,elizabeth72@example.org,LU,2021-07-26,Basic,13386.52
8843,Sarah Daugherty,steventapia@example.net,KE,2019-07-10,Standard,8534.96
8844,Kurt Lopez,onealbeth@example.com,IT,2023-05-07,Standard,11621.33
8845,Jerry Stewart,sheryl70@example.com,RS,2022-11-12,Standard,24363.29
8846,Elizabeth Franklin,suttonpaul@example.org,ZW,2023-07-25,Standard,7409.65
8847,Sydney Brown,gsherman@example.org,NP,2024-02-27,Premium,22803.37
8848,Katie Macdonald,kimberlythomas@example.com,GQ,2022-02-21,Basic,13305.03
8849,Jennifer Howell,brownamy@example.org,JM,2021-07-22,Premium,23106.94
8850,Kimberly Munoz,vparks@example.com,BN,2021-04-06,Premium,19330.17
8851,Catherine Carney,tamarageorge@example.org,NO,2019-03-24,Standard,8241.54
8852,Angela Buchanan,kristenwilson@example.net,DJ,2024-03-08,Basic,4711.78
8853,Lori Morrow,hansenryan@example.net,CV,2018-10-14,Premium,14755.78
8854,Steven Carpenter,umorris@example.com,NG,2021-12-14,Standard,8772.97
8855,Lauren Cohen,jwalker@example.com,BA,2019-01-16,Basic,13321.92
8856,Hannah Lawrence,ffrost@example.net,VN,2018-11-25,Basic,2853.77
8857,Melissa Campbell,morenoscott@example.com,FJ,2021-06-17,Basic,10713.26
8858,Mark Roberson,stephanie26@example.com,WS,2018-08-18,Basic,9026.52
8859,Ruben Francis,youngcameron@example.net,ES,2018-06-28,Premium,17959.98
8860,Jennifer Williams,sanderson@example.net,EE,2020-01-23,Standard,6744.24
8861,Kimberly Herring,olsoncrystal@example.net,LI,2020-01-12,Basic,23697.35
8862,Jennifer Figueroa,christopher32@example.com,LV,2024-04-17,Standard,8739.52
8863,Morgan Swanson,ericajones@example.net,KZ,2023-03-12,Premium,15661.48
8864,Christopher Cain,matthewbond@example.com,LK,2018-03-10,Premium,14741.26
8865,Regina King,jeff25@example.org,BG,2018-03-15,Premium,2541.88
8866,Monica Arroyo,tiffanybailey@example.org,FI,2019-09-07,Standard,15840.50
8867,Ricardo Ward,karen92@example.net,ST,2018-09-19,Basic,12679.39
8868,Kevin Hernandez,michaelhensley@example.org,PA,2018-05-28,Standard,6880.93
8869,Adam Olson,hillmarisa@example.com,JP,2024-05-30,Premium,10037.50
8870,James Austin,phenson@example.org,GW,2024-09-26,Standard,3730.87
8871,Bonnie Thompson,justinmayo@example.net,PK,2020-01-13,Premium,5676.55
8872,Michelle Townsend,mullendaniel@example.org,AZ,2020-02-14,Standard,15118.20
8873,Dwayne Heath,bsmith@example.org,DJ,2019-05-03,Basic,14019.84
8874,Sarah Olson,hartamanda@example.org,DJ,2022-04-24,Premium,22160.89
8875,Andrew Lam,james15@example.org,CI,2018-02-25,Standard,15973.47
8876,Riley Ochoa,hmartinez@example.com,WS,2018-03-23,Premium,20309.66
8877,Steven Stanton,richardsonjohn@example.net,SR,2019-12-09,Standard,16280.21
8878,Denise Caldwell,deborah45@example.com,TR,2022-10-01,Premium,6489.06
8879,Ralph Perry,aprilperez@example.net,KM,2024-06-09,Standard,9087.00
8880,Samantha Jacobs,ricesusan@example.com,BO,2023-04-08,Basic,15876.41
8881,Angela Neal,xhall@example.com,ET,2018-04-12,Basic,20224.31
8882,Crystal Herring,nealgloria@example.com,CH,2023-07-20,Basic,2300.54
8883,Nathan Mitchell,ramirezbeth@example.net,LC,2021-02-08,Standard,9775.71
8884,David Simon,mariamatthews@example.org,NA,2024-09-13,Standard,22532.29
8885,Jose Moran,christinaross@example.org,NP,2023-07-25,Standard,1242.49
8886,Ryan Harper,milesluke@example.com,NO,2022-04-08,Basic,22580.45
8887,Mariah Carter,reyesjoyce@example.com,AO,2020-05-03,Standard,16148.53
8888,Duane Grant,michaelfreeman@example.org,TH,2020-11-02,Standard,5471.75
8889,Mary Rodriguez,joseph41@example.org,SL,2021-09-14,Basic,1639.59
8890,Sara Stewart,jenniferparsons@example.com,LV,2022-04-09,Basic,10728.43
8891,Darren Harris,mooneypatrick@example.org,SA,2024-02-27,Basic,16566.50
8892,Kyle Elliott,melissa38@example.net,BT,2022-09-12,Standard,23186.96
8893,Alexandra Lewis,edwardscaitlyn@example.net,MH,2023-10-07,Premium,16656.43
8894,Richard Martinez,lambertxavier@example.net,PT,2021-01-01,Basic,4957.48
8895,Matthew Carlson,payers@example.org,TH,2021-04-30,Basic,18535.23
8896,Brian Greene,williamsdaniel@example.com,UY,2020-07-25,Basic,23494.47
8897,Lindsay Wilson,,SE,2021-12-17,Basic,13675.82
8898,Diana Howell,emilystark@example.com,MX,2022-10-24,Basic,4000.53
8899,Lori Fisher,smithronald@example.org,HT,2022-09-02,Standard,5395.86
8900,Brittney Ayala,francesclark@example.net,KN,2022-05-24,Standard,12939.63
8901,David Lewis,mark72@example.com,MD,2020-09-11,Premium,732.46
8902,Logan Webster,anthony18@example.net,SO,2023-03-03,Standard,9122.96
8903,Angel Jensen,michelle77@example.com,RU,2023-04-14,Premium,23107.79
8904,Patricia Marshall,amartinez@example.net,YE,2024-10-30,Standard,6092.58
8905,Troy Clark,canderson@example.com,MA,2022-08-01,Basic,14021.32
8906,Carlos Cook,tgomez@example.net,TZ,2020-10-28,Standard,6096.38
8907,Valerie Morales,reynoldscameron@example.net,AE,2022-10-30,Basic,17262.72
8908,Hunter Smith MD,deborah43@example.net,SR,2024-01-03,Premium,8900.78
8909,Hayden Harris,tamara00@example.com,MD,2021-06-05,Standard,19992.75
8910,Jacqueline Lee,denise84@example.org,LS,2022-01-19,Basic,797.03
8911,Benjamin Sexton,cuevasscott@example.net,KI,2019-12-18,Basic,6728.50
8912,Tyler Lloyd,xjohnson@example.net,CH,2023-03-14,Premium,18320.41
8913,Chelsea Howard,sheppardpatrick@example.com,MC,2018-02-03,Premium,11447.14
8914,Crystal Cabrera,josebarber@example.net,ET,2021-02-22,Premium,22944.15
8915,Jessica Green,markfitzpatrick@example.org,IL,2024-10-07,Premium,14178.61
8916,Melanie Page,mendezjohn@example.net,KW,2023-03-30,Standard,5681.91
8917,Kristin Hicks,joe24@example.com,ML,2023-07-01,Premium,21113.41
8918,Eric Young DDS,vblake@example.org,TV,2024-08-14,Standard,6741.03
8919,Courtney Rojas,dakotawilliams@example.org,SO,2021-11-15,Basic,15722.15
8920,Ricky Taylor,williamsstephen@example.com,UG,2018-01-20,Premium,14055.70
8921,Dale Oconnor,melinda70@example.net,KI,2018-04-28,Premium,10542.75
8922,Scott Norton,edgarcampos@example.org,EG,2021-10-04,Basic,24820.17
8923,Lisa Gordon,nicole57@example.org,UG,2019-03-27,Standard,961.29
8924,Lisa Adams,wsmith@example.com,BD,2019-06-28,Basic,17430.05
8925,Matthew Moore,laura99@example.org,IQ,2018-01-20,Standard,24811.43
8926,Tonya Greer,jeff95@example.net,LB,2018-04-05,Basic,4624.79
8927,Ryan Marshall,stacyruiz@example.org,NZ,2024-04-22,Premium,7791.30
8928,Lisa Underwood,thomasprice@example.org,BY,2021-11-07,Premium,22117.96
8929,Matthew Ruiz,ddavila@example.com,VC,2019-07-25,Standard,14915.63
8930,Stephanie Martinez,joshua78@example.net,AM,2020-08-10,Premium,18764.92
8931,Kenneth Daniels,keith90@example.org,DM,2024-12-16,Standard,4702.27
8932,Frank Black,marioford@example.org,GH,2019-02-16,Premium,3555.91
8933,Christopher Patrick,shawnclayton@example.net,LY,2021-12-15,Basic,729.81
8934,Scott Diaz,jamesbecker@example.org,BY,2019-11-15,Standard,8949.24
8935,William Hood,xdaniels@example.net,BH,2023-03-03,Standard,3724.68
8936,Jennifer Johnson,jamesjones@example.net,MU,2022-11-14,Basic,9507.60
8937,Thomas Jones,jenniferdominguez@example.net,BJ,2020-01-21,Basic,8598.65
8938,Donna Morris,elliottkatie@example.org,EC,2018-07-29,Basic,9086.93
8939,Carol Herman,evilla@example.com,DO,2020-07-04,Basic,4810.97
8940,Shannon Miller,kimcarolyn@example.net,LC,2021-12-04,Standard,7313.89
8941,Erik Bradford,donaldolsen@example.org,BO,2018-11-25,Standard,15798.02
8942,Robin Cook,marshalljulian@example.net,KH,2022-11-02,Premium,19954.66
8943,Vanessa Mcfarland,melaniefloyd@example.org,NE,2018-11-28,Basic,5803.76
8944,Mercedes Davidson,barnesbrett@example.com,SA,2019-01-20,Premium,11915.91
8945,Stephanie Anderson,beckymccormick@example.net,HU,2021-05-31,Standard,20719.93
8946,Monica Moore,brittany22@example.org,SG,2021-07-04,Basic,5497.99
8947,Kimberly Gibbs,reynoldseric@example.com,LA,2023-02-02,Basic,781.27
8948,Gregg Foster,fmiller@example.org,HN,2022-09-08,Premium,11847.66
8949,Roger Caldwell,omeyer@example.org,LB,2024-02-06,Premium,10393.33
8950,Rebecca Taylor,pfields@example.net,HN,2020-03-29,Premium,11056.55
8951,Michelle Wilson,suttonnorman@example.com,KW,2022-04-28,Premium,24942.19
8952,Tabitha Johnson,brianpowers@example.org,LK,2019-07-30,Premium,16695.02
8953,Lisa Mason,kbrown@example.com,BH,2023-05-03,Standard,24083.07
8954,Stephanie Lee,kristinasmith@example.org,NI,2019-11-15,Standard,6433.20
8955,Charlene Thomas,jason84@example.com,DK,2019-02-20,Premium,18831.44
8956,Christine Berry,madeline75@example.org,GR,2018-04-28,Basic,6438.46
8957,James Bray,andrearodriguez@example.net,NG,2019-05-01,Basic,24392.67
8958,Phillip Bauer,powersnathan@example.com,BI,2022-12-16,Standard,3994.59
8959,Shawn Campos,mnicholson@example.com,EG,2024-08-10,Basic,23322.73
8960,Mary Russell,bgallagher@example.com,AO,2022-10-03,Basic,5851.03
8961,George Thompson,michael27@example.com,DE,2024-10-07,Standard,6012.47
8962,Ashley Hudson,silvamichael@example.com,MH,2020-08-20,Basic,14942.82
8963,Rachel Torres,kingjoseph@example.net,BE,2018-10-30,Standard,18618.29
8964,Eric Shields,chelseaturner@example.net,VE,2018-08-31,Standard,8389.67
8965,Jasmine Patterson,reillydonna@example.net,PA,2021-09-13,Basic,15388.63
8966,Sarah Gonzales,smithchristopher@example.org,DE,2024-08-14,Basic,3570.97
8967,Susan Wilson,ryan77@example.com,ER,2019-05-28,Basic,17597.47
8968,Shawn Gonzalez,connienavarro@example.com,MH,2022-09-12,Standard,5689.10
8969,Alyssa Hamilton,kristopher88@example.net,BY,2019-02-14,Premium,23806.71
8970,Rebecca Hanson,xhenry@example.net,TL,2020-05-31,Standard,19541.12
8971,Eric Flores,crawfordkenneth@example.org,CI,2023-12-16,Basic,13264.82
8972,Richard Mayo,zpaul@example.com,AL,2018-06-07,Standard,12552.05
8973,Eric Lopez,gregoryanderson@example.net,CD,2019-01-06,Basic,7293.81
8974,Brandi Whitehead,karen79@example.org,VC,2019-09-16,Premium,3631.24
8975,Colleen Carter,wileychad@example.net,KI,2024-10-25,Premium,10018.45
8976,Adam Johnson,daniel49@example.org,TD,2022-02-09,Premium,21475.53
8977,Thomas Baird,ashleymercado@example.net,AZ,2019-08-16,Basic,4392.61
8978,Heather Kennedy,frazierjames@example.org,ML,2020-08-30,Premium,6157.91
8979,Pamela Gutierrez,psutton@example.net,NP,2019-06-27,Standard,9045.30
8980,Casey Young,frenchjasmine@example.org,SC,2022-02-28,Standard,9464.92
8981,Andrew Tyler,alexandrashepherd@example.com,DJ,2020-01-27,Basic,15240.85
8982,Michael Campbell,kenneth75@example.com,BN,2019-03-28,Basic,8280.89
8983,Peter Morales,yeseniamoore@example.net,TT,2024-08-15,Premium,18712.17
8984,Robert Stafford,williamfuller@example.net,BJ,2020-11-25,Premium,22382.50
8985,Kristy Miller,fwolfe@example.net,FM,2023-11-06,Basic,5078.08
8986,Sara Ford,bryantmatthew@example.com,SI,2021-05-10,Premium,10896.97
8987,Mark Kim,vburns@example.net,JM,2024-11-24,Standard,5625.60
8988,Deanna Rodriguez DVM,shannon37@example.com,US,2018-12-13,Premium,17141.90
8989,Eileen Patel,dustinryan@example.org,SD,2019-10-05,Basic,24533.06
8990,Rachel Yu,michael44@example.com,PE,2023-06-05,Standard,2967.56
8991,Erika Myers,phamdaniel@example.net,KI,2019-03-16,Standard,394.99
8992,Tanya Miller,williamsryan@example.net,MR,2019-08-26,Basic,14613.66
8993,Eric Stanton,michael45@example.com,GH,2023-03-31,Basic,3162.68
8994,Christopher Brown,robertgarcia@example.net,IE,2021-10-23,Premium,22742.55
8995,Kenneth Anderson,jamesjohnson@example.net,AU,2020-05-25,Premium,12730.84
8996,Barbara Robinson,sheltonjack@example.org,DE,2022-10-17,Premium,17132.71
8997,Trevor Hamilton,angela25@example.net,BS,2018-12-08,Basic,1339.38
8998,Timothy Potter,lsteele@example.org,GY,2023-08-25,Standard,5714.70
8999,Gary Lewis,doughertykatherine@example.org,VU,2024-12-08,Premium,3918.27
9000,Mr. Curtis Mccall,deanmelissa@example.net,SO,2024-08-28,Basic,6154.64
9001,Ronald Wood,stacythomas@example.com,TD,2024-05-12,Premium,19671.16
9002,Ryan Blair,elopez@example.net,TG,2022-12-19,Premium,16984.93
9003,Emily Vargas,hpierce@example.net,DE,2022-11-18,Standard,2847.71
9004,John Mcfarland,gina69@example.org,PG,2018-04-21,Standard,3422.73
9005,Diane Sandoval,calderonbrian@example.net,CL,2023-10-06,Basic,11280.52
9006,Andrew Hunt,mcculloughsonya@example.com,AU,2018-01-05,Standard,16086.73
9007,Dylan Woodard,thall@example.net,BE,2021-11-19,Basic,18512.13
9008,Bruce Mcdaniel,andersonvictor@example.org,TM,2018-11-28,Standard,21584.72
9009,Patricia Brown,butlerjeremy@example.org,NO,2018-08-20,Standard,6854.10
9010,Ethan Dougherty,rivasshannon@example.org,TT,2018-07-29,Premium,20221.61
9011,Thomas Hamilton,carl66@example.org,NA,2019-12-29,Premium,3273.30
9012,George Dunn,kristie44@example.net,CR,2022-03-26,Basic,20172.92
9013,Anthony Nelson,wcarter@example.org,SC,2020-09-26,Basic,12359.18
9014,William Adkins,daniel65@example.org,SA,2024-11-15,Premium,22176.36
9015,Jennifer Richmond,stacycooper@example.org,KW,2021-06-22,Basic,8655.50
9016,Anna Owens,reneedavis@example.org,MU,2018-08-15,Premium,14861.13
9017,Tiffany Tran,andrew63@example.com,LR,2023-08-23,Standard,11314.73
9018,Kelsey Peterson,esellers@example.org,JO,2022-06-13,Premium,5943.49
9019,Wesley Wagner,ryanhale@example.com,EE,2018-07-14,Standard,212.72
9020,Catherine Ward,alyssameyer@example.com,AG,2020-04-22,Standard,10202.17
9021,Evelyn Bailey,phillipalvarez@example.org,LR,2023-02-25,Basic,8699.64
9022,Shelby Wilson,coreysims@example.org,KN,2018-10-09,Basic,17774.58
9023,Traci Acosta,agreen@example.org,LY,2019-08-22,Premium,19720.19
9024,Emily Wilson,caseydaniel@example.org,PW,2024-01-28,Basic,2406.46
9025,Mark Allen,tiffanyjohnson@example.org,CG,2018-11-06,Premium,20752.61
9026,Megan Mccormick,zstrickland@example.net,AG,2019-06-26,Standard,4313.08
9027,Nathan Hall,ernest58@example.net,ID,2018-07-18,Standard,2503.22
9028,Linda Young,tararios@example.com,MX,2020-09-28,Standard,9382.42
9029,Dylan Arellano,nadkins@example.net,CM,2019-02-16,Basic,7762.61
9030,Frank Garcia,dmullins@example.net,KR,2019-09-02,Premium,2463.50
9031,Frank Duran,robertsjoseph@example.org,LI,2024-01-03,Basic,13672.62
9032,Debbie Brooks,bdavis@example.net,LC,2022-01-21,Premium,4345.32
9033,Jordan Rich,brittany40@example.net,LK,2024-03-03,Basic,4924.67
9034,Natalie Marshall,,SE,2018-11-11,Basic,9668.39
9035,Shane Jimenez,emcgee@example.com,AD,2019-05-13,Basic,19493.38
9036,Tiffany Sutton PhD,brian79@example.net,BZ,2022-08-11,Premium,10383.40
9037,Cynthia Rodriguez,shannon52@example.com,MM,2018-02-07,Premium,13436.78
9038,Brian Carter,deborahschwartz@example.org,CG,2018-12-19,Basic,23460.29
9039,Amber Jackson,johnathan85@example.org,BS,2023-05-16,Premium,18456.98
9040,Suzanne Curtis,riversheather@example.net,KR,2024-09-24,Premium,11646.42
9041,Danielle Wright,christensenjulie@example.net,SV,2023-09-22,Basic,17660.77
9042,Brittany Bray,vaughnmark@example.org,FJ,2023-06-15,Standard,12053.57
9043,Michael Greene,nicholasmorrison@example.net,VA,2018-07-09,Premium,578.37
9044,Rachel Russell,samantha43@example.com,ID,2019-06-15,Premium,6424.48
9045,Keith Marquez,cooperjennifer@example.org,BO,2019-02-13,Premium,24163.09
9046,Rachel Jackson,umartinez@example.net,IS,2018-02-06,Standard,2853.50
9047,Robert Perry,romerodiane@example.net,AR,2020-09-15,Standard,14015.72
9048,Gary Ramirez,smithtony@example.com,MA,2018-04-23,Basic,16782.30
9049,Mark Sellers,wblack@example.com,IR,2024-10-20,Standard,2604.99
9050,Peter Vazquez,laura93@example.org,ID,2020-06-06,Standard,160.49
9051,Kathy Bradley,richard00@example.org,EE,2022-03-01,Premium,19118.70
9052,Mary Ramos,peter31@example.net,ZA,2024-07-20,Premium,15555.39
9053,Mr. Michael Jensen MD,glendasoto@example.com,CN,2021-05-29,Standard,6488.54
9054,Crystal David,shannoneric@example.net,GY,2022-01-28,Standard,15137.70
9055,Thomas Walsh,philipaustin@example.com,SG,2019-08-04,Basic,9885.70
9056,Henry Case,reyeschelsea@example.org,VU,2021-10-18,Standard,20567.56
9057,Juan Lynch,davidmyers@example.org,MT,2024-09-23,Premium,11337.99
9058,Lisa Campbell,buchananstephen@example.org,LU,2023-08-04,Premium,5908.18
9059,Robert Castillo,callahankristen@example.org,KP,2023-01-02,Basic,17108.88
9060,Anthony Bennett,catherinerodriguez@example.net,AF,2019-04-22,Basic,18881.22
9061,Heather Jackson,chelseygarrett@example.com,BF,2023-08-15,Basic,10381.84
9062,John Armstrong,barbara35@example.org,MZ,2019-08-03,Standard,6012.94
9063,John White,paulaanderson@example.com,MG,2021-12-22,Standard,2663.79
9064,David Hansen,cmorgan@example.net,NL,2022-07-04,Standard,23091.67
9065,Kristin Smith,brucemartin@example.org,BZ,2022-12-10,Basic,5468.97
9066,Mr. Justin Flores,katherine43@example.org,CV,2018-04-14,Standard,9086.41
9067,Jason Wright,hensleykeith@example.com,HN,2020-04-29,Standard,2461.14
9068,Brian Mitchell,silvaallison@example.net,GR,2024-02-09,Basic,11945.68
9069,Anthony Acevedo,josephwatson@example.org,FR,2021-03-19,Premium,4146.83
9070,Gregory Lopez,jamie79@example.org,SD,2019-07-27,Premium,17184.76
9071,Daniel Martinez,vcantrell@example.net,SY,2021-03-28,Basic,9519.52
9072,John Cook,mitchelllisa@example.net,VC,2018-10-09,Standard,7427.98
9073,Gregory Yoder,elizabethedwards@example.org,CV,2022-05-21,Standard,4397.72
9074,Mark Jackson,iwaller@example.com,BS,2022-10-04,Premium,18188.03
9075,Heather Jones,sbrown@example.com,KN,2018-01-04,Standard,23785.70
9076,Lauren Barron,icamacho@example.net,AM,2019-03-29,Premium,20138.40
9077,Katie Johns,ellisvalerie@example.com,VN,2022-09-01,Premium,17104.95
9078,Courtney Miranda,ryanrobinson@example.com,LK,2019-12-15,Basic,16773.56
9079,Linda Alvarado,ilopez@example.org,GA,2022-03-15,Premium,7388.04
9080,Carla Brown,wilsonlori@example.com,SM,2020-07-17,Premium,15024.14
9081,Dana Ferguson,johnlewis@example.com,FJ,2023-12-19,Basic,10537.46
9082,Mary Roberts,jasonmorris@example.net,MD,2022-08-30,Standard,11979.95
9083,Natasha Lawson,hadkins@example.org,IT,2020-10-22,Standard,7829.84
9084,James Shaffer,mary10@example.org,CF,2024-01-16,Basic,9687.48
9085,Richard Montoya,chill@example.net,IQ,2023-09-23,Standard,23174.32
9086,William Hale,handerson@example.net,TH,2020-06-05,Standard,13780.16
9087,Louis Hill,rodriguezdeborah@example.org,BJ,2020-08-05,Premium,707.67
9088,Laura Rodriguez,bennettlisa@example.com,JO,2024-01-27,Premium,12160.53
9089,Ethan Smith,udeleon@example.com,SV,2024-10-07,Basic,5695.93
9090,Rodney Smith,sherry56@example.net,BT,2020-07-18,Basic,21073.48
9091,Darryl Walker,jeffrey29@example.org,BY,2021-11-12,Basic,24388.24
9092,David Anderson,tallen@example.com,DM,2019-08-17,Basic,24695.78
9093,Jessica Cross,mgarcia@example.net,HT,2024-08-29,Premium,16533.02
9094,Jennifer Mcclain,scottkline@example.com,AE,2019-11-18,Standard,23376.05
9095,Abigail Alvarez,emmarich@example.org,MY,2022-04-20,Standard,14957.75
9096,Paul Williams,elizabethkelly@example.net,JO,2021-02-21,Premium,1092.03
9097,Michael Barrera,dcaldwell@example.com,MM,2020-12-18,Premium,9428.01
9098,Katherine Washington,uherman@example.org,DJ,2019-08-18,Basic,2354.70
9099,Victoria Harris,jonathan49@example.org,AF,2024-02-04,Standard,4258.47
9100,Noah Richardson,robinsonann@example.com,AL,2023-10-05,Premium,7019.15
9101,Kevin Taylor,mike63@example.org,UA,2019-05-24,Basic,4814.49
9102,Sharon Williams,jduncan@example.org,AE,2018-12-25,Basic,2855.32
9103,Logan Smith,testes@example.com,NE,2024-07-17,Standard,16300.09
9104,Andrea Ford,jalvarado@example.net,HT,2023-05-22,Standard,16928.63
9105,Mrs. Breanna Gordon,belinda28@example.com,KE,2023-11-24,Basic,18227.46
9106,Paul Liu,pcollins@example.org,VN,2023-11-03,Basic,6301.11
9107,Brenda Gardner,jenniferfaulkner@example.net,IS,2024-06-19,Standard,22359.75
9108,William Smith,hensonmark@example.net,TR,2024-07-10,Basic,11219.89
9109,Kara Williams,mguerra@example.com,KI,2024-09-24,Premium,7893.10
9110,William Hernandez,colonbrandi@example.net,SK,2019-07-07,Premium,12258.31
9111,Carolyn Porter,dsilva@example.net,HT,2019-03-29,Standard,13657.13
9112,Kathryn Giles,mponce@example.com,PY,2022-08-04,Standard,24696.12
9113,Robert Wade,stewartkiara@example.net,NA,2021-12-28,Basic,18444.23
9114,Michael Ellis,amy57@example.com,SM,2024-03-14,Basic,13363.43
9115,Alexander Jones,kristopher75@example.org,EE,2019-02-22,Premium,10816.71
9116,Jacob Young,william00@example.org,AF,2023-07-11,Premium,15796.06
9117,Courtney Bond,wyork@example.org,PA,2021-07-07,Standard,21539.26
9118,Patricia Mathews,mendozajennifer@example.org,CZ,2019-01-23,Standard,5002.91
9119,Samantha Watson,georgedamon@example.com,WS,2019-01-21,Premium,14909.44
9120,Jodi Moore,jackpark@example.com,AZ,2022-02-10,Standard,11215.78
9121,Steven Mitchell,uhanson@example.net,SM,2019-12-31,Basic,21668.35
9122,Tina Jackson,tayloredward@example.com,TG,2022-08-25,Premium,10463.81
9123,Marc Todd,ballchristian@example.net,IR,2021-06-03,Basic,10263.02
9124,Jennifer Warner,samuelbell@example.org,AO,2023-06-22,Basic,12677.91
9125,Timothy Clark,angela77@example.org,IQ,2018-12-30,Basic,20979.51
9126,David Newman,deandavid@example.net,PA,2020-05-15,Basic,21323.64
9127,Joseph Mckenzie,zbaker@example.org,CI,2024-08-13,Basic,14519.05
9128,Dylan Boyer,pyates@example.com,BS,2024-07-25,Premium,9799.10
9129,Ashley Juarez,miranda76@example.net,MR,2019-11-14,Basic,1184.03
9130,Jacqueline Brown,huntsonya@example.com,UZ,2020-04-28,Basic,20582.45
9131,Angelica Turner,christopher63@example.net,NE,2023-08-09,Premium,10650.46
9132,Matthew Johnson,kevin03@example.org,FI,2023-07-16,Standard,4713.13
9133,Ian Wood,brittany53@example.net,PE,2019-12-05,Premium,9725.44
9134,Randy Mcgrath,lisa00@example.net,NI,2020-03-07,Standard,23023.08
9135,Toni Horn,obrienmelissa@example.com,TN,2020-09-18,Premium,11755.16
9136,David Ochoa MD,griffinpatricia@example.org,BB,2023-11-29,Standard,6694.02
9137,Robert Zuniga,warnercrystal@example.org,GR,2018-05-31,Premium,7761.81
9138,Daniel Wade,michaeltorres@example.org,FM,2024-10-02,Premium,6066.82
9139,Thomas Flores PhD,raymond26@example.com,MA,2019-11-01,Basic,8931.43
9140,Brett Jackson,grobinson@example.org,ID,2021-04-26,Standard,12897.21
9141,Terry Gillespie,stephanieperez@example.net,ZW,2021-09-25,Basic,5622.69
9142,Donald Arroyo PhD,ashleycummings@example.net,WS,2022-09-21,Premium,17002.06
9143,Steven James,popebrandi@example.net,BR,2024-07-28,Basic,18962.61
9144,Trevor Gomez,figueroachad@example.org,SM,2019-05-22,Premium,12045.73
9145,Jennifer Wilcox,james59@example.net,HR,2021-02-14,Basic,5445.68
9146,Monica Brown,dawn32@example.org,LC,2019-09-24,Premium,22769.40
9147,Kristin Valdez,josephsantos@example.net,UY,2021-11-01,Premium,10948.63
9148,Michael Flores,jenniferfleming@example.org,BF,2021-01-20,Premium,20840.67
9149,Jennifer Copeland,omartinez@example.com,PE,2020-01-25,Standard,13941.29
9150,Rebecca Perkins,josephfletcher@example.net,MZ,2018-10-01,Basic,18476.35
9151,Lisa Jackson,hharris@example.net,CF,2020-11-06,Standard,21691.16
9152,Jennifer Smith,jenniferbennett@example.net,VA,2020-01-06,Premium,20472.51
9153,Anthony Flores,christine42@example.net,TJ,2020-01-17,Basic,4696.74
9154,Joshua Merritt,ericcox@example.org,MT,2018-06-02,Premium,17405.34
9155,William Levy,washingtonamanda@example.com,DJ,2022-06-07,Premium,14286.21
9156,Shannon Rodriguez,bgilbert@example.net,MX,2020-12-05,Standard,6455.20
9157,Christopher Anderson,wilsonhenry@example.org,KE,2020-05-01,Basic,19314.01
9158,Alexandra Gregory,tina17@example.com,AF,2020-10-27,Standard,5843.85
9159,Lisa Wilson,nwoods@example.org,SK,2021-07-09,Standard,5440.70
9160,Alex Owens,nelsonsara@example.org,HR,2018-08-04,Basic,6059.04
9161,Sarah Solis,tristan86@example.org,MM,2023-04-11,Basic,9998.57
9162,Melissa Wright,flynndavid@example.net,KI,2021-10-15,Basic,1153.54
9163,David Morris,davidruiz@example.org,KH,2024-08-01,Standard,17394.09
9164,Hannah Williams,rebeccabrown@example.com,CU,2021-06-06,Standard,22048.23
9165,Susan Cline,michellehill@example.net,SK,2024-06-30,Basic,11620.35
9166,Elizabeth Smith,mphillips@example.net,HN,2021-02-10,Basic,802.76
9167,Bobby Taylor,melaniethomas@example.net,TW,2024-11-08,Basic,21656.09
9168,Jonathan Parker,taylordaniel@example.org,GE,2019-03-17,Standard,12086.38
9169,John Vincent,brendawhite@example.org,TM,2020-02-10,Standard,16271.26
9170,Wyatt Jenkins,vincent06@example.com,GH,2019-01-16,Standard,10011.50
9171,Kayla Clarke,taylorbonnie@example.com,NA,2018-09-21,Premium,21933.62
9172,Sarah Black,morristiffany@example.org,VE,2020-06-02,Basic,11761.71
9173,Kevin Floyd,shawna35@example.org,SB,2022-10-23,Standard,719.57
9174,Tyler Rodriguez,pamela37@example.com,ML,2019-07-12,Premium,11970.54
9175,Gregory Caldwell,dana95@example.net,TD,2020-07-16,Basic,7343.36
9176,Theodore Lee,deannashelton@example.net,HU,2018-02-15,Basic,22997.04
9177,Mrs. Michelle Salas,hjohnston@example.com,KI,2021-06-05,Premium,16261.41
9178,Nicholas Harvey,mariobaker@example.net,BT,2019-12-01,Basic,21274.60
9179,Casey Proctor,wilcoxphillip@example.com,GB,2021-01-12,Premium,17208.64
9180,Jacob May,ycochran@example.net,FM,2023-11-22,Basic,5738.35
9181,Kaylee Jackson,jennifer12@example.com,BF,2018-09-09,Standard,16842.73
9182,Ashley Baldwin,ssmith@example.net,ZA,2020-10-03,Premium,18337.99
9183,Eric Ortiz,dalton41@example.com,EE,2022-11-13,Standard,7713.53
9184,Melissa Medina,kaufmanleslie@example.net,KP,2018-03-01,Premium,22289.00
9185,Mark Peters,laurenbarton@example.org,IQ,2019-02-14,Basic,19772.57
9186,Angela Smith,lambertbarbara@example.com,AU,2021-04-03,Standard,4204.90
9187,Monica Quinn,barnesstephanie@example.net,FM,2024-03-14,Standard,3882.53
9188,Amanda Adkins,johnsonjessica@example.net,GR,2018-05-07,Premium,17328.18
9189,Heather Riley,raymondcarter@example.com,MK,2020-09-29,Standard,183.07
9190,Jacob Arnold,troy82@example.net,WS,2024-09-27,Standard,10980.46
9191,Taylor Gates,bridget22@example.org,MN,2021-12-08,Basic,22361.14
9192,Michael Reyes,brightronnie@example.com,GQ,2019-01-08,Premium,16707.69
9193,Karen Humphrey,lfigueroa@example.org,BE,2023-10-10,Standard,16434.25
9194,Robert Morales,wgriffin@example.com,HR,2021-10-09,Standard,24742.33
9195,Lisa Phillips,dalecohen@example.org,MV,2018-02-03,Basic,20067.67
9196,Jill Davis,wmartin@example.org,LT,2021-03-13,Premium,7723.23
9197,William Nicholson,kjackson@example.net,BR,2021-12-10,Premium,15524.93
9198,Marcia Harris,xmorgan@example.org,YE,2024-12-14,Basic,1623.84
9199,Carlos Gomez,robinsonkimberly@example.com,SK,2020-02-28,Standard,973.29
9200,Brenda Johnson,hestermelissa@example.net,ID,2021-06-28,Basic,3355.88
9201,John Caldwell,kevin07@example.net,IL,2021-08-23,Premium,17109.43
9202,Danielle Lewis,garciastephanie@example.com,KG,2024-12-29,Premium,12714.27
9203,Melissa Lucas,brandon96@example.com,FM,2020-01-04,Standard,21501.95
9204,Sean Sanders,steven05@example.com,KN,2018-10-17,Premium,16075.11
9205,John Smith,xsmith@example.com,AE,2021-07-27,Standard,7988.12
9206,Samuel Romero,ibarnett@example.org,QA,2020-12-30,Premium,18733.72
9207,Cassandra Harrison,michaelmorales@example.net,MK,2024-08-28,Premium,880.82
9208,Christian Gutierrez,katherinemontgomery@example.net,TD,2019-12-16,Premium,12007.12
9209,Lisa Campbell,crawfordsamuel@example.com,ZA,2022-04-13,Standard,14577.15
9210,Joseph Freeman,alicia96@example.org,FM,2022-10-01,Basic,4331.73
9211,Gabrielle Garcia,jsmith@example.org,IE,2019-11-19,Basic,8674.35
9212,Dalton Doyle,michellecortez@example.org,AD,2020-08-07,Basic,9593.08
9213,Michael Ruiz,bburton@example.org,VC,2024-05-18,Standard,2321.63
9214,Olivia Diaz,juanward@example.com,IS,2018-09-25,Basic,20568.00
9215,Brittany Miller,amandasanchez@example.org,UZ,2020-02-25,Basic,16920.18
9216,Daisy Hurley,wilsonamy@example.org,SR,2024-12-19,Premium,19586.04
9217,Dr. Heather Lopez,daniel26@example.org,AR,2021-06-05,Premium,7011.07
9218,Tracy Henderson,radams@example.net,MV,2019-09-02,Standard,55.02
9219,Joseph Reid,david06@example.org,KE,2022-10-06,Basic,4441.87
9220,Joyce Anderson,francokaren@example.org,MG,2020-02-09,Standard,10252.79
9221,Paula Jordan,edward05@example.org,SO,2020-04-05,Standard,16863.65
9222,Joseph Hall,stephaniegarcia@example.com,CI,2024-01-16,Basic,5751.80
9223,Shawn Brown,jennifer67@example.org,ET,2020-09-02,Standard,5217.17
9224,Paige Ibarra,daniel50@example.com,BJ,2022-02-28,Premium,23476.77
9225,Angela Shaw,marysantiago@example.org,IL,2023-11-28,Standard,10904.50
9226,Isaac Cuevas,rrichardson@example.net,MD,2024-11-12,Standard,18291.37
9227,Kristen Carrillo,kelli76@example.org,AD,2023-09-11,Standard,19401.15
9228,Keith Hall,kimberly67@example.org,PH,2022-01-22,Standard,4393.20
9229,Michael Rodriguez,james64@example.net,BS,2020-10-17,Basic,14050.50
9230,Dr. Cody Cox,michael85@example.org,CM,2022-04-21,Basic,23617.86
9231,Lauren Hudson,carralejandro@example.org,BG,2024-03-21,Standard,8588.14
9232,David Choi,smithsandra@example.org,UY,2023-01-17,Standard,5105.06
9233,Joan Hall,ann83@example.com,AD,2018-03-30,Basic,21549.22
9234,Lindsay Henderson,chavezthomas@example.org,SN,2019-10-31,Basic,15840.04
9235,Julia Shepherd,qwilliams@example.com,BG,2023-11-13,Basic,24717.40
9236,Kimberly Anthony,lsantiago@example.com,YE,2024-10-29,Standard,21978.45
9237,Christine Welch,jroberts@example.com,RW,2023-05-19,Basic,21640.72
9238,William Dixon Jr.,damonmorris@example.net,DK,2020-10-15,Basic,10673.00
9239,Christina Jackson,jenniferjohnson@example.net,GM,2024-10-14,Standard,7084.48
9240,Janet Mcpherson,derrickowens@example.org,HU,2020-05-08,Standard,15023.49
9241,Brian Harper,paul97@example.net,ST,2023-04-11,Standard,8203.43
9242,Hunter Duffy,sydneyfrost@example.net,VC,2020-11-25,Standard,3115.02
9243,Ebony Parker,tgreene@example.net,SL,2024-02-29,Basic,5035.23
9244,James Fry,bgarcia@example.net,BA,2018-06-04,Basic,19954.24
9245,Ashley Poole,zfritz@example.com,IL,2021-10-25,Standard,3409.36
9246,Jack Johnson,jamespowell@example.com,BS,2023-09-15,Standard,5306.66
9247,Andrew Chavez,melissa10@example.com,KP,2021-01-30,Standard,18489.30
9248,Patrick Ochoa,scotthunter@example.net,IL,2024-11-05,Basic,10049.13
9249,Sandra Soto,kristincarr@example.org,VC,2022-03-26,Basic,24071.79
9250,Shelley Alexander,pamela85@example.net,YE,2022-10-27,Standard,14726.07
9251,Meghan Thompson,davidheath@example.com,TZ,2024-11-08,Basic,6455.35
9252,Rebecca Pineda,tarakane@example.com,RW,2018-03-09,Standard,17519.91
9253,Kelly Hernandez,robert16@example.org,LS,2023-02-18,Basic,21333.81
9254,Amy Patel,morganjoel@example.org,ES,2018-04-02,Standard,14606.05
9255,Alexis Rios,andrew76@example.com,AO,2018-12-15,Standard,15530.64
9256,Tyler Marshall,hunterrandall@example.org,RO,2018-12-03,Premium,657.92
9257,Megan Gibbs,qhernandez@example.com,BD,2020-05-30,Basic,6517.75
9258,Debbie Graham,elliottmary@example.net,HN,2023-01-10,Premium,8418.06
9259,Kimberly Robinson,ashley01@example.com,SD,2023-05-22,Standard,10470.78
9260,Krystal Brown,lawrencedavid@example.com,LR,2021-08-27,Premium,16315.48
9261,Jimmy King,marksjustin@example.net,PH,2018-11-10,Basic,18199.28
9262,Mark Ramos,crosskatie@example.org,PT,2022-09-27,Premium,17155.62
9263,Aaron Abbott,rsalazar@example.org,NI,2022-04-24,Standard,16554.66
9264,Donald Valentine,richard10@example.org,UA,2020-12-04,Basic,22170.46
9265,Elizabeth Martinez,sanchezlarry@example.com,GE,2020-01-11,Premium,7102.16
9266,Chelsea Reid,teresa81@example.org,ML,2020-04-29,Standard,15267.41
9267,Peggy Parsons,mayspaul@example.net,PA,2022-11-17,Basic,12928.07
9268,Kelly George,mariaoneill@example.net,CY,2018-03-18,Standard,8105.13
9269,Mrs. Stacy Montgomery,icaldwell@example.com,SK,2018-03-10,Basic,8378.09
9270,Robert Fields,christiegarcia@example.org,BW,2022-08-03,Standard,21421.80
9271,Natalie Li,brendan43@example.com,TL,2024-06-19,Premium,12111.81
9272,Scott Wilson,codypayne@example.net,EG,2021-06-27,Premium,3392.86
9273,Nicole Jackson,greenlance@example.com,BD,2020-12-18,Premium,19885.12
9274,Erica Moses,jasondavis@example.com,TZ,2022-11-16,Premium,11790.72
9275,Martha Clay,donaldhorton@example.com,KN,2024-01-09,Basic,4195.47
9276,Leonard Thompson,probertson@example.net,CG,2021-09-18,Standard,3109.29
9277,Erin Mcclain,jessica08@example.net,SZ,2018-05-17,Premium,8260.96
9278,Mark Murray,sarahwerner@example.com,TV,2020-09-12,Basic,8093.15
9279,Brett David,xrobinson@example.org,LB,2023-07-03,Standard,18614.20
9280,Colleen Fuller,roger94@example.org,LY,2022-03-22,Standard,12854.06
9281,Michael Preston,robert74@example.com,LB,2018-10-20,Basic,10281.80
9282,Riley Peters,martineztodd@example.org,VC,2020-10-18,Basic,16170.63
9283,Darrell Harrell,fosterkenneth@example.net,NL,2024-06-04,Premium,18968.52
9284,Anne Koch,nicholashernandez@example.org,MW,2022-07-26,Basic,21704.31
9285,Randy Diaz,sramos@example.org,FR,2022-04-28,Premium,8076.91
9286,Miguel Stewart,tsloan@example.org,BA,2021-12-07,Premium,473.63
9287,Elizabeth Brooks,jamespatton@example.org,GE,2018-12-13,Premium,19244.51
9288,Emily Hobbs,thompsongary@example.org,BE,2019-08-02,Standard,13731.79
9289,Nicole Thornton,,MH,2022-03-26,Basic,8336.59
9290,Susan Avery,christopherjackson@example.org,GB,2024-11-05,Basic,5209.91
9291,Angela Williams DDS,haynesamy@example.com,BE,2021-04-19,Basic,23016.52
9292,Robert Burke,matthewwall@example.net,IR,2022-02-19,Premium,22663.78
9293,Allison Ramsey,emma28@example.com,AG,2023-06-29,Standard,8756.95
9294,Kevin Aguirre,qrodgers@example.com,RS,2022-03-21,Standard,1219.32
9295,John Greene,gilbert49@example.net,IN,2020-06-04,Standard,8188.70
9296,Maria Riley,kzamora@example.org,MT,2019-08-24,Premium,23633.86
9297,Jerry Carroll,steelemark@example.net,PL,2022-09-27,Premium,6343.24
9298,Steven Bailey,brian63@example.com,KG,2021-02-26,Premium,15721.70
9299,William Mcmahon,owallace@example.com,GN,2020-11-23,Standard,12716.75
9300,Eric Hughes,deanna81@example.net,YE,2024-09-14,Standard,18680.21
9301,Dana Taylor,katherine33@example.com,AG,2020-09-28,Premium,2623.79
9302,Tanya Petty,kanedavid@example.com,IL,2018-10-22,Basic,24075.10
9303,Tammy Dawson,glenn05@example.com,TL,2020-03-14,Premium,9269.59
9304,Gavin Johnston,dustinduarte@example.org,TR,2022-09-24,Premium,11919.44
9305,Dominic Brooks,oclark@example.net,CY,2018-07-15,Standard,22069.88
9306,Kyle Moore,flittle@example.net,VU,2019-05-24,Standard,7536.33
9307,Miguel Mcguire,walkeranne@example.org,AO,2022-01-03,Standard,11538.77
9308,Andrew Porter,antonio89@example.net,HT,2022-10-20,Premium,16880.05
9309,Faith Ramsey,doylesarah@example.org,BI,2019-07-11,Standard,6125.07
9310,Kim Bryant,logannelson@example.org,ER,2022-05-27,Standard,13454.57
9311,Thomas Bennett,lindagibson@example.com,SK,2018-06-18,Basic,15356.33
9312,Amber Gomez,eenglish@example.net,BW,2024-03-20,Basic,12209.62
9313,Michael Mccoy,cohensamuel@example.com,HN,2023-07-25,Standard,19588.92
9314,Jonathan Watson,lfischer@example.com,IQ,2022-03-14,Basic,6815.37
9315,Dawn Chase,frederick28@example.com,BT,2021-03-20,Basic,5985.68
9316,Kelsey Gonzales,acasey@example.com,LU,2021-03-14,Basic,17821.55
9317,Jordan Tate,hruiz@example.org,KP,2019-07-21,Basic,8853.54
9318,Zachary Gross,zmason@example.net,BD,2020-02-19,Standard,18747.61
9319,Joseph Burns,markhudson@example.com,OM,2020-11-05,Premium,24057.58
9320,Melissa Martinez,keith15@example.com,BJ,2020-09-10,Standard,9732.33
9321,Christopher Hudson,zmassey@example.net,TM,2022-09-16,Basic,11882.99
9322,John Moody,martin51@example.com,NR,2018-04-13,Standard,21802.98
9323,Lisa Wagner,adamsvanessa@example.net,UG,2018-04-03,Standard,10531.26
9324,Crystal Garcia,daniellucas@example.com,LA,2021-12-23,Premium,7703.13
9325,Gabriel Dixon,xmiranda@example.com,ST,2022-12-29,Standard,4993.03
9326,David Gordon,colemandaniel@example.org,SA,2018-12-28,Premium,7927.25
9327,Jack Miller,vhanson@example.com,TL,2023-04-14,Premium,16293.52
9328,Michael Macias,wallkimberly@example.net,MM,2020-05-01,Premium,15549.76
9329,Beth Foley,austinholly@example.net,MT,2018-08-27,Premium,16083.74
9330,Robert Pena,joshuaruiz@example.net,TL,2018-07-10,Basic,21277.65
9331,Sabrina Williams,phillipsmichelle@example.net,MK,2018-05-18,Standard,9315.02
9332,Alexandra Avila,leetammie@example.net,LC,2022-01-02,Basic,12656.02
9333,Elizabeth Avila,maryfox@example.org,LI,2020-09-18,Basic,7262.62
9334,Erica Dixon,zguzman@example.org,JP,2020-12-14,Standard,6104.15
9335,Stephanie Scott,vjacobs@example.org,SR,2021-09-28,Basic,16430.63
9336,Andrea Whitney,hsmith@example.com,AT,2022-02-05,Premium,8548.91
9337,Matthew Hoover,ramirezdaniel@example.org,MW,2020-01-09,Premium,21622.98
9338,Jessica Williams,trose@example.net,BR,2019-06-18,Standard,10745.93
9339,Jeremy Barnes,xporter@example.com,SB,2018-05-11,Basic,17088.46
9340,Stephanie Smith,hollandamanda@example.org,AZ,2018-02-25,Premium,6505.71
9341,Matthew Barnes,barkerjacob@example.org,CM,2018-04-29,Basic,18421.56
9342,Aimee Reyes,vandrade@example.net,UZ,2018-10-15,Premium,18390.31
9343,Anthony Parker,edwardortiz@example.net,NG,2021-06-14,Basic,24740.00
9344,Douglas Morales,austin40@example.net,QA,2022-01-21,Standard,1944.92
9345,Elaine Thomas,melanie22@example.org,DM,2024-09-23,Basic,19134.58
9346,Darren Day,krista07@example.com,IN,2023-08-18,Basic,14789.23
9347,Shelby Cooper,edwinfisher@example.org,BA,2022-06-23,Standard,24840.46
9348,Shannon Harris,ywilliams@example.com,PH,2018-12-22,Basic,2545.06
9349,Karen Collins,bherman@example.org,CI,2021-07-27,Basic,5375.91
9350,Gabriel Elliott,erin84@example.com,KH,2023-01-09,Standard,10044.83
9351,Martin Lucas,robertchandler@example.com,GD,2018-11-10,Standard,18254.16
9352,Juan Jackson,xnichols@example.org,IL,2023-04-11,Standard,10626.26
9353,Teresa Murphy,hullcynthia@example.com,PH,2019-01-16,Basic,16070.91
9354,Douglas Smith,washingtonjake@example.org,PK,2022-07-31,Basic,12171.52
9355,Tracy Garcia,alisonfisher@example.org,GT,2018-01-01,Standard,18013.68
9356,Seth Black,mark01@example.com,AT,2024-07-18,Standard,9997.38
9357,Brandon Lynch,lynn42@example.com,MD,2022-04-20,Basic,22135.95
9358,Paul Wiggins,shannonaustin@example.org,AT,2024-11-20,Premium,18509.35
9359,Jasmine Hanson,denise44@example.org,SY,2019-06-30,Standard,10102.90
9360,Monique Perkins DDS,diamondstone@example.org,KH,2024-09-25,Basic,9373.18
9361,Eric Cochran,alopez@example.net,GW,2023-11-28,Basic,15470.60
9362,Melissa Murillo,dianemorgan@example.net,SC,2021-02-05,Basic,4101.78
9363,Justin Chen,lauriewalker@example.net,LK,2020-08-11,Basic,5788.93
9364,Kevin Richardson,brittney70@example.com,LU,2020-01-10,Basic,17609.29
9365,Donna Lee,ericholland@example.com,AT,2023-07-27,Standard,22706.70
9366,Jill Hampton,rebecca74@example.org,SL,2018-03-13,Standard,6955.99
9367,Jonathan Hernandez,scottcarpenter@example.net,PG,2023-05-25,Basic,6049.23
9368,Shawn Owens,williamsmichael@example.net,HT,2024-01-01,Standard,4368.38
9369,Jeffrey Li,jamessims@example.com,CH,2019-09-30,Premium,6334.42
9370,Deborah Gordon,jeffreybuchanan@example.net,MT,2021-12-23,Premium,5407.04
9371,Gary Zimmerman,patricia98@example.org,CD,2018-12-28,Basic,9713.74
9372,Deanna Watson,allison73@example.net,NE,2018-05-13,Standard,12113.84
9373,Kelly Richardson,gturner@example.org,LT,2023-01-22,Premium,5330.35
9374,Joel Jones,zadkins@example.org,TD,2024-08-16,Premium,6333.26
9375,Peter Smith,sanchezdonna@example.net,PY,2023-08-12,Standard,4191.49
9376,Brent Reid,rwalker@example.net,KP,2023-02-08,Standard,21618.60
9377,Krista Humphrey,rogertodd@example.org,VC,2019-06-10,Premium,4699.44
9378,Stephanie Lawson,lindajones@example.com,ZM,2024-10-16,Standard,7050.65
9379,Shane Moss,clarkangela@example.org,CI,2018-03-10,Basic,21844.03
9380,Mr. Joshua Powell,blawson@example.net,SD,2019-11-13,Basic,5648.25
9381,Denise King,nwillis@example.org,BT,2023-08-29,Standard,16128.49
9382,Craig Anderson,russellgregory@example.net,TG,2022-01-03,Premium,13431.76
9383,William Liu,jay85@example.com,TO,2022-07-23,Standard,7752.34
9384,Robert Anderson,qpaul@example.net,HN,2023-07-29,Standard,7561.16
9385,Pamela Taylor,sanfordmark@example.org,JO,2020-04-14,Premium,24234.36
9386,Kevin Smith,hansenjason@example.net,JM,2022-02-10,Premium,12637.06
9387,Craig Bass,nathanfranklin@example.net,MV,2020-02-09,Premium,3533.86
9388,Laura Cooper,ronaldruiz@example.org,MM,2023-10-07,Standard,4889.88
9389,Angie Pennington,nicolethompson@example.net,SD,2022-09-10,Standard,13362.79
9390,Anthony Jones,rubencurtis@example.org,UY,2018-11-18,Standard,5250.93
9391,Rachel Clark,brendawagner@example.com,VC,2024-12-22,Basic,19395.50
9392,Wayne Newman,cody22@example.com,NL,2022-02-02,Basic,4194.69
9393,Mary Hanna,ahess@example.com,AF,2019-05-03,Standard,13759.43
9394,Tanya Powell,deborah20@example.com,AZ,2021-09-04,Standard,21920.61
9395,Brian Mays MD,jenniferodonnell@example.org,EC,2024-12-14,Premium,20221.15
9396,Lauren Stewart,romerorussell@example.net,AD,2023-11-11,Standard,17647.05
9397,Cameron Barajas,penanicholas@example.org,MH,2018-11-08,Premium,24278.14
9398,Debra Palmer,randall74@example.com,VC,2024-03-19,Standard,8257.30
9399,Alexander Hayes,carrolljesse@example.org,LU,2023-10-27,Premium,9419.74
9400,Charles Flores,pottsmichael@example.org,BR,2021-11-14,Basic,4445.36
9401,Ricky Hardin,xvazquez@example.net,AG,2024-01-13,Premium,23561.60
9402,Jenny Frye,jason25@example.com,TD,2019-02-02,Basic,5508.48
9403,Chris Mason,penajanice@example.com,AD,2023-12-22,Basic,2292.50
9404,John Yang,kim05@example.com,UG,2018-06-18,Basic,1387.18
9405,Rodney Fields,mcaldwell@example.org,PS,2020-03-14,Basic,1625.77
9406,Andrew Stone,cohencarol@example.com,FR,2020-11-23,Standard,4726.96
9407,Carla Holmes DVM,upitts@example.net,CF,2019-06-05,Basic,15167.51
9408,Jacob Warner,piercemelanie@example.net,MH,2019-12-10,Standard,22868.20
9409,Susan Harvey,barretteric@example.com,SK,2019-02-26,Basic,15206.65
9410,Joshua Fields,michael51@example.org,SV,2022-02-24,Basic,11582.76
9411,Danielle King,dkim@example.net,SR,2020-09-18,Premium,21010.41
9412,Debbie Beck,thompsontodd@example.org,SA,2019-02-21,Premium,1582.86
9413,Jessica Williams,davisryan@example.com,GW,2021-07-11,Premium,11804.55
9414,Barbara Mclaughlin,johnsonrebecca@example.net,IQ,2020-03-02,Standard,2266.95
9415,Glenda Park,michellejennings@example.org,SI,2018-12-23,Standard,18093.23
9416,Charles Smith,travis69@example.com,IS,2018-12-27,Premium,6236.46
9417,Jessica Clayton,johnsonkevin@example.org,TO,2021-09-23,Basic,8908.96
9418,Mary Garcia,jocelynhill@example.net,BZ,2020-03-12,Premium,23806.75
9419,Sherry Lee,arich@example.net,ET,2021-08-06,Premium,974.79
9420,Aaron Jenkins,branchjeremiah@example.net,LY,2018-08-30,Standard,7420.81
9421,Lisa Burns,kwoods@example.org,NP,2023-01-17,Standard,13320.60
9422,Dylan Orozco,aguirreteresa@example.com,TM,2019-02-13,Premium,15415.97
9423,Tyler Ward,esalazar@example.org,SN,2022-07-27,Standard,15347.78
9424,Megan Shaw,troyflores@example.com,NP,2021-05-26,Basic,19201.35
9425,Nathan George,melissasantiago@example.org,CD,2021-08-02,Standard,10169.43
9426,Timothy Molina,mcintyregary@example.org,GB,2022-11-06,Premium,18732.81
9427,Jennifer Hill,sgomez@example.com,MY,2021-06-05,Standard,24698.83
9428,Mark Williams,lisathompson@example.net,SB,2021-05-28,Premium,19577.14
9429,Emily Gonzalez,kevin78@example.net,BG,2020-01-23,Basic,14775.30
9430,Christopher Roth,henryamanda@example.net,LC,2019-08-03,Standard,23468.99
9431,Gabrielle Pruitt,ashleyball@example.com,PE,2024-09-15,Standard,8531.08
9432,Wanda Dawson,uyoder@example.net,BA,2018-08-14,Standard,7669.65
9433,Eric Gomez,haroldgonzalez@example.org,IN,2018-12-03,Basic,22934.03
9434,Yvonne Zamora,farmermadeline@example.com,IN,2019-02-26,Premium,10483.78
9435,Michael Wagner,wardcarolyn@example.com,KG,2019-03-05,Basic,18705.33
9436,Michael Hernandez,dacevedo@example.net,ER,2022-04-08,Basic,15396.49
9437,Brian Romero,chelseaadams@example.com,CL,2018-03-12,Premium,22379.29
9438,Erica Smith,smithandrew@example.com,AL,2023-11-27,Basic,3310.37
9439,Michelle Benitez,josephromero@example.org,TJ,2020-10-21,Premium,20001.55
9440,Ronald Chen,johnsonbecky@example.com,GM,2019-05-21,Standard,13388.68
9441,Frank Grant,meghansnyder@example.org,LC,2022-09-06,Basic,23126.38
9442,Megan Moore,michaelstrong@example.org,ML,2019-09-15,Basic,2092.97
9443,David Martinez,ymurphy@example.com,GT,2023-08-07,Standard,23196.77
9444,Kimberly Reyes,walkerdarren@example.net,IT,2022-07-06,Premium,16259.59
9445,Nathaniel Nichols,lindarobertson@example.org,GE,2022-04-10,Basic,14212.02
9446,Benjamin Rogers,alvarezstacy@example.org,AG,2022-04-12,Premium,761.92
9447,Cory Fuller,fparker@example.com,TG,2020-03-03,Basic,6774.75
9448,Kimberly Everett,hsingleton@example.org,KM,2024-06-04,Basic,2158.76
9449,Jody Stein,rosevega@example.org,ST,2018-01-16,Premium,8631.57
9450,Mary Lambert,reesedavid@example.org,LR,2020-08-01,Premium,16551.22
9451,Cynthia Walsh,shelbysmith@example.org,ME,2021-12-11,Standard,3237.66
9452,Brett Cortez,douglasharrison@example.com,PW,2019-06-28,Basic,15682.43
9453,Brandon Brown,watkinsmakayla@example.org,KE,2018-07-21,Basic,5030.92
9454,Ashley Davis,johnhinton@example.net,SY,2019-08-21,Premium,1165.66
9455,Nancy Wood,garciaamy@example.net,PS,2023-03-13,Standard,13971.42
9456,Brian Perry,dawndelgado@example.net,AG,2024-11-26,Standard,18375.40
9457,Russell Lam,cmendez@example.org,CU,2020-11-06,Premium,13912.53
9458,Jessica Serrano,annaoconnor@example.net,PS,2019-05-16,Premium,15251.51
9459,James Johnston,harrissharon@example.org,DJ,2018-12-28,Standard,8366.93
9460,Christine Willis,douglasmichael@example.com,RU,2018-07-03,Standard,16922.29
9461,Walter Williams,davidgrimes@example.net,IS,2023-09-28,Basic,576.70
9462,Michael Hampton Jr.,josechambers@example.com,IT,2019-08-27,Basic,23693.13
9463,Vanessa Thompson,meltontiffany@example.net,GM,2022-06-25,Premium,20150.34
9464,John Johnson,trujillobrianna@example.org,IR,2018-06-29,Standard,13810.45
9465,Courtney Hill,taylormichael@example.org,BE,2019-12-12,Premium,6553.69
9466,Rita Medina,mendezdiane@example.com,BO,2022-09-11,Standard,21179.96
9467,Drew Fernandez,acastillo@example.com,GY,2023-05-09,Standard,11278.88
9468,Linda Brown,frank59@example.net,EG,2022-06-23,Basic,24493.26
9469,Dr. Amy Taylor,jonesphillip@example.com,MN,2021-10-29,Premium,17950.43
9470,Heidi Ford,walexander@example.org,HN,2018-04-06,Standard,21765.62
9471,Christine Sutton,sgarrett@example.com,VU,2023-08-21,Basic,14610.59
9472,Rachel Carter,zstout@example.net,AF,2021-09-15,Standard,9803.56
9473,Hunter Adams,warnermary@example.com,MD,2020-11-29,Premium,881.93
9474,Robert Sullivan,weberphillip@example.org,AZ,2022-05-13,Standard,15675.12
9475,Ruben Mcdowell,ricky39@example.net,NI,2021-12-22,Standard,20131.48
9476,Stacy Anderson,briannamccarty@example.net,IL,2020-06-22,Basic,13971.60
9477,Madison Holt DVM,deborahscott@example.org,US,2023-12-15,Basic,23168.65
9478,Kathleen Thompson,crobinson@example.com,CL,2022-12-19,Basic,22001.84
9479,Taylor Wallace,dbrewer@example.com,CL,2021-11-24,Standard,17431.42
9480,Sarah Kane,zunigadanielle@example.net,PT,2024-11-17,Basic,20739.70
9481,Andrea Gilmore,josephmiller@example.com,LV,2018-10-31,Premium,9733.82
9482,Phillip Martin,teresacochran@example.org,AU,2018-08-03,Standard,16178.86
9483,Marie Rich,gregory71@example.com,SV,2019-07-20,Basic,575.75
9484,Jeffrey Cooper,jcain@example.com,OM,2018-12-28,Premium,19984.11
9485,Ashley Wilcox,ihill@example.net,HT,2020-03-03,Basic,9554.76
9486,Angela Murray,andradewilliam@example.com,FM,2021-02-18,Standard,20767.70
9487,Alexis Grimes,daniel88@example.org,TH,2021-02-08,Basic,18830.91
9488,Steven Williams,rhonda34@example.com,BJ,2018-11-23,Basic,15384.97
9489,Vanessa Wilson,jacksonarthur@example.org,TM,2020-05-27,Basic,416.91
9490,Jason Chen,eduardorose@example.net,ET,2021-09-10,Premium,18998.20
9491,Patrick Harper,amcintosh@example.org,GY,2020-11-16,Basic,14671.59
9492,Craig Compton,wintersalexander@example.org,DO,2021-08-14,Basic,6147.30
9493,Erica Wilson,alan62@example.org,IR,2019-11-22,Basic,14238.45
9494,Tyler Newton,zwilliams@example.com,UA,2021-06-15,Premium,14728.03
9495,Kathy Moore,mvazquez@example.org,ZW,2019-05-15,Standard,11490.04
9496,Carolyn Smith,stevenwillis@example.net,TT,2024-04-26,Basic,1194.49
9497,Richard Adams,brandon82@example.org,ZW,2022-01-21,Premium,7690.64
9498,Patricia Miranda,stephenmartin@example.net,VN,2019-06-09,Basic,5984.21
9499,Sean Kemp II,helenburns@example.com,GR,2022-01-08,Premium,23932.82
9500,Anthony Burgess,wdaniels@example.net,AZ,2022-08-02,Standard,5376.32
9501,Shannon Herrera,jcarter@example.net,AG,2018-08-19,Basic,8284.53
9502,Timothy Huber,davidtravis@example.net,GY,2020-06-24,Premium,16437.70
9503,Kim Zuniga,yfranklin@example.net,KW,2022-06-02,Standard,195.66
9504,Sara Torres,qyoung@example.net,SZ,2024-03-29,Standard,21613.29
9505,Bruce Franco,jesusjames@example.org,NI,2023-10-19,Standard,20367.31
9506,Jacob Walker,harpersteven@example.net,AE,2023-12-06,Basic,19255.57
9507,Michael Green,mason04@example.com,CY,2021-09-20,Standard,17219.16
9508,Matthew Brown,robertvasquez@example.net,KH,2019-09-04,Basic,22272.97
9509,Lisa Smith,utate@example.org,HU,2022-02-14,Basic,23481.53
9510,Michael Carrillo,,VA,2023-12-31,Basic,4639.28
9511,Mitchell Johnson,lisasmith@example.org,KN,2019-10-13,Basic,22655.83
9512,Patricia Hansen,grichards@example.org,QA,2024-01-07,Premium,19003.41
9513,Sheila Anthony,kjohnson@example.com,ET,2019-03-30,Basic,5458.34
9514,Patricia Mayo,tonyabrown@example.org,SV,2020-10-02,Standard,5241.71
9515,Kevin Skinner,brownbrandon@example.net,EC,2022-11-25,Basic,12855.98
9516,Stacey Rodriguez,gonzalezsusan@example.net,RO,2022-10-16,Basic,18187.33
9517,Felicia Macdonald,owensbeverly@example.org,NO,2022-09-27,Standard,22666.20
9518,William Lindsey,sthompson@example.org,UG,2023-07-22,Basic,461.80
9519,Michael Richardson,williamwilliams@example.com,TT,2022-06-24,Standard,8098.69
9520,Matthew Moore,samanthagarner@example.org,ML,2024-03-09,Premium,11990.75
9521,Christina Taylor,terrancehorton@example.net,RO,2021-01-06,Basic,7018.16
9522,David Bishop,hunteranthony@example.com,MX,2021-08-26,Basic,11873.60
9523,Eric White,william22@example.org,VE,2019-08-24,Premium,5776.28
9524,Brian Carter,bestsylvia@example.com,BA,2020-04-01,Premium,23440.71
9525,Jeremy Johnson,cstevens@example.com,WS,2021-08-13,Standard,17091.98
9526,Christopher Rodriguez,sarajohnson@example.net,AL,2021-09-12,Basic,15712.71
9527,Ryan Harris,vincent15@example.org,SY,2023-08-23,Basic,15566.31
9528,Vanessa Martinez,sharonwright@example.org,LA,2021-01-29,Basic,17713.44
9529,Kayla Cox,scott39@example.net,TR,2021-02-06,Premium,24174.20
9530,Danny Carpenter,higginsdonna@example.com,SA,2018-09-21,Basic,15902.84
9531,Mike Hughes,deborah18@example.org,NO,2023-11-27,Standard,17097.61
9532,Justin Hughes,melissathomas@example.org,ZW,2019-10-03,Standard,11094.07
9533,Bryan Miller,jacquelineberry@example.net,GT,2019-05-08,Basic,16297.84
9534,Isaac Torres,rogersluis@example.net,MV,2024-12-02,Basic,12325.49
9535,Charles Spencer,rubenroberson@example.org,BB,2020-11-19,Standard,5600.49
9536,Paula Evans,cbarnes@example.net,RW,2024-11-16,Standard,8889.82
9537,Lindsay Massey,kcohen@example.net,NG,2021-07-27,Premium,19187.58
9538,Mr. David Wilcox DDS,lori25@example.net,SG,2022-11-21,Standard,22168.01
9539,Kenneth Ross,michaelgomez@example.net,LI,2024-11-09,Standard,11014.99
9540,Alyssa Wright,muellerjeffrey@example.net,LT,2024-09-18,Standard,5939.57
9541,Amy Chandler,lewismelanie@example.org,KI,2018-02-02,Premium,14143.11
9542,Felicia Webb,charles43@example.org,UZ,2020-04-26,Standard,18409.95
9543,Tara Mccoy,christianmatthews@example.com,FM,2020-01-23,Premium,20876.76
9544,Ashley Cox,ronaldrichardson@example.org,LI,2022-06-11,Premium,20928.09
9545,Mary Mclaughlin,weissashley@example.net,IN,2018-12-18,Basic,8182.03
9546,Stephanie Garcia,hsmith@example.org,RU,2023-05-02,Basic,15982.54
9547,George Moore,danielle86@example.org,KH,2019-12-08,Standard,3614.59
9548,Olivia Clements,bob85@example.com,CG,2023-11-18,Standard,18983.11
9549,Scott Potter,huffmanjames@example.com,LA,2020-05-30,Standard,19307.33
9550,Edward Davis,blankenshipbrenda@example.net,CR,2024-09-24,Premium,11989.93
9551,Terry Bryant,brownrobert@example.com,NR,2022-08-08,Basic,1220.50
9552,Alexa Clark,jharvey@example.org,PS,2023-10-31,Standard,10897.35
9553,Don English,roy06@example.net,ZW,2018-07-21,Premium,20111.61
9554,Tiffany Banks,riverakaren@example.com,EG,2023-09-05,Premium,6864.86
9555,Erik Brown,garcialinda@example.org,LU,2020-04-15,Premium,22749.73
9556,Mario Ware,xscott@example.org,BI,2024-03-17,Premium,1799.74
9557,Daniel Odom,adamparker@example.com,CF,2021-09-28,Premium,10965.84
9558,William Rose,jamessmith@example.net,MT,2020-09-18,Standard,19864.01
9559,Tina Hunt,carlroberts@example.com,FJ,2023-11-29,Standard,10006.13
9560,Jennifer Russell,rhonda44@example.org,KM,2023-06-14,Premium,23213.60
9561,Brittany Brennan,webbbrett@example.org,CV,2021-08-29,Standard,6814.14
9562,Kathryn Mccann,david60@example.org,CZ,2018-03-06,Standard,6126.21
9563,Paul Vance,mooremonique@example.com,KR,2019-09-24,Standard,1022.57
9564,Lee Graves,kimberlywolfe@example.org,CG,2022-11-27,Standard,21394.80
9565,Andrew Garza,mcculloughchristopher@example.net,IL,2022-07-09,Basic,17512.88
9566,Stephanie Park,randylyons@example.com,NI,2023-07-24,Premium,1201.95
9567,William White Jr.,hayesfrank@example.net,ER,2021-09-24,Basic,5155.25
9568,Steven Haney,maria40@example.net,FI,2021-05-09,Basic,14334.64
9569,Steven Moran,rberry@example.net,BG,2019-03-15,Basic,17271.85
9570,James Ortiz,mmcdaniel@example.org,ZA,2023-12-14,Standard,10219.20
9571,Mark Johnson,fcruz@example.org,IQ,2019-09-21,Basic,9110.77
9572,Carlos Lee,megan43@example.org,MD,2018-06-24,Premium,24527.88
9573,Brandon Jackson,jessicasmith@example.org,LK,2022-01-03,Standard,18066.37
9574,Lindsey Kelly,robertsmonique@example.com,CL,2020-06-09,Basic,6147.50
9575,Ann Hernandez,dylan61@example.net,MY,2018-03-22,Basic,12428.19
9576,Stephanie Miranda,agarner@example.org,MN,2021-10-25,Standard,13725.56
9577,Corey Woods,qfoster@example.net,AF,2019-01-01,Premium,9656.93
9578,Hunter Smith,donna31@example.org,GM,2022-09-04,Standard,5438.60
9579,Emily Larson,brianhayes@example.net,SC,2024-10-23,Standard,9941.62
9580,Melissa Williams,pschroeder@example.com,SC,2023-09-29,Standard,7214.28
9581,Charles Hunt,orozcocarlos@example.org,CY,2022-06-08,Premium,11145.28
9582,Marco Gomez,kirkrobert@example.net,TW,2024-11-01,Premium,20779.74
9583,Charles Wood,weissbenjamin@example.net,LU,2021-11-07,Premium,16657.59
9584,Stacy Garcia,anitagomez@example.org,GM,2024-04-23,Basic,14237.95
9585,Dr. Katie Santos,jonesvictoria@example.org,KP,2019-02-14,Basic,12621.81
9586,Elizabeth Green,davidthompson@example.com,SZ,2023-02-12,Standard,9366.11
9587,Nancy White,castrobriana@example.org,KE,2018-10-08,Premium,14314.67
9588,Richard Silva,annettemoore@example.net,ME,2021-02-09,Standard,2399.43
9589,Pamela Mcconnell,castilloeric@example.com,NP,2021-06-10,Basic,19518.81
9590,Taylor Leonard,claudia53@example.org,IN,2021-10-20,Premium,16804.61
9591,Daniel Monroe,devans@example.com,HU,2022-10-26,Standard,15497.81
9592,Rebecca Anthony,christine07@example.org,BB,2019-12-30,Basic,18983.39
9593,Tara Brown,johngould@example.org,LR,2020-09-28,Basic,19515.59
9594,Dr. Penny Smith DVM,elizabethhinton@example.net,NI,2021-10-09,Basic,14259.11
9595,Sarah Contreras,barbara46@example.net,HN,2021-01-19,Standard,11123.53
9596,Jamie Cortez,ehall@example.net,SY,2021-12-06,Standard,19503.30
9597,Amanda Wilson,beasleyjimmy@example.org,BY,2024-07-13,Premium,12035.22
9598,Tracy Garrett,nelsonrita@example.net,RW,2022-01-21,Standard,7574.81
9599,Diamond Randall,fcampos@example.com,JP,2024-11-14,Standard,16216.05
9600,Richard Washington,sarah68@example.net,NP,2020-05-11,Basic,20883.61
9601,Elizabeth Burns,normanbrian@example.net,ET,2020-06-30,Standard,13426.09
9602,Melissa Cox,dpowers@example.org,TT,2023-07-11,Premium,8407.14
9603,Stephanie Wright,calebcompton@example.org,SZ,2022-08-09,Basic,4368.03
9604,Ryan Price,qrodriguez@example.net,PY,2019-07-31,Basic,66.82
9605,Joy Knight,peteradams@example.org,GR,2024-07-12,Standard,19192.04
9606,Monique Best,joan40@example.net,HR,2018-08-09,Standard,10122.88
9607,Paul Rivera,parkernicole@example.com,WS,2020-09-14,Standard,21628.22
9608,Cynthia Miller,wadkins@example.org,TH,2021-11-17,Premium,8998.55
9609,Sierra Mejia,andrew64@example.org,CU,2023-03-15,Standard,3124.73
9610,Samantha Hamilton,jbrowning@example.net,GM,2018-07-28,Basic,1193.47
9611,James Martinez,perezmichele@example.com,SE,2019-05-20,Standard,16086.23
9612,Karen Cunningham,nathan52@example.org,TZ,2023-03-09,Standard,21470.21
9613,Christie Hale,robinjohnson@example.org,ZW,2021-03-24,Basic,24023.53
9614,Michael Smith,ijordan@example.com,CN,2020-09-11,Basic,1793.91
9615,Mrs. Angela Long,meganwong@example.org,PW,2020-12-10,Basic,13413.99
9616,Michael Larson,ashley94@example.net,BG,2019-07-01,Premium,8809.94
9617,Nicole Reeves,paulwhite@example.net,GT,2022-02-05,Standard,24048.11
9618,Michele Brewer,gking@example.net,NI,2021-10-11,Standard,6364.06
9619,Willie Williams,mindywhite@example.com,TW,2020-07-03,Standard,6759.09
9620,Terri Johnson,brittany35@example.net,MR,2023-06-22,Standard,2380.77
9621,Bruce Price,sgeorge@example.net,RW,2023-12-28,Standard,21888.41
9622,Kurt Sanchez,xacosta@example.net,CM,2022-03-13,Standard,5349.92
9623,Heather Williams,nicholas34@example.com,PA,2021-07-10,Premium,5944.68
9624,Brian Farrell,ogolden@example.org,KI,2019-08-16,Basic,9167.96
9625,Taylor Martinez,millerangela@example.org,TT,2022-03-08,Standard,13817.19
9626,Curtis Johnston,katrinawoodard@example.com,SC,2024-07-12,Standard,12149.61
9627,George Guzman,briancruz@example.org,DO,2024-09-14,Standard,20821.61
9628,Blake Taylor,bsoto@example.com,MR,2022-01-23,Basic,2443.03
9629,Martha Duncan,gellis@example.org,GA,2022-08-02,Standard,1107.78
9630,Kelsey Fletcher,pattersonlauren@example.org,FJ,2023-12-15,Standard,15701.75
9631,Wanda Webb,jenningswendy@example.org,FJ,2019-04-27,Premium,10263.62
9632,Tracy Costa,kellymelissa@example.org,NR,2020-09-03,Premium,18541.59
9633,Lisa Wagner,proctorangel@example.org,GE,2021-05-21,Standard,47.02
9634,Laura Ruiz,rdavenport@example.org,BJ,2018-03-16,Standard,2544.05
9635,Henry Schroeder,bryan38@example.net,SD,2022-06-29,Basic,24927.28
9636,Cassandra Bishop,ushelton@example.org,BB,2022-12-27,Basic,17907.93
9637,Frank Vaughn,wilsonkatherine@example.org,VE,2020-11-08,Basic,24476.81
9638,Jennifer Cardenas,baldwineric@example.org,KG,2024-08-13,Standard,18009.11
9639,Annette Young,teresa11@example.com,ZM,2020-10-02,Standard,3112.14
9640,Terry Sexton,jamespeterson@example.com,TV,2021-12-01,Basic,7983.54
9641,Shawn Stevens,lee09@example.com,CR,2021-10-24,Premium,12955.04
9642,Jillian Miller,arichards@example.net,FJ,2020-06-06,Standard,23470.75
9643,Jeremy Henderson,rbrown@example.com,ES,2022-03-08,Basic,19164.58
9644,Stephanie Bartlett,nathan79@example.com,TW,2018-06-01,Premium,11536.99
9645,Lisa Butler,randyschaefer@example.org,KN,2020-02-22,Basic,20616.14
9646,Charles Underwood,parkershannon@example.net,MR,2019-02-17,Premium,1945.83
9647,Megan Gentry,youngmatthew@example.org,GM,2021-11-26,Basic,16945.11
9648,James Johnson,mark38@example.com,GD,2018-06-11,Premium,10958.24
9649,Robert Smith,nblack@example.com,FI,2018-05-25,Standard,11500.30
9650,Teresa Wright,jflowers@example.org,MC,2021-01-09,Basic,836.09
9651,Timothy Wilson,hansonsara@example.net,PL,2024-02-03,Standard,17518.23
9652,Brian Johnson,alejandroporter@example.org,ST,2019-12-31,Basic,7815.03
9653,Curtis Roberts,millerkathryn@example.org,CR,2019-02-05,Standard,22596.63
9654,Pamela Bean,deborah72@example.com,BS,2019-10-02,Premium,18731.53
9655,Emily Dawson,rebeccarodriguez@example.org,SB,2022-02-04,Basic,20260.56
9656,Gregory Howard,kellyevans@example.org,CV,2020-08-26,Basic,13741.93
9657,Samantha Mathews,seth23@example.com,DO,2024-07-25,Standard,11129.24
9658,Bradley Baldwin,zoemorgan@example.org,CV,2020-10-20,Standard,24955.36
9659,Scott Luna,sherri52@example.com,MX,2022-10-21,Standard,24996.43
9660,Jill Holt,foxbilly@example.net,GA,2022-02-16,Basic,19889.59
9661,Ryan Mendoza,lauragordon@example.net,US,2023-11-30,Basic,10187.98
9662,Amanda Reed,allensarah@example.net,EC,2023-06-27,Premium,11361.36
9663,Cassandra Davis MD,opennington@example.org,YE,2019-06-29,Basic,13458.27
9664,Geoffrey Aguirre,hodgescharles@example.com,AU,2021-01-11,Premium,24175.97
9665,Lori Atkins,jacksonmisty@example.org,MH,2020-08-02,Standard,20506.82
9666,Stacy Parker,psaunders@example.net,PK,2020-03-05,Basic,182.53
9667,Kayla Barron,kathleenortiz@example.net,AL,2021-01-19,Premium,1178.21
9668,Carol Irwin,robinsondonna@example.net,PT,2023-04-02,Standard,4124.21
9669,Kristina Davis,lhorton@example.org,KI,2021-06-22,Basic,5667.77
9670,Emily Ruiz,david10@example.com,NA,2022-07-18,Basic,23072.10
9671,Grace Herrera,richardrodriguez@example.net,KG,2021-07-08,Standard,17806.69
9672,Monica Tucker,zcaldwell@example.org,ME,2024-05-14,Standard,11040.74
9673,Laura Baker,alexander01@example.org,NI,2018-09-14,Basic,6700.75
9674,Ashlee Morrison,shawn54@example.net,MC,2018-04-02,Premium,17589.84
9675,Daniel Wood,zmartinez@example.com,MM,2018-02-15,Basic,1288.74
9676,Robert Archer,casey08@example.com,BA,2023-02-12,Basic,18022.92
9677,Erika Smith,geraldfrederick@example.net,FI,2022-01-31,Basic,10923.82
9678,James Carlson,michaelvaughan@example.net,GR,2022-02-03,Basic,20343.98
9679,Robert Moran,shawn63@example.com,SI,2022-05-16,Premium,12841.65
9680,Robin Carey,williamsjohn@example.org,UZ,2021-11-04,Premium,23714.59
9681,Julia Moore,xsutton@example.net,DJ,2022-08-28,Premium,22423.17
9682,Jamie Armstrong,nicholemurphy@example.org,IQ,2023-04-13,Basic,23649.39
9683,Carl Hudson,wendy34@example.org,AG,2018-10-07,Premium,22158.90
9684,Samantha Robbins,rodriguezelizabeth@example.org,SZ,2023-11-13,Standard,10729.11
9685,Benjamin Taylor,johnryan@example.com,SG,2024-07-17,Premium,2211.52
9686,Jason Butler,rolson@example.net,SG,2019-06-02,Basic,3210.56
9687,Henry Allen,whitepaula@example.org,US,2020-03-14,Premium,1888.97
9688,Corey Gaines,ujohnson@example.com,TO,2019-11-13,Standard,21668.43
9689,Peter Gutierrez,holly44@example.net,GB,2022-03-27,Premium,23081.82
9690,Roberta Mullins,kevin11@example.org,NG,2024-07-26,Standard,19742.95
9691,Luis Walsh,jason03@example.org,NE,2024-02-17,Basic,20150.72
9692,Rachel Davis,clifford87@example.org,AU,2019-08-25,Standard,20250.30
9693,Michael Torres,wgreen@example.com,GT,2021-06-07,Standard,24418.64
9694,Kristin Hernandez,benjamin14@example.net,IE,2021-07-28,Standard,24094.03
9695,Lisa Zhang,hortonrose@example.com,ZW,2021-01-22,Standard,22867.84
9696,Martin Nguyen Jr.,daniel31@example.net,UY,2020-05-29,Premium,9369.62
9697,Susan Ramos,benjamin06@example.net,GQ,2021-07-22,Standard,7160.26
9698,Victoria Ali,rogerscheryl@example.org,KZ,2018-11-09,Premium,13019.30
9699,Tiffany Calhoun,eoconnell@example.net,KN,2023-12-21,Basic,21250.04
9700,Patricia Howe DDS,schroederlisa@example.net,TW,2021-11-04,Premium,5345.73
9701,Laura Harris,sarahsuarez@example.net,GW,2023-01-18,Premium,12780.23
9702,Dr. Maurice Moss,parsonsjacqueline@example.net,BZ,2018-03-16,Basic,8453.19
9703,Ann Johnson,justin57@example.org,SO,2018-08-26,Premium,13815.42
9704,David Brown,grahamrachel@example.net,BZ,2024-01-21,Premium,17250.42
9705,Kimberly Nielsen,jason10@example.com,SB,2020-06-05,Standard,20937.53
9706,William Savage,acastillo@example.org,LR,2022-10-23,Basic,7522.71
9707,Lisa Boone,eshaffer@example.com,HN,2019-02-13,Basic,19464.86
9708,Brooke Ryan,jennifer78@example.org,BH,2021-02-18,Standard,23477.49
9709,Nancy Shaw,bryan86@example.org,BN,2020-12-01,Standard,16769.02
9710,Dr. Heather Martinez MD,fgray@example.net,OM,2019-11-11,Premium,23652.97
9711,Terri Morris,sandra11@example.com,TL,2020-12-05,Basic,13055.69
9712,Jamie Kemp,pruittjared@example.org,DZ,2020-03-23,Premium,8091.08
9713,Emily Saunders,rogercameron@example.net,VU,2018-09-02,Premium,2782.30
9714,Tony Kramer,bjenkins@example.net,TO,2022-12-20,Premium,13542.57
9715,Amber Mcdonald,wesleypennington@example.com,AL,2022-05-14,Premium,4889.88
9716,Phillip Crawford,cnelson@example.com,TM,2023-09-13,Standard,21961.24
9717,Samantha Williams,kevinsmith@example.org,BZ,2022-06-06,Standard,11717.82
9718,Herbert Goodwin,ibrown@example.org,AL,2023-06-01,Premium,18307.86
9719,Mary Romero,gordonkaren@example.com,MT,2018-02-13,Standard,16535.01
9720,Ryan Oliver,samanthajohnson@example.org,BD,2023-06-03,Standard,2710.18
9721,Rodney Riddle,ashleyfowler@example.net,LY,2024-02-05,Premium,19386.99
9722,David Hayes,melissahubbard@example.com,ID,2022-03-26,Premium,18511.57
9723,Mr. Juan Anderson,larsonrenee@example.net,KW,2022-03-09,Premium,12079.57
9724,Dr. Michele Hall,robin54@example.net,MU,2023-06-01,Basic,20958.44
9725,James Brown,fortiz@example.org,CY,2022-09-01,Premium,23961.53
9726,Dylan Rojas,josemurphy@example.net,PH,2023-08-06,Premium,1044.92
9727,Michael Copeland,johnsonmegan@example.org,CY,2024-02-13,Basic,21138.89
9728,Kevin Fields,jonesmary@example.net,SK,2022-06-05,Basic,1233.14
9729,Sabrina Davis,mendezclaire@example.com,TG,2021-05-12,Premium,12525.10
9730,Stacy Fitzgerald,haydencook@example.net,ME,2024-06-10,Premium,1117.90
9731,Justin Barry,darren61@example.net,BG,2019-10-25,Standard,21123.77
9732,Mrs. Anna Valdez,zacharycantu@example.org,DM,2021-09-07,Standard,6417.57
9733,Lucas Gonzalez,william34@example.net,VE,2022-10-25,Standard,7462.77
9734,Jasmine Williams,tonyabowen@example.com,ST,2024-08-08,Basic,2082.86
9735,Stacy Thomas,emaldonado@example.net,FI,2018-06-01,Standard,17948.10
9736,Kathryn Davis,cray@example.net,KG,2020-08-02,Basic,17043.27
9737,Shawna Owens,ricelauren@example.net,VA,2022-05-04,Standard,19902.12
9738,John Smith,jonathan80@example.net,ZM,2024-05-20,Premium,24131.40
9739,Thomas Alexander,haastina@example.com,KW,2023-06-16,Basic,386.65
9740,Cody Brown,michaellong@example.org,GY,2021-05-07,Premium,8407.33
9741,Matthew White,brittany56@example.net,IR,2019-04-14,Basic,24033.20
9742,Brian Jackson,jared54@example.org,IL,2023-01-20,Basic,1327.01
9743,Brandon Sellers,guy73@example.com,FI,2024-03-12,Premium,18434.82
9744,Erika Brock,deborah08@example.org,JP,2022-03-11,Basic,14346.70
9745,Brandon Barton,mariowilliams@example.com,MR,2020-02-09,Standard,24836.75
9746,Ricky Graham,owensstephanie@example.com,TM,2019-08-06,Basic,9781.50
9747,Martin Romero,tiffany91@example.com,CZ,2018-02-14,Standard,6931.80
9748,Kara Miller,mrodriguez@example.org,RW,2019-04-28,Standard,23056.84
9749,Eric Jacobs,mmedina@example.org,HT,2018-10-02,Basic,6224.21
9750,Jay Reed,ewise@example.org,MK,2022-06-19,Basic,3463.68
9751,Michael Smith,rhondamora@example.com,VN,2021-10-28,Premium,10038.23
9752,Matthew Bryant,johnsonlisa@example.net,BD,2018-01-15,Premium,4355.81
9753,Peggy Hoover,hannah72@example.net,UA,2022-10-01,Basic,18374.26
9754,Joshua Carlson,jeffreydominguez@example.org,TM,2018-04-13,Basic,17695.98
9755,Jessica Sanchez,arthur25@example.net,MY,2023-02-09,Standard,19816.68
9756,Alisha Keith,chenrandy@example.org,CU,2023-10-08,Premium,3539.11
9757,Alexandra Dixon,stacey91@example.com,SB,2024-10-07,Premium,4974.67
9758,Kathryn Nguyen,qwarner@example.com,DO,2022-02-16,Basic,5769.76
9759,Joshua Thompson,markreed@example.net,MX,2023-08-25,Standard,4803.10
9760,Connor Anderson,anita84@example.org,BH,2024-12-20,Basic,2067.07
9761,Anna Nelson,tiffany20@example.com,ER,2022-07-31,Standard,11215.86
9762,Zachary Porter,mlopez@example.org,HN,2021-08-29,Premium,12000.45
9763,Sarah Vaughan,rodriguezwilliam@example.net,BA,2021-10-16,Standard,9434.54
9764,Caitlin Garza,ellisjason@example.com,KH,2020-06-10,Basic,17650.46
9765,Christopher Williams,virginiahopkins@example.com,CM,2019-05-16,Premium,21902.05
9766,Emily Diaz,myoung@example.com,MT,2018-11-30,Standard,1177.12
9767,Jesse Taylor,umcdonald@example.net,VC,2018-12-29,Premium,22772.05
9768,Monica Mccoy,syoung@example.com,AR,2020-09-28,Premium,2169.51
9769,John Hendricks,baileyolivia@example.net,BW,2021-09-15,Standard,12830.68
9770,Chad Smith,william36@example.net,SK,2024-07-15,Basic,12054.78
9771,Erin Brown,littlejoshua@example.net,MH,2024-06-26,Premium,23293.30
9772,Tracy Banks,nicholasgibson@example.com,NZ,2021-10-20,Basic,11344.89
9773,Susan Young,victoria32@example.org,DK,2023-07-12,Standard,2036.15
9774,Jill Jackson,noblealan@example.net,SA,2023-06-14,Basic,670.64
9775,Calvin Johnson,amy00@example.org,IR,2018-05-14,Standard,10270.14
9776,Elijah Hill,loriporter@example.net,UY,2023-01-25,Premium,22331.29
9777,Kathryn Snyder,xthompson@example.org,FJ,2021-05-27,Premium,3239.24
9778,Jerome Vega,michelle84@example.com,GY,2022-04-14,Premium,8248.99
9779,Katherine Reyes,danameyers@example.com,GD,2022-05-26,Standard,13521.77
9780,Larry Salinas,angelica75@example.net,MW,2020-08-07,Basic,15779.92
9781,Kurt Vasquez,stephanie30@example.org,SD,2024-08-16,Standard,5220.85
9782,Melanie Montoya,browndylan@example.com,UZ,2023-01-10,Standard,13965.39
9783,Jennifer Lewis,wagneremily@example.com,CH,2019-04-18,Basic,11338.64
9784,Stephanie Houston,lnunez@example.com,MZ,2022-07-12,Standard,11619.71
9785,Janet Beck,richard60@example.org,TL,2022-11-20,Premium,234.75
9786,Jeffery Thomas,christopher30@example.net,NE,2021-02-20,Premium,7754.10
9787,Paul Stevens,kellyboyd@example.com,RO,2024-08-01,Basic,11376.16
9788,Patricia Parker,charles84@example.net,KG,2020-08-13,Premium,15976.32
9789,Frank Ramirez,jeffrey05@example.com,MG,2023-04-20,Premium,1115.18
9790,Edward Rivera,mparker@example.org,LV,2020-07-13,Premium,6604.92
9791,Carrie Moore,carlos85@example.net,TJ,2022-09-18,Basic,20717.93
9792,Teresa Robertson,jamesleslie@example.org,MC,2023-01-23,Standard,22810.22
9793,Ashley Larson,steven80@example.org,KI,2023-08-10,Standard,24863.62
9794,Megan Simmons,warrenalexander@example.net,DE,2021-10-25,Premium,19487.04
9795,Jonathan Robertson,jonathansmith@example.net,GW,2021-05-22,Basic,7022.65
9796,Richard Porter,sspence@example.com,LI,2023-12-25,Premium,14666.22
9797,Jonathan Brown,chris62@example.net,KG,2022-12-03,Basic,20049.82
9798,Cynthia Burns,linda20@example.com,GA,2019-04-25,Basic,2318.24
9799,Jared Roberts,vmathews@example.com,MN,2021-11-11,Standard,488.34
9800,Margaret Doyle,terricase@example.com,MW,2021-10-28,Standard,4054.95
9801,Susan Hicks,stephen05@example.org,KM,2018-07-30,Standard,14858.79
9802,Rachel Harrison,mward@example.net,VN,2024-07-18,Standard,20440.71
9803,Dr. Megan Miller,howellbilly@example.com,SC,2021-05-09,Standard,10338.91
9804,Danielle Barber DVM,parkamanda@example.org,ML,2019-04-26,Premium,2687.56
9805,Holly Nolan,wallacelisa@example.org,GD,2023-06-06,Basic,11816.41
9806,Sue King,raymondthomas@example.com,IS,2021-06-10,Standard,9051.43
9807,Bryan Webb,karengordon@example.net,MV,2021-12-09,Standard,8535.51
9808,Jerry Wright,ucastro@example.com,SR,2019-09-06,Basic,14131.86
9809,Jeremy Jones,don23@example.com,RS,2023-02-11,Premium,4160.48
9810,Alexander Torres,watsonjennifer@example.org,BF,2024-06-19,Premium,7401.08
9811,Mary Reynolds,hicksdeanna@example.org,AD,2021-10-15,Standard,23581.83
9812,Brian Williams,thomasmichael@example.net,NG,2018-04-12,Premium,14499.25
9813,Dorothy Rios,taylorevan@example.org,VU,2024-10-29,Basic,6445.53
9814,Michael Martinez,matthew61@example.com,CU,2022-04-07,Basic,21456.79
9815,Melissa Burns,jenniferhahn@example.org,MR,2022-09-04,Premium,21071.27
9816,Patricia Carpenter,qhickman@example.org,EG,2022-04-02,Basic,14753.32
9817,Joseph Vazquez,kimberlysparks@example.org,BE,2024-09-13,Premium,23054.22
9818,Tiffany Petty,dwayne40@example.org,CH,2022-07-29,Premium,5462.10
9819,Holly Mcclain,wisejessica@example.net,BA,2019-06-26,Standard,19544.69
9820,Lisa Ramirez,trevor49@example.com,PA,2023-05-06,Premium,15619.89
9821,Leslie Gibson,paulwalton@example.net,TT,2022-12-19,Standard,22259.27
9822,Angela Pearson,jenkinselizabeth@example.com,MU,2022-12-04,Basic,9364.63
9823,Mark Lopez,twalker@example.net,BR,2018-06-17,Basic,5128.02
9824,Brandy Hanna,sreyes@example.org,JP,2024-05-03,Standard,3607.88
9825,Mark Hunter,christopher62@example.com,GR,2020-07-01,Standard,11710.90
9826,Richard Phillips,mark40@example.com,IQ,2020-01-23,Basic,20197.43
9827,Jennifer Nichols,davidbaker@example.org,SV,2022-12-24,Premium,16752.00
9828,Elizabeth Thompson,laurenjohnson@example.org,DJ,2018-12-16,Premium,23658.81
9829,Timothy Rivera,alan74@example.org,EC,2020-09-03,Standard,3080.07
9830,Christopher Smith,allison20@example.net,AE,2024-03-18,Basic,10486.07
9831,Ryan Brewer,paulshort@example.net,NZ,2020-02-07,Basic,19824.34
9832,Patrick Gray,mperry@example.com,YE,2022-07-25,Basic,24170.89
9833,Heidi Mcclure,gabriella29@example.com,SG,2019-11-19,Standard,5042.91
9834,Michael Davis,anthonyperez@example.org,CH,2020-08-07,Premium,17110.27
9835,Mr. Jose Richardson,alvareztracy@example.net,TG,2020-09-17,Premium,19694.84
9836,Alexandra Mason,floresanna@example.org,UY,2020-06-02,Basic,14734.67
9837,David Gray,bennettelizabeth@example.org,DM,2020-07-30,Standard,6998.07
9838,Elizabeth Lopez,hoganwilliam@example.org,IS,2018-04-03,Standard,20359.88
9839,Alejandro Stevens,richardssarah@example.net,GM,2018-04-23,Standard,14149.97
9840,Jeffrey Smith,james29@example.org,HN,2020-11-25,Basic,5664.14
9841,Corey Garza,tonya11@example.net,RO,2018-01-10,Standard,15299.30
9842,Devon Cooley,jerrymiller@example.com,NR,2019-06-19,Premium,8525.59
9843,Chelsey Rollins,wilsonbrittany@example.com,KH,2024-01-12,Standard,8077.97
9844,Hannah Ward,rebecca17@example.net,BH,2019-07-30,Basic,7638.01
9845,Kristen Pruitt,qlong@example.org,AE,2019-07-14,Basic,8590.86
9846,Catherine Walker,padams@example.org,MC,2023-05-30,Basic,20866.11
9847,David Robinson,cortezmicheal@example.net,PL,2018-05-16,Standard,21537.15
9848,Diana Chambers,qsmith@example.net,HU,2020-12-21,Standard,13276.56
9849,Stephen Avila,jonathon53@example.org,PY,2024-03-26,Standard,7181.71
9850,Tiffany Snyder,gbird@example.net,ZA,2023-05-16,Standard,6135.22
9851,Judith Robertson,ibarber@example.com,SE,2019-04-22,Basic,15793.78
9852,Pamela Peterson,garrisonjames@example.net,DO,2023-11-02,Premium,6398.13
9853,Jacqueline Campbell,ryanmoore@example.org,VN,2022-01-23,Standard,24077.14
9854,Brian Daugherty,kimberlychapman@example.org,AF,2019-08-10,Basic,20054.03
9855,Glenn Hudson,ericleach@example.net,YE,2021-08-20,Premium,24360.66
9856,Teresa Morgan,haydenmichael@example.org,ST,2022-08-08,Standard,24265.57
9857,Frances Pena,kbuchanan@example.net,BZ,2022-02-04,Standard,20017.86
9858,Justin Rodriguez,brandon03@example.net,SY,2023-05-19,Basic,21491.00
9859,Lisa Garcia,hartanthony@example.org,SA,2022-10-04,Basic,13250.85
9860,Tyler Hensley,richardmorrow@example.com,CO,2023-01-04,Basic,9922.19
9861,Kathryn Schaefer,heathermonroe@example.com,UZ,2020-01-10,Premium,5717.12
9862,Aaron Riley,moorechristopher@example.org,PA,2024-08-14,Premium,4219.59
9863,Sandra Goodman,nelsonmercedes@example.org,AF,2020-10-17,Premium,22926.33
9864,Kenneth Miller DDS,briantucker@example.org,TL,2018-05-21,Premium,15535.80
9865,Amy Parker,cmoreno@example.com,LI,2021-08-28,Basic,10032.09
9866,Ashley Mclean,jeffrey11@example.org,YE,2022-08-26,Premium,23785.51
9867,Katelyn Mccormick,taylorcharles@example.com,KW,2024-06-20,Basic,3292.96
9868,Frank Gomez,faith23@example.com,MN,2023-04-18,Basic,13112.09
9869,Tanya Mendoza,amanda91@example.org,ZW,2023-06-06,Premium,22992.14
9870,Janet Bryan,kevinmiller@example.net,LT,2023-10-29,Standard,5074.57
9871,Jennifer Hunter,marie58@example.com,IE,2018-11-09,Standard,20035.97
9872,Veronica Underwood,deborahmiller@example.com,CL,2021-06-22,Basic,9057.33
9873,Tiffany Cantu,kennethgray@example.net,BR,2022-08-02,Premium,14406.93
9874,Frank Bruce,susanthomas@example.org,RU,2019-04-09,Standard,22892.84
9875,Douglas Howe,jason01@example.com,RU,2024-06-23,Standard,7742.74
9876,Henry Mclaughlin,hillmadeline@example.org,CY,2019-04-16,Standard,208.55
9877,Sandra Myers,lambertdavid@example.com,AG,2020-03-08,Premium,13547.55
9878,Thomas Le,davidjackson@example.org,BB,2023-09-06,Premium,11775.18
9879,Deborah Williams,david97@example.net,FM,2018-03-21,Standard,1964.52
9880,James Taylor,jenniferdawson@example.org,FR,2018-06-19,Premium,13176.78
9881,Jason White,crystalhill@example.net,FM,2021-07-02,Standard,17119.37
9882,Michael Wood,xmccall@example.org,AE,2019-09-07,Premium,3678.49
9883,Julie Gibbs,sullivanemily@example.com,TZ,2019-10-15,Basic,17582.71
9884,Scott Johnston,amy82@example.org,PW,2018-01-15,Premium,18078.96
9885,Laurie Rivera,tiffanyjimenez@example.com,AM,2023-06-27,Standard,7438.94
9886,Mark Lindsey,amanda37@example.org,LB,2021-01-17,Premium,9958.72
9887,Antonio Tucker,erintucker@example.com,SD,2023-12-11,Standard,15487.85
9888,Mitchell Russell,jeremiah21@example.net,SR,2018-10-07,Premium,21711.09
9889,Christian Elliott,sgibson@example.net,SB,2021-01-07,Standard,10376.31
9890,Connor Garcia,whitney16@example.net,ID,2023-03-26,Standard,16255.85
9891,Nicholas Mclaughlin,robersoncatherine@example.org,LS,2018-03-15,Premium,8887.79
9892,Michael Hill,brookschristina@example.org,HR,2022-07-20,Basic,17013.65
9893,Christian Mayer,joshualyons@example.org,BH,2023-01-07,Standard,6894.37
9894,Kelsey Henderson,victoriawright@example.com,GT,2018-07-28,Premium,21693.03
9895,Molly Hernandez,rachelmoore@example.net,NL,2022-06-20,Premium,12032.04
9896,Katherine Willis,urobinson@example.net,TJ,2021-10-31,Standard,18373.61
9897,Victoria Williams,mistyharper@example.com,MK,2020-02-12,Premium,334.92
9898,Lisa Mccarty,kevinallen@example.net,SG,2022-03-06,Basic,23808.68
9899,Stephen Garcia,emily94@example.com,BN,2019-08-04,Premium,17219.86
9900,Kevin Lyons,wjones@example.com,SC,2020-06-04,Standard,13372.72
9901,Lacey Dennis,watsongabriella@example.com,CN,2018-02-12,Standard,1224.36
9902,Jessica Smith,bpeters@example.org,PA,2018-12-27,Standard,8389.32
9903,Michael James,ashley46@example.com,CU,2024-08-31,Premium,5728.00
9904,Andrea Cline,keithcarr@example.com,VC,2022-07-02,Standard,1886.93
9905,Tyler Henderson,carlahicks@example.net,TV,2023-12-18,Standard,12504.19
9906,Kyle Smith,abuckley@example.com,MY,2019-02-13,Basic,15856.70
9907,Anthony Villarreal,erin26@example.net,CA,2018-01-29,Premium,9124.56
9908,Rachel Lamb,brodriguez@example.com,DK,2019-03-14,Basic,10807.14
9909,Derek Johnson,harveychristian@example.com,SZ,2024-10-31,Standard,16732.74
9910,Alexis Reynolds MD,wendy91@example.net,TD,2018-04-24,Basic,3228.16
9911,Christopher Joseph,bakeranthony@example.net,BT,2018-10-29,Basic,3267.40
9912,Ricky Garcia,hwinters@example.org,HT,2019-05-04,Basic,3868.44
9913,Lauren Bryant,christina83@example.com,NE,2021-12-16,Premium,5956.87
9914,Cynthia Alvarez,lewischad@example.net,GN,2019-09-04,Basic,11249.08
9915,Jonathan Briggs,ipeterson@example.com,PT,2018-01-16,Standard,14383.73
9916,Robert Ochoa,sarah26@example.com,HU,2020-03-20,Standard,14637.26
9917,Kyle Crawford,igross@example.com,KI,2023-09-02,Premium,14834.75
9918,Todd Davis,perryjoseph@example.net,MC,2019-02-27,Standard,13388.16
9919,Justin Jackson,xrobinson@example.com,MD,2022-03-04,Standard,20263.85
9920,Marissa Edwards,nguyenjason@example.com,MM,2018-11-13,Standard,21057.95
9921,Maria Nunez,anna04@example.net,ZM,2024-10-11,Basic,11090.79
9922,Bryan Jones,daniel01@example.org,TG,2021-03-02,Basic,4121.84
9923,Kimberly Marshall,nicholasvega@example.com,VN,2018-03-21,Standard,8356.17
9924,Joanna Gonzalez,brittanyberg@example.net,MU,2023-02-26,Standard,17399.78
9925,Kevin Wang,banksjames@example.com,VC,2019-03-30,Standard,22868.51
9926,Kevin Simpson,janicehampton@example.org,GB,2021-05-09,Basic,20267.57
9927,Erin Ramirez,annette76@example.com,KR,2020-09-02,Basic,10301.14
9928,Travis Patel,gwright@example.com,AT,2022-04-28,Premium,8645.68
9929,Cynthia Davis,brandon47@example.net,TJ,2018-11-23,Basic,23141.90
9930,George Cruz,katherineevans@example.net,CZ,2020-08-31,Basic,1752.25
9931,Mckenzie Dennis,scottjuarez@example.org,MT,2021-05-15,Basic,14377.62
9932,Robert Williams,sjohnson@example.net,BR,2023-04-09,Basic,11238.29
9933,Mary Olson,stephaniepatrick@example.com,MC,2022-11-14,Basic,19735.09
9934,Maria Crawford,pamela20@example.com,BD,2023-05-21,Premium,22046.71
9935,Andrew Hammond,elizabeth65@example.net,NP,2020-11-22,Standard,4781.73
9936,Robin Burns,kristen54@example.net,KZ,2021-06-06,Premium,15741.61
9937,Daniel Dalton,butlerkatie@example.net,ID,2021-11-04,Standard,15565.90
9938,Edward Anderson,qriley@example.org,DJ,2023-03-10,Basic,12385.18
9939,Sharon Anderson,ashley61@example.net,PG,2024-10-08,Standard,9047.58
9940,Teresa Mills,amy18@example.net,CU,2019-03-28,Standard,22600.09
9941,Larry Guerrero,mcleanbrittany@example.org,ME,2021-06-13,Premium,22358.18
9942,Stephen Webb,ronald30@example.org,KI,2018-06-26,Premium,15334.58
9943,Michael Mitchell,matthewsjoanna@example.com,FI,2024-05-29,Premium,19072.48
9944,Kenneth Phillips,aboyer@example.net,KE,2020-07-16,Standard,23202.39
9945,Michael Cook DDS,leonbethany@example.com,CL,2018-03-18,Basic,7420.72
9946,Michael Becker,kimmichael@example.net,BF,2021-04-15,Standard,14529.56
9947,Daniel Reese,suarezdonna@example.net,QA,2022-09-12,Premium,15662.11
9948,Caitlin Benson,lance06@example.net,LU,2018-07-24,Basic,7177.01
9949,Jacob Page,hmiller@example.org,TG,2024-09-29,Premium,10473.76
9950,Brenda Donovan,wallacejesse@example.net,BJ,2021-12-22,Standard,5701.36
9951,Stephen Holland,smithkathryn@example.net,LT,2022-08-28,Premium,7199.60
9952,Tina Frost,jamesgutierrez@example.org,MN,2019-11-19,Standard,9548.57
9953,Jerry Long,daniel40@example.org,EG,2019-07-21,Premium,9149.18
9954,Gregory Shaffer,julieweber@example.net,JM,2024-08-29,Premium,23071.07
9955,Jenna Mack,hernandezwilliam@example.org,TM,2020-06-23,Standard,19547.25
9956,Pamela Lee,gmathews@example.org,SE,2020-08-03,Premium,14885.82
9957,Thomas Jones,pamela75@example.net,GY,2018-12-13,Basic,23936.63
9958,Vincent May,sheilajennings@example.com,SC,2018-08-29,Premium,16969.25
9959,Jennifer Massey,kelleybrian@example.com,BN,2019-08-31,Standard,6043.17
9960,Philip Fitzgerald,markoconnell@example.net,TH,2019-04-11,Standard,4608.67
9961,Cynthia Brown,jacqueline45@example.net,YE,2020-01-17,Standard,7768.48
9962,Russell Mccoy,fwilkerson@example.com,NE,2018-09-27,Standard,12283.56
9963,Sarah Osborn,hillmonica@example.org,BY,2021-09-06,Standard,14289.45
9964,Jason Barnes,lee92@example.org,SO,2018-02-22,Premium,15853.36
9965,Michael Shelton,marie48@example.net,TH,2023-11-07,Standard,3146.84
9966,Zachary Kane,porterlaura@example.com,GW,2024-11-05,Premium,5435.69
9967,Justin Young,sarahthompson@example.net,CY,2021-09-13,Basic,13187.20
9968,Tyler Smith,hensleymichael@example.org,FJ,2021-01-22,Standard,20028.18
9969,Roger Torres,ellisjane@example.org,TM,2019-11-02,Premium,14380.21
9970,Stanley Martin,cbarajas@example.com,US,2020-09-19,Basic,19049.35
9971,Henry Ross,wheelerspencer@example.com,GR,2024-11-30,Standard,17109.80
9972,Daniel Smith,hwinters@example.com,TT,2023-05-26,Standard,19931.26
9973,Kelly Johnson,shaunbass@example.net,VC,2018-12-04,Standard,6229.91
9974,Donald Wells,bbeck@example.net,GH,2024-09-03,Premium,19741.10
9975,Douglas Warner,marquezsherri@example.net,UY,2019-11-12,Standard,19228.70
9976,Charlotte Simon,kaitlyn80@example.org,BE,2019-11-01,Basic,7529.87
9977,Thomas Patterson,wardnicholas@example.com,GE,2020-08-25,Standard,8111.18
9978,Michael Jordan,mcguireaustin@example.net,UZ,2018-06-24,Basic,5069.81
9979,Linda Rowe,amanda29@example.org,IS,2024-10-14,Basic,397.48
9980,Stephen Vasquez,joannaschultz@example.org,BH,2018-06-05,Basic,24284.74
9981,Christian Kelly,nhernandez@example.com,AR,2018-08-16,Standard,7515.35
9982,Anna Adams,elizabethherrera@example.com,LU,2023-01-31,Standard,1688.84
9983,Stephanie Davis,weberjacob@example.org,SA,2021-06-30,Standard,3641.22
9984,Shawn Navarro,williambailey@example.com,MK,2023-08-24,Standard,6235.49
9985,Phillip Shaffer,peggybenson@example.org,KI,2021-08-23,Standard,6495.19
9986,Jacqueline Lowe,taylormark@example.com,VU,2018-08-04,Basic,23026.92
9987,Kristen Hunt,carriewoods@example.com,CA,2019-12-23,Basic,6214.61
9988,Kimberly Fisher,christopher28@example.net,SY,2022-06-29,Basic,12317.73
9989,Jacob Davis,denise39@example.com,LY,2019-08-12,Basic,17633.24
9990,Gregory Clark,gary46@example.org,BO,2018-09-08,Basic,10821.70
9991,Angela Compton,michael79@example.net,LC,2022-01-29,Standard,23652.23
9992,Christopher Dodson,kristinagarcia@example.org,KP,2020-07-09,Basic,4911.32
9993,Michael Martin,nicholaswilson@example.com,NG,2020-08-04,Basic,14364.21
9994,Donald Holt,onovak@example.com,NA,2024-08-03,Premium,6929.42
9995,Marc Lee,qmorton@example.org,QA,2020-05-18,Basic,19446.82
9996,Nicole Sandoval,taylor07@example.com,UG,2024-08-13,Premium,19779.61
9997,Brent Smith,davidoneal@example.net,MU,2021-11-21,Premium,12834.60
9998,John Thompson,thammond@example.net,PY,2024-04-04,Basic,5560.80
9999,Austin Stein,dbutler@example.org,PY,2023-02-14,Premium,6203.00
10000,Chad Harris,bdavis@example.org,ZW,2023-09-24,Premium,22298.42
441,Henry Mcconnell,tracy42@example.com,PY,2020-01-02,Premium,20122.28
7433,Mark Rojas,eramirez@example.com,IE,2020-03-21,Standard,5601.67
3235,Sarah Klein,wblack@example.org,GA,2020-10-10,Premium,1135.71
795,Charles Flores,lschmidt@example.com,TN,2019-10-19,Premium,7225.54
8257,Alexander Williams,xavier31@example.org,AR,2024-01-26,Standard,21273.63
3392,Craig Gordon,carolynedwards@example.com,EE,2020-11-27,Basic,7223.71
9855,Peter Gibson,sharonwilliams@example.org,GR,2022-03-08,Basic,22909.21
5139,Joshua Ellis,joy59@example.net,MX,2022-05-25,Basic,9886.37
8852,Natasha Ruiz,crystalbarajas@example.org,KE,2021-11-25,Standard,14200.42
4656,Corey Gonzalez,tracybridges@example.org,KM,2020-06-22,Premium,20764.68
